-- phpMyAdmin SQL Dump
-- version 5.2.1
-- https://www.phpmyadmin.net/
--
-- Servidor: 127.0.0.1
-- Tiempo de generación: 11-06-2026 a las 19:24:35
-- Versión del servidor: 10.4.28-MariaDB
-- Versión de PHP: 8.2.4

SET SQL_MODE = "NO_AUTO_VALUE_ON_ZERO";
START TRANSACTION;
SET time_zone = "+00:00";


/*!40101 SET @OLD_CHARACTER_SET_CLIENT=@@CHARACTER_SET_CLIENT */;
/*!40101 SET @OLD_CHARACTER_SET_RESULTS=@@CHARACTER_SET_RESULTS */;
/*!40101 SET @OLD_COLLATION_CONNECTION=@@COLLATION_CONNECTION */;
/*!40101 SET NAMES utf8mb4 */;

--
-- Base de datos: `bds`
--
CREATE DATABASE IF NOT EXISTS `bds` DEFAULT CHARACTER SET utf8 COLLATE utf8_spanish_ci;
USE `bds`;

-- --------------------------------------------------------

--
-- Estructura de tabla para la tabla `bitacora`
--

DROP TABLE IF EXISTS `bitacora`;
CREATE TABLE `bitacora` (
  `id_bitacora` int(255) NOT NULL,
  `id_modulo` int(255) DEFAULT NULL,
  `acciones` varchar(255) NOT NULL,
  `fecha` date NOT NULL,
  `hora` time NOT NULL,
  `idUsuario` int(255) DEFAULT NULL
) ENGINE=InnoDB DEFAULT CHARSET=utf8 COLLATE=utf8_spanish2_ci;

-- --------------------------------------------------------

--
-- Estructura de tabla para la tabla `modulo`
--

DROP TABLE IF EXISTS `modulo`;
CREATE TABLE `modulo` (
  `id_modulo` int(255) NOT NULL,
  `nombre_modulo` varchar(100) NOT NULL,
  `estatus` tinyint(1) NOT NULL DEFAULT 1
) ENGINE=InnoDB DEFAULT CHARSET=utf8 COLLATE=utf8_spanish2_ci;

--
-- Volcado de datos para la tabla `modulo`
--

INSERT INTO `modulo` (`id_modulo`, `nombre_modulo`, `estatus`) VALUES
(1, 'Usuarios', 1),
(2, 'Roles', 1),
(3, 'Bitacora', 1),
(4, 'Inicio de Sesion', 1),
(5, 'Cerrar Sesion', 1),
(8, 'Recuperación De Contraseña', 1),
(9, 'Representantes', 1),
(10, 'Posiciones', 1),
(11, 'Categorias', 1),
(12, 'Cuentas por Cobrar', 1),
(13, 'Pagos', 1),
(14, 'Metodos de Pago', 1),
(15, 'Equipamientos', 1),
(16, 'Catalogo', 1),
(17, 'Asignaciones', 1),
(18, 'Devoluciones', 1),
(19, 'Torneos', 1),
(20, 'Equipos', 1),
(21, 'Premios', 1),
(22, 'Palmares', 1),
(23, 'Estadisticas', 1),
(99, 'IA', 1),
(100, 'Atletas', 1),
(101, 'Conceptos de Cuentas', 1),
(102, 'Monedas', 1),
(103, 'Categoria de Equipamiento', 1),
(104, 'Calidad', 1),
(105, 'Participaciones', 1),
(106, 'Respaldo BD', 1),
(107, 'Reportes', 1),
(108, 'Historial Deportivo', 1);

-- --------------------------------------------------------

--
-- Estructura de tabla para la tabla `notificaciones`
--

DROP TABLE IF EXISTS `notificaciones`;
CREATE TABLE `notificaciones` (
  `id_notificacion` int(255) NOT NULL,
  `id_usuario` int(255) NOT NULL,
  `titulo` varchar(100) NOT NULL,
  `mensaje` text NOT NULL,
  `tipo` enum('cumpleaños','torneos','sistema','cuentas') NOT NULL,
  `creado_en` timestamp NOT NULL DEFAULT current_timestamp()
) ENGINE=InnoDB DEFAULT CHARSET=utf8 COLLATE=utf8_spanish2_ci;

-- --------------------------------------------------------

--
-- Estructura de tabla para la tabla `permisos_roles`
--

DROP TABLE IF EXISTS `permisos_roles`;
CREATE TABLE `permisos_roles` (
  `id_permiso_rol` int(255) NOT NULL,
  `id_rol` int(255) NOT NULL,
  `id_modulo` int(255) NOT NULL,
  `ingresar` tinyint(1) DEFAULT 0,
  `registrar` tinyint(1) NOT NULL DEFAULT 0,
  `eliminar` tinyint(1) NOT NULL DEFAULT 0,
  `modificar` tinyint(1) NOT NULL DEFAULT 0,
  `reporte` tinyint(1) NOT NULL DEFAULT 0,
  `otros` tinyint(1) NOT NULL DEFAULT 0
) ENGINE=InnoDB DEFAULT CHARSET=utf8 COLLATE=utf8_spanish2_ci;

--
-- Volcado de datos para la tabla `permisos_roles`
--

INSERT INTO `permisos_roles` (`id_permiso_rol`, `id_rol`, `id_modulo`, `ingresar`, `registrar`, `eliminar`, `modificar`, `reporte`, `otros`) VALUES
(139, 9, 9, 1, 0, 0, 0, 0, 0),
(140, 9, 10, 1, 0, 0, 0, 0, 0),
(141, 9, 11, 1, 0, 0, 0, 0, 0),
(142, 9, 12, 1, 0, 0, 0, 0, 0);

-- --------------------------------------------------------

--
-- Estructura de tabla para la tabla `permisos_usuarios`
--

DROP TABLE IF EXISTS `permisos_usuarios`;
CREATE TABLE `permisos_usuarios` (
  `id_permiso_usuario` int(100) NOT NULL,
  `idUsuario` int(100) NOT NULL,
  `id_modulo` int(100) NOT NULL,
  `ingresar` tinyint(1) NOT NULL DEFAULT 0,
  `registrar` tinyint(1) NOT NULL DEFAULT 0,
  `eliminar` tinyint(1) NOT NULL DEFAULT 0,
  `modificar` tinyint(1) NOT NULL DEFAULT 0,
  `reporte` tinyint(1) NOT NULL DEFAULT 0,
  `otros` tinyint(1) NOT NULL DEFAULT 0
) ENGINE=InnoDB DEFAULT CHARSET=utf8 COLLATE=utf8_spanish2_ci;

--
-- Volcado de datos para la tabla `permisos_usuarios`
--

INSERT INTO `permisos_usuarios` (`id_permiso_usuario`, `idUsuario`, `id_modulo`, `ingresar`, `registrar`, `eliminar`, `modificar`, `reporte`, `otros`) VALUES
(54, 25, 9, 1, 1, 1, 1, 0, 0),
(55, 25, 10, 1, 0, 1, 1, 0, 0),
(56, 25, 11, 1, 0, 0, 0, 0, 0),
(57, 25, 12, 1, 0, 0, 0, 0, 0),
(58, 26, 9, 1, 0, 0, 0, 0, 0),
(59, 26, 10, 1, 0, 0, 0, 0, 0),
(60, 26, 11, 1, 0, 0, 0, 0, 0),
(61, 26, 12, 1, 0, 0, 0, 0, 0),
(65, 27, 9, 1, 0, 0, 0, 0, 0),
(66, 27, 10, 1, 0, 0, 0, 0, 0),
(67, 27, 11, 1, 0, 0, 0, 0, 0),
(68, 27, 12, 1, 0, 0, 0, 0, 0),
(72, 28, 9, 1, 0, 0, 0, 0, 0),
(73, 28, 10, 1, 0, 0, 0, 0, 0),
(74, 28, 11, 1, 0, 0, 0, 0, 0),
(75, 28, 12, 1, 0, 0, 0, 0, 0),
(79, 29, 9, 1, 0, 0, 0, 0, 0),
(80, 29, 10, 1, 0, 0, 0, 0, 0),
(81, 29, 11, 1, 0, 0, 0, 0, 0),
(82, 29, 12, 1, 0, 0, 0, 0, 0),
(86, 30, 9, 1, 0, 0, 0, 0, 0),
(87, 30, 10, 1, 0, 0, 0, 0, 0),
(88, 30, 11, 1, 0, 0, 0, 0, 0),
(89, 30, 12, 1, 0, 0, 0, 0, 0),
(93, 31, 9, 1, 0, 0, 0, 0, 0),
(94, 31, 10, 1, 0, 0, 0, 0, 0),
(95, 31, 11, 1, 0, 0, 0, 0, 0),
(96, 31, 12, 1, 0, 0, 0, 0, 0),
(100, 32, 9, 1, 0, 0, 0, 0, 0),
(101, 32, 10, 1, 0, 0, 0, 0, 0),
(102, 32, 11, 1, 0, 0, 0, 0, 0),
(103, 32, 12, 1, 0, 0, 0, 0, 0),
(107, 33, 9, 1, 0, 0, 0, 0, 0),
(108, 33, 10, 1, 0, 0, 0, 0, 0),
(109, 33, 11, 1, 0, 0, 0, 0, 0),
(110, 33, 12, 1, 0, 0, 0, 0, 0),
(114, 34, 9, 1, 0, 0, 0, 0, 0),
(115, 34, 10, 1, 0, 0, 0, 0, 0),
(116, 34, 11, 1, 0, 0, 0, 0, 0),
(117, 34, 12, 1, 0, 0, 0, 0, 0),
(121, 35, 9, 1, 0, 0, 0, 0, 0),
(122, 35, 10, 1, 0, 0, 0, 0, 0),
(123, 35, 11, 1, 0, 0, 0, 0, 0),
(124, 35, 12, 1, 0, 0, 0, 0, 0),
(128, 36, 9, 1, 0, 0, 0, 0, 0),
(129, 36, 10, 1, 0, 0, 0, 0, 0),
(130, 36, 11, 1, 0, 0, 0, 0, 0),
(131, 36, 12, 1, 0, 0, 0, 0, 0),
(135, 37, 9, 1, 0, 0, 0, 0, 0),
(136, 37, 10, 1, 0, 0, 0, 0, 0),
(137, 37, 11, 1, 0, 0, 0, 0, 0),
(138, 37, 12, 1, 0, 0, 0, 0, 0),
(142, 38, 9, 1, 0, 0, 0, 0, 0),
(143, 38, 10, 1, 0, 0, 0, 0, 0),
(144, 38, 11, 1, 0, 0, 0, 0, 0),
(145, 38, 12, 1, 0, 0, 0, 0, 0),
(149, 39, 9, 1, 0, 0, 0, 0, 0),
(150, 39, 10, 1, 0, 0, 0, 0, 0),
(151, 39, 11, 1, 0, 0, 0, 0, 0),
(152, 39, 12, 1, 0, 0, 0, 0, 0),
(156, 40, 9, 1, 0, 0, 0, 0, 0),
(157, 40, 10, 1, 0, 0, 0, 0, 0),
(158, 40, 11, 1, 0, 0, 0, 0, 0),
(159, 40, 12, 1, 0, 0, 0, 0, 0),
(163, 41, 9, 1, 0, 0, 0, 0, 0),
(164, 41, 10, 1, 0, 0, 0, 0, 0),
(165, 41, 11, 1, 0, 0, 0, 0, 0),
(166, 41, 12, 1, 0, 0, 0, 0, 0),
(170, 42, 9, 1, 0, 0, 0, 0, 0),
(171, 42, 10, 1, 0, 0, 0, 0, 0),
(172, 42, 11, 1, 0, 0, 0, 0, 0),
(173, 42, 12, 1, 0, 0, 0, 0, 0),
(177, 43, 9, 1, 0, 0, 0, 0, 0),
(178, 43, 10, 1, 0, 0, 0, 0, 0),
(179, 43, 11, 1, 0, 0, 0, 0, 0),
(180, 43, 12, 1, 0, 0, 0, 0, 0),
(184, 44, 9, 1, 0, 0, 0, 0, 0),
(185, 44, 10, 1, 0, 0, 0, 0, 0),
(186, 44, 11, 1, 0, 0, 0, 0, 0),
(187, 44, 12, 1, 0, 0, 0, 0, 0),
(191, 45, 9, 1, 0, 0, 0, 0, 0),
(192, 45, 10, 1, 0, 0, 0, 0, 0),
(193, 45, 11, 1, 0, 0, 0, 0, 0),
(194, 45, 12, 1, 0, 0, 0, 0, 0),
(198, 46, 9, 1, 0, 0, 0, 0, 0),
(199, 46, 10, 1, 0, 0, 0, 0, 0),
(200, 46, 11, 1, 0, 0, 0, 0, 0),
(201, 46, 12, 1, 0, 0, 0, 0, 0),
(205, 47, 9, 1, 0, 0, 0, 0, 0),
(206, 47, 10, 1, 0, 0, 0, 0, 0),
(207, 47, 11, 1, 0, 0, 0, 0, 0),
(208, 47, 12, 1, 0, 0, 0, 0, 0),
(212, 48, 9, 1, 0, 0, 0, 0, 0),
(213, 48, 10, 1, 0, 0, 0, 0, 0),
(214, 48, 11, 1, 0, 0, 0, 0, 0),
(215, 48, 12, 1, 0, 0, 0, 0, 0),
(219, 49, 9, 1, 0, 0, 0, 0, 0),
(220, 49, 10, 1, 0, 0, 0, 0, 0),
(221, 49, 11, 1, 0, 0, 0, 0, 0),
(222, 49, 12, 1, 0, 0, 0, 0, 0),
(226, 50, 9, 1, 0, 0, 0, 0, 0),
(227, 50, 10, 1, 0, 0, 0, 0, 0),
(228, 50, 11, 1, 0, 0, 0, 0, 0),
(229, 50, 12, 1, 0, 0, 0, 0, 0),
(233, 52, 9, 1, 0, 0, 0, 0, 0),
(234, 52, 10, 1, 0, 0, 0, 0, 0),
(235, 52, 11, 1, 0, 0, 0, 0, 0),
(236, 52, 12, 1, 0, 0, 0, 0, 0),
(240, 53, 9, 1, 0, 0, 0, 0, 0),
(241, 53, 10, 1, 0, 0, 0, 0, 0),
(242, 53, 11, 1, 0, 0, 0, 0, 0),
(243, 53, 12, 1, 0, 0, 0, 0, 0),
(247, 54, 9, 1, 0, 0, 0, 0, 0),
(248, 54, 10, 1, 0, 0, 0, 0, 0),
(249, 54, 11, 1, 0, 0, 0, 0, 0),
(250, 54, 12, 1, 0, 0, 0, 0, 0),
(254, 55, 9, 1, 0, 0, 0, 0, 0),
(255, 55, 10, 1, 0, 0, 0, 0, 0),
(256, 55, 11, 1, 0, 0, 0, 0, 0),
(257, 55, 12, 1, 0, 0, 0, 0, 0),
(261, 56, 9, 1, 0, 0, 0, 0, 0),
(262, 56, 10, 1, 0, 0, 0, 0, 0),
(263, 56, 11, 1, 0, 0, 0, 0, 0),
(264, 56, 12, 1, 0, 0, 0, 0, 0),
(268, 57, 9, 1, 0, 0, 0, 0, 0),
(269, 57, 10, 1, 0, 0, 0, 0, 0),
(270, 57, 11, 1, 0, 0, 0, 0, 0),
(271, 57, 12, 1, 0, 0, 0, 0, 0),
(275, 58, 9, 1, 0, 0, 0, 0, 0),
(276, 58, 10, 1, 0, 0, 0, 0, 0),
(277, 58, 11, 1, 0, 0, 0, 0, 0),
(278, 58, 12, 1, 0, 0, 0, 0, 0),
(282, 59, 9, 1, 0, 0, 0, 0, 0),
(283, 59, 10, 1, 0, 0, 0, 0, 0),
(284, 59, 11, 1, 0, 0, 0, 0, 0),
(285, 59, 12, 1, 0, 0, 0, 0, 0),
(289, 60, 9, 1, 0, 0, 0, 0, 0),
(290, 60, 10, 1, 0, 0, 0, 0, 0),
(291, 60, 11, 1, 0, 0, 0, 0, 0),
(292, 60, 12, 1, 0, 0, 0, 0, 0),
(296, 61, 9, 1, 0, 0, 0, 0, 0),
(297, 61, 10, 1, 0, 0, 0, 0, 0),
(298, 61, 11, 1, 0, 0, 0, 0, 0),
(299, 61, 12, 1, 0, 0, 0, 0, 0),
(303, 62, 9, 1, 0, 0, 0, 0, 0),
(304, 62, 10, 1, 0, 0, 0, 0, 0),
(305, 62, 11, 1, 0, 0, 0, 0, 0),
(306, 62, 12, 1, 0, 0, 0, 0, 0),
(310, 63, 9, 1, 0, 0, 0, 0, 0),
(311, 63, 10, 1, 0, 0, 0, 0, 0),
(312, 63, 11, 1, 0, 0, 0, 0, 0),
(313, 63, 12, 1, 0, 0, 0, 0, 0),
(317, 64, 9, 1, 0, 0, 0, 0, 0),
(318, 64, 10, 1, 0, 0, 0, 0, 0),
(319, 64, 11, 1, 0, 0, 0, 0, 0),
(320, 64, 12, 1, 0, 0, 0, 0, 0),
(324, 65, 9, 1, 0, 0, 0, 0, 0),
(325, 65, 10, 1, 0, 0, 0, 0, 0),
(326, 65, 11, 1, 0, 0, 0, 0, 0),
(327, 65, 12, 1, 0, 0, 0, 0, 0),
(331, 66, 9, 1, 0, 0, 0, 0, 0),
(332, 66, 10, 1, 0, 0, 0, 0, 0),
(333, 66, 11, 1, 0, 0, 0, 0, 0),
(334, 66, 12, 1, 0, 0, 0, 0, 0),
(338, 67, 9, 1, 0, 0, 0, 0, 0),
(339, 67, 10, 1, 0, 0, 0, 0, 0),
(340, 67, 11, 1, 0, 0, 0, 0, 0),
(341, 67, 12, 1, 0, 0, 0, 0, 0),
(345, 68, 9, 1, 0, 0, 0, 0, 0),
(346, 68, 10, 1, 0, 0, 0, 0, 0),
(347, 68, 11, 1, 0, 0, 0, 0, 0),
(348, 68, 12, 1, 0, 0, 0, 0, 0),
(352, 69, 9, 1, 0, 0, 0, 0, 0),
(353, 69, 10, 1, 0, 0, 0, 0, 0),
(354, 69, 11, 1, 0, 0, 0, 0, 0),
(355, 69, 12, 1, 0, 0, 0, 0, 0),
(359, 70, 9, 1, 0, 0, 0, 0, 0),
(360, 70, 10, 1, 0, 0, 0, 0, 0),
(361, 70, 11, 1, 0, 0, 0, 0, 0),
(362, 70, 12, 1, 0, 0, 0, 0, 0),
(366, 71, 9, 1, 0, 0, 0, 0, 0),
(367, 71, 10, 1, 0, 0, 0, 0, 0),
(368, 71, 11, 1, 0, 0, 0, 0, 0),
(369, 71, 12, 1, 0, 0, 0, 0, 0),
(373, 72, 9, 1, 0, 0, 0, 0, 0),
(374, 72, 10, 1, 0, 0, 0, 0, 0),
(375, 72, 11, 1, 0, 0, 0, 0, 0),
(376, 72, 12, 1, 0, 0, 0, 0, 0),
(380, 73, 9, 1, 0, 0, 0, 0, 0),
(381, 73, 10, 1, 0, 0, 0, 0, 0),
(382, 73, 11, 1, 0, 0, 0, 0, 0),
(383, 73, 12, 1, 0, 0, 0, 0, 0),
(387, 74, 9, 1, 0, 0, 0, 0, 0),
(388, 74, 10, 1, 0, 0, 0, 0, 0),
(389, 74, 11, 1, 0, 0, 0, 0, 0),
(390, 74, 12, 1, 0, 0, 0, 0, 0),
(394, 75, 9, 1, 0, 0, 0, 0, 0),
(395, 75, 10, 1, 0, 0, 0, 0, 0),
(396, 75, 11, 1, 0, 0, 0, 0, 0),
(397, 75, 12, 1, 0, 0, 0, 0, 0),
(401, 76, 9, 1, 0, 0, 0, 0, 0),
(402, 76, 10, 1, 0, 0, 0, 0, 0),
(403, 76, 11, 1, 0, 0, 0, 0, 0),
(404, 76, 12, 1, 0, 0, 0, 0, 0),
(408, 77, 9, 1, 0, 0, 0, 0, 0),
(409, 77, 10, 1, 0, 0, 0, 0, 0),
(410, 77, 11, 1, 0, 0, 0, 0, 0),
(411, 77, 12, 1, 0, 0, 0, 0, 0),
(415, 78, 9, 1, 0, 0, 0, 0, 0),
(416, 78, 10, 1, 0, 0, 0, 0, 0),
(417, 78, 11, 1, 0, 0, 0, 0, 0),
(418, 78, 12, 1, 0, 0, 0, 0, 0),
(422, 79, 9, 1, 0, 0, 0, 0, 0),
(423, 79, 10, 1, 0, 0, 0, 0, 0),
(424, 79, 11, 1, 0, 0, 0, 0, 0),
(425, 79, 12, 1, 0, 0, 0, 0, 0),
(429, 80, 9, 1, 0, 0, 0, 0, 0),
(430, 80, 10, 1, 0, 0, 0, 0, 0),
(431, 80, 11, 1, 0, 0, 0, 0, 0),
(432, 80, 12, 1, 0, 0, 0, 0, 0),
(436, 81, 9, 1, 0, 0, 0, 0, 0),
(437, 81, 10, 1, 0, 0, 0, 0, 0),
(438, 81, 11, 1, 0, 0, 0, 0, 0),
(439, 81, 12, 1, 0, 0, 0, 0, 0),
(443, 82, 9, 1, 0, 0, 0, 0, 0),
(444, 82, 10, 1, 0, 0, 0, 0, 0),
(445, 82, 11, 1, 0, 0, 0, 0, 0),
(446, 82, 12, 1, 0, 0, 0, 0, 0),
(450, 83, 9, 1, 0, 0, 0, 0, 0),
(451, 83, 10, 1, 0, 0, 0, 0, 0),
(452, 83, 11, 1, 0, 0, 0, 0, 0),
(453, 83, 12, 1, 0, 0, 0, 0, 0),
(457, 84, 9, 1, 0, 0, 0, 0, 0),
(458, 84, 10, 1, 0, 0, 0, 0, 0),
(459, 84, 11, 1, 0, 0, 0, 0, 0),
(460, 84, 12, 1, 0, 0, 0, 0, 0),
(464, 85, 9, 1, 0, 0, 0, 0, 0),
(465, 85, 10, 1, 0, 0, 0, 0, 0),
(466, 85, 11, 1, 0, 0, 0, 0, 0),
(467, 85, 12, 1, 0, 0, 0, 0, 0),
(471, 86, 9, 1, 0, 0, 0, 0, 0),
(472, 86, 10, 1, 0, 0, 0, 0, 0),
(473, 86, 11, 1, 0, 0, 0, 0, 0),
(474, 86, 12, 1, 0, 0, 0, 0, 0),
(478, 87, 9, 1, 0, 0, 0, 0, 0),
(479, 87, 10, 1, 0, 0, 0, 0, 0),
(480, 87, 11, 1, 0, 0, 0, 0, 0),
(481, 87, 12, 1, 0, 0, 0, 0, 0),
(485, 88, 9, 1, 0, 0, 0, 0, 0),
(486, 88, 10, 1, 0, 0, 0, 0, 0),
(487, 88, 11, 1, 0, 0, 0, 0, 0),
(488, 88, 12, 1, 0, 0, 0, 0, 0),
(492, 89, 9, 1, 0, 0, 0, 0, 0),
(493, 89, 10, 1, 0, 0, 0, 0, 0),
(494, 89, 11, 1, 0, 0, 0, 0, 0),
(495, 89, 12, 1, 0, 0, 0, 0, 0),
(499, 90, 9, 1, 0, 0, 0, 0, 0),
(500, 90, 10, 1, 0, 0, 0, 0, 0),
(501, 90, 11, 1, 0, 0, 0, 0, 0),
(502, 90, 12, 1, 0, 0, 0, 0, 0),
(506, 91, 9, 1, 0, 0, 0, 0, 0),
(507, 91, 10, 1, 0, 0, 0, 0, 0),
(508, 91, 11, 1, 0, 0, 0, 0, 0),
(509, 91, 12, 1, 0, 0, 0, 0, 0),
(513, 92, 9, 1, 0, 0, 0, 0, 0),
(514, 92, 10, 1, 0, 0, 0, 0, 0),
(515, 92, 11, 1, 0, 0, 0, 0, 0),
(516, 92, 12, 1, 0, 0, 0, 0, 0),
(520, 93, 9, 1, 0, 0, 0, 0, 0),
(521, 93, 10, 1, 0, 0, 0, 0, 0),
(522, 93, 11, 1, 0, 0, 0, 0, 0),
(523, 93, 12, 1, 0, 0, 0, 0, 0),
(527, 94, 9, 1, 0, 0, 0, 0, 0),
(528, 94, 10, 1, 0, 0, 0, 0, 0),
(529, 94, 11, 1, 0, 0, 0, 0, 0),
(530, 94, 12, 1, 0, 0, 0, 0, 0),
(534, 95, 9, 1, 0, 0, 0, 0, 0),
(535, 95, 10, 1, 0, 0, 0, 0, 0),
(536, 95, 11, 1, 0, 0, 0, 0, 0),
(537, 95, 12, 1, 0, 0, 0, 0, 0),
(541, 96, 9, 1, 0, 0, 0, 0, 0),
(542, 96, 10, 1, 0, 0, 0, 0, 0),
(543, 96, 11, 1, 0, 0, 0, 0, 0),
(544, 96, 12, 1, 0, 0, 0, 0, 0),
(548, 97, 9, 1, 0, 0, 0, 0, 0),
(549, 97, 10, 1, 0, 0, 0, 0, 0),
(550, 97, 11, 1, 0, 0, 0, 0, 0),
(551, 97, 12, 1, 0, 0, 0, 0, 0),
(555, 98, 9, 1, 0, 0, 0, 0, 0),
(556, 98, 10, 1, 0, 0, 0, 0, 0),
(557, 98, 11, 1, 0, 0, 0, 0, 0),
(558, 98, 12, 1, 0, 0, 0, 0, 0),
(562, 99, 9, 1, 0, 0, 0, 0, 0),
(563, 99, 10, 1, 0, 0, 0, 0, 0),
(564, 99, 11, 1, 0, 0, 0, 0, 0),
(565, 99, 12, 1, 0, 0, 0, 0, 0),
(569, 100, 9, 1, 0, 0, 0, 0, 0),
(570, 100, 10, 1, 0, 0, 0, 0, 0),
(571, 100, 11, 1, 0, 0, 0, 0, 0),
(572, 100, 12, 1, 0, 0, 0, 0, 0),
(576, 101, 9, 1, 0, 0, 0, 0, 0),
(577, 101, 10, 1, 0, 0, 0, 0, 0),
(578, 101, 11, 1, 0, 0, 0, 0, 0),
(579, 101, 12, 1, 0, 0, 0, 0, 0),
(583, 102, 9, 1, 0, 0, 0, 0, 0),
(584, 102, 10, 1, 0, 0, 0, 0, 0),
(585, 102, 11, 1, 0, 0, 0, 0, 0),
(586, 102, 12, 1, 0, 0, 0, 0, 0),
(590, 103, 9, 1, 0, 0, 0, 0, 0),
(591, 103, 10, 1, 0, 0, 0, 0, 0),
(592, 103, 11, 1, 0, 0, 0, 0, 0),
(593, 103, 12, 1, 0, 0, 0, 0, 0),
(597, 104, 9, 1, 0, 0, 0, 0, 0),
(598, 104, 10, 1, 0, 0, 0, 0, 0),
(599, 104, 11, 1, 0, 0, 0, 0, 0),
(600, 104, 12, 1, 0, 0, 0, 0, 0),
(604, 105, 9, 1, 0, 0, 0, 0, 0),
(605, 105, 10, 1, 0, 0, 0, 0, 0),
(606, 105, 11, 1, 0, 0, 0, 0, 0),
(607, 105, 12, 1, 0, 0, 0, 0, 0),
(611, 106, 9, 1, 0, 0, 0, 0, 0),
(612, 106, 10, 1, 0, 0, 0, 0, 0),
(613, 106, 11, 1, 0, 0, 0, 0, 0),
(614, 106, 12, 1, 0, 0, 0, 0, 0),
(618, 107, 9, 1, 0, 0, 0, 0, 0),
(619, 107, 10, 1, 0, 0, 0, 0, 0),
(620, 107, 11, 1, 0, 0, 0, 0, 0),
(621, 107, 12, 1, 0, 0, 0, 0, 0),
(625, 108, 9, 1, 0, 0, 0, 0, 0),
(626, 108, 10, 1, 0, 0, 0, 0, 0),
(627, 108, 11, 1, 0, 0, 0, 0, 0),
(628, 108, 12, 1, 0, 0, 0, 0, 0),
(632, 109, 9, 1, 0, 0, 0, 0, 0),
(633, 109, 10, 1, 0, 0, 0, 0, 0),
(634, 109, 11, 1, 0, 0, 0, 0, 0),
(635, 109, 12, 1, 0, 0, 0, 0, 0),
(639, 110, 9, 1, 0, 0, 0, 0, 0),
(640, 110, 10, 1, 0, 0, 0, 0, 0),
(641, 110, 11, 1, 0, 0, 0, 0, 0),
(642, 110, 12, 1, 0, 0, 0, 0, 0),
(646, 111, 9, 1, 0, 0, 0, 0, 0),
(647, 111, 10, 1, 0, 0, 0, 0, 0),
(648, 111, 11, 1, 0, 0, 0, 0, 0),
(649, 111, 12, 1, 0, 0, 0, 0, 0),
(653, 112, 9, 1, 0, 0, 0, 0, 0),
(654, 112, 10, 1, 0, 0, 0, 0, 0),
(655, 112, 11, 1, 0, 0, 0, 0, 0),
(656, 112, 12, 1, 0, 0, 0, 0, 0),
(660, 113, 9, 1, 0, 0, 0, 0, 0),
(661, 113, 10, 1, 0, 0, 0, 0, 0),
(662, 113, 11, 1, 0, 0, 0, 0, 0),
(663, 113, 12, 1, 0, 0, 0, 0, 0),
(667, 114, 9, 1, 0, 0, 0, 0, 0),
(668, 114, 10, 1, 0, 0, 0, 0, 0),
(669, 114, 11, 1, 0, 0, 0, 0, 0),
(670, 114, 12, 1, 0, 0, 0, 0, 0),
(674, 115, 9, 1, 0, 0, 0, 0, 0),
(675, 115, 10, 1, 0, 0, 0, 0, 0),
(676, 115, 11, 1, 0, 0, 0, 0, 0),
(677, 115, 12, 1, 0, 0, 0, 0, 0),
(681, 116, 9, 1, 0, 0, 0, 0, 0),
(682, 116, 10, 1, 0, 0, 0, 0, 0),
(683, 116, 11, 1, 0, 0, 0, 0, 0),
(684, 116, 12, 1, 0, 0, 0, 0, 0),
(688, 117, 9, 1, 0, 0, 0, 0, 0),
(689, 117, 10, 1, 0, 0, 0, 0, 0),
(690, 117, 11, 1, 0, 0, 0, 0, 0),
(691, 117, 12, 1, 0, 0, 0, 0, 0),
(695, 118, 9, 1, 0, 0, 0, 0, 0),
(696, 118, 10, 1, 0, 0, 0, 0, 0),
(697, 118, 11, 1, 0, 0, 0, 0, 0),
(698, 118, 12, 1, 0, 0, 0, 0, 0),
(702, 119, 9, 1, 0, 0, 0, 0, 0),
(703, 119, 10, 1, 0, 0, 0, 0, 0),
(704, 119, 11, 1, 0, 0, 0, 0, 0),
(705, 119, 12, 1, 0, 0, 0, 0, 0),
(709, 120, 9, 1, 0, 0, 0, 0, 0),
(710, 120, 10, 1, 0, 0, 0, 0, 0),
(711, 120, 11, 1, 0, 0, 0, 0, 0),
(712, 120, 12, 1, 0, 0, 0, 0, 0),
(716, 121, 9, 1, 0, 0, 0, 0, 0),
(717, 121, 10, 1, 0, 0, 0, 0, 0),
(718, 121, 11, 1, 0, 0, 0, 0, 0),
(719, 121, 12, 1, 0, 0, 0, 0, 0),
(723, 122, 9, 1, 0, 0, 0, 0, 0),
(724, 122, 10, 1, 0, 0, 0, 0, 0),
(725, 122, 11, 1, 0, 0, 0, 0, 0),
(726, 122, 12, 1, 0, 0, 0, 0, 0),
(730, 123, 9, 1, 0, 0, 0, 0, 0),
(731, 123, 10, 1, 0, 0, 0, 0, 0),
(732, 123, 11, 1, 0, 0, 0, 0, 0),
(733, 123, 12, 1, 0, 0, 0, 0, 0),
(737, 124, 9, 1, 0, 0, 0, 0, 0),
(738, 124, 10, 1, 0, 0, 0, 0, 0),
(739, 124, 11, 1, 0, 0, 0, 0, 0),
(740, 124, 12, 1, 0, 0, 0, 0, 0),
(744, 125, 9, 1, 0, 0, 0, 0, 0),
(745, 125, 10, 1, 0, 0, 0, 0, 0),
(746, 125, 11, 1, 0, 0, 0, 0, 0),
(747, 125, 12, 1, 0, 0, 0, 0, 0),
(751, 126, 9, 1, 0, 0, 0, 0, 0),
(752, 126, 10, 1, 0, 0, 0, 0, 0),
(753, 126, 11, 1, 0, 0, 0, 0, 0),
(754, 126, 12, 1, 0, 0, 0, 0, 0),
(758, 127, 9, 1, 0, 0, 0, 0, 0),
(759, 127, 10, 1, 0, 0, 0, 0, 0),
(760, 127, 11, 1, 0, 0, 0, 0, 0),
(761, 127, 12, 1, 0, 0, 0, 0, 0),
(765, 128, 9, 1, 0, 0, 0, 0, 0),
(766, 128, 10, 1, 0, 0, 0, 0, 0),
(767, 128, 11, 1, 0, 0, 0, 0, 0),
(768, 128, 12, 1, 0, 0, 0, 0, 0),
(772, 129, 9, 1, 0, 0, 0, 0, 0),
(773, 129, 10, 1, 0, 0, 0, 0, 0),
(774, 129, 11, 1, 0, 0, 0, 0, 0),
(775, 129, 12, 1, 0, 0, 0, 0, 0),
(779, 130, 9, 1, 0, 0, 0, 0, 0),
(780, 130, 10, 1, 0, 0, 0, 0, 0),
(781, 130, 11, 1, 0, 0, 0, 0, 0),
(782, 130, 12, 1, 0, 0, 0, 0, 0),
(786, 131, 9, 1, 0, 0, 0, 0, 0),
(787, 131, 10, 1, 0, 0, 0, 0, 0),
(788, 131, 11, 1, 0, 0, 0, 0, 0),
(789, 131, 12, 1, 0, 0, 0, 0, 0),
(793, 132, 9, 1, 0, 0, 0, 0, 0),
(794, 132, 10, 1, 0, 0, 0, 0, 0),
(795, 132, 11, 1, 0, 0, 0, 0, 0),
(796, 132, 12, 1, 0, 0, 0, 0, 0),
(800, 133, 9, 1, 0, 0, 0, 0, 0),
(801, 133, 10, 1, 0, 0, 0, 0, 0),
(802, 133, 11, 1, 0, 0, 0, 0, 0),
(803, 133, 12, 1, 0, 0, 0, 0, 0),
(807, 134, 9, 1, 0, 0, 0, 0, 0),
(808, 134, 10, 1, 0, 0, 0, 0, 0),
(809, 134, 11, 1, 0, 0, 0, 0, 0),
(810, 134, 12, 1, 0, 0, 0, 0, 0),
(814, 135, 9, 1, 0, 0, 0, 0, 0),
(815, 135, 10, 1, 0, 0, 0, 0, 0),
(816, 135, 11, 1, 0, 0, 0, 0, 0),
(817, 135, 12, 1, 0, 0, 0, 0, 0),
(821, 136, 9, 1, 0, 0, 0, 0, 0),
(822, 136, 10, 1, 0, 0, 0, 0, 0),
(823, 136, 11, 1, 0, 0, 0, 0, 0),
(824, 136, 12, 1, 0, 0, 0, 0, 0),
(828, 137, 9, 1, 0, 0, 0, 0, 0),
(829, 137, 10, 1, 0, 0, 0, 0, 0),
(830, 137, 11, 1, 0, 0, 0, 0, 0),
(831, 137, 12, 1, 0, 0, 0, 0, 0),
(835, 138, 9, 1, 0, 0, 0, 0, 0),
(836, 138, 10, 1, 0, 0, 0, 0, 0),
(837, 138, 11, 1, 0, 0, 0, 0, 0),
(838, 138, 12, 1, 0, 0, 0, 0, 0),
(842, 139, 9, 1, 0, 0, 0, 0, 0),
(843, 139, 10, 1, 0, 0, 0, 0, 0),
(844, 139, 11, 1, 0, 0, 0, 0, 0),
(845, 139, 12, 1, 0, 0, 0, 0, 0),
(849, 140, 9, 1, 0, 0, 0, 0, 0),
(850, 140, 10, 1, 0, 0, 0, 0, 0),
(851, 140, 11, 1, 0, 0, 0, 0, 0),
(852, 140, 12, 1, 0, 0, 0, 0, 0),
(856, 141, 9, 1, 0, 0, 0, 0, 0),
(857, 141, 10, 1, 0, 0, 0, 0, 0),
(858, 141, 11, 1, 0, 0, 0, 0, 0),
(859, 141, 12, 1, 0, 0, 0, 0, 0),
(863, 142, 9, 1, 0, 0, 0, 0, 0),
(864, 142, 10, 1, 0, 0, 0, 0, 0),
(865, 142, 11, 1, 0, 0, 0, 0, 0),
(866, 142, 12, 1, 0, 0, 0, 0, 0),
(870, 143, 9, 1, 0, 0, 0, 0, 0),
(871, 143, 10, 1, 0, 0, 0, 0, 0),
(872, 143, 11, 1, 0, 0, 0, 0, 0),
(873, 143, 12, 1, 0, 0, 0, 0, 0),
(877, 147, 9, 1, 0, 0, 0, 0, 0),
(878, 147, 10, 1, 0, 0, 0, 0, 0),
(879, 147, 11, 1, 0, 0, 0, 0, 0),
(880, 147, 12, 1, 0, 0, 0, 0, 0),
(884, 148, 9, 1, 0, 0, 0, 0, 0),
(885, 148, 10, 1, 0, 0, 0, 0, 0),
(886, 148, 11, 1, 0, 0, 0, 0, 0),
(887, 148, 12, 1, 0, 0, 0, 0, 0),
(891, 149, 9, 1, 0, 0, 0, 0, 0),
(892, 149, 10, 1, 0, 0, 0, 0, 0),
(893, 149, 11, 1, 0, 0, 0, 0, 0),
(894, 149, 12, 1, 0, 0, 0, 0, 0),
(898, 150, 9, 1, 0, 0, 0, 0, 0),
(899, 150, 10, 1, 0, 0, 0, 0, 0),
(900, 150, 11, 1, 0, 0, 0, 0, 0),
(901, 150, 12, 1, 0, 0, 0, 0, 0),
(905, 151, 9, 1, 0, 0, 0, 0, 0),
(906, 151, 10, 1, 0, 0, 0, 0, 0),
(907, 151, 11, 1, 0, 0, 0, 0, 0),
(908, 151, 12, 1, 0, 0, 0, 0, 0),
(912, 152, 9, 1, 0, 0, 0, 0, 0),
(913, 152, 10, 1, 0, 0, 0, 0, 0),
(914, 152, 11, 1, 0, 0, 0, 0, 0),
(915, 152, 12, 1, 0, 0, 0, 0, 0),
(919, 153, 9, 1, 0, 0, 0, 0, 0),
(920, 153, 10, 1, 0, 0, 0, 0, 0),
(921, 153, 11, 1, 0, 0, 0, 0, 0),
(922, 153, 12, 1, 0, 0, 0, 0, 0),
(926, 154, 9, 1, 0, 0, 0, 0, 0),
(927, 154, 10, 1, 0, 0, 0, 0, 0),
(928, 154, 11, 1, 0, 0, 0, 0, 0),
(929, 154, 12, 1, 0, 0, 0, 0, 0),
(933, 155, 9, 1, 0, 0, 0, 0, 0),
(934, 155, 10, 1, 0, 0, 0, 0, 0),
(935, 155, 11, 1, 0, 0, 0, 0, 0),
(936, 155, 12, 1, 0, 0, 0, 0, 0),
(940, 156, 9, 1, 0, 0, 0, 0, 0),
(941, 156, 10, 1, 0, 0, 0, 0, 0),
(942, 156, 11, 1, 0, 0, 0, 0, 0),
(943, 156, 12, 1, 0, 0, 0, 0, 0),
(947, 157, 9, 1, 0, 0, 0, 0, 0),
(948, 157, 10, 1, 0, 0, 0, 0, 0),
(949, 157, 11, 1, 0, 0, 0, 0, 0),
(950, 157, 12, 1, 0, 0, 0, 0, 0),
(954, 158, 9, 1, 0, 0, 0, 0, 0),
(955, 158, 10, 1, 0, 0, 0, 0, 0),
(956, 158, 11, 1, 0, 0, 0, 0, 0),
(957, 158, 12, 1, 0, 0, 0, 0, 0),
(961, 159, 9, 1, 0, 0, 0, 0, 0),
(962, 159, 10, 1, 0, 0, 0, 0, 0),
(963, 159, 11, 1, 0, 0, 0, 0, 0),
(964, 159, 12, 1, 0, 0, 0, 0, 0),
(968, 160, 9, 1, 0, 0, 0, 0, 0),
(969, 160, 10, 1, 0, 0, 0, 0, 0),
(970, 160, 11, 1, 0, 0, 0, 0, 0),
(971, 160, 12, 1, 0, 0, 0, 0, 0),
(975, 161, 9, 1, 0, 0, 0, 0, 0),
(976, 161, 10, 1, 0, 0, 0, 0, 0),
(977, 161, 11, 1, 0, 0, 0, 0, 0),
(978, 161, 12, 1, 0, 0, 0, 0, 0),
(982, 162, 9, 1, 0, 0, 0, 0, 0),
(983, 162, 10, 1, 0, 0, 0, 0, 0),
(984, 162, 11, 1, 0, 0, 0, 0, 0),
(985, 162, 12, 1, 0, 0, 0, 0, 0),
(989, 163, 9, 1, 0, 0, 0, 0, 0),
(990, 163, 10, 1, 0, 0, 0, 0, 0),
(991, 163, 11, 1, 0, 0, 0, 0, 0),
(992, 163, 12, 1, 0, 0, 0, 0, 0),
(996, 164, 9, 1, 0, 0, 0, 0, 0),
(997, 164, 10, 1, 0, 0, 0, 0, 0),
(998, 164, 11, 1, 0, 0, 0, 0, 0),
(999, 164, 12, 1, 0, 0, 0, 0, 0),
(1003, 165, 9, 1, 0, 0, 0, 0, 0),
(1004, 165, 10, 1, 0, 0, 0, 0, 0),
(1005, 165, 11, 1, 0, 0, 0, 0, 0),
(1006, 165, 12, 1, 0, 0, 0, 0, 0),
(1010, 166, 9, 1, 0, 0, 0, 0, 0),
(1011, 166, 10, 1, 0, 0, 0, 0, 0),
(1012, 166, 11, 1, 0, 0, 0, 0, 0),
(1013, 166, 12, 1, 0, 0, 0, 0, 0),
(1017, 167, 9, 1, 0, 0, 0, 0, 0),
(1018, 167, 10, 1, 0, 0, 0, 0, 0),
(1019, 167, 11, 1, 0, 0, 0, 0, 0),
(1020, 167, 12, 1, 0, 0, 0, 0, 0),
(1024, 168, 9, 1, 0, 0, 0, 0, 0),
(1025, 168, 10, 1, 0, 0, 0, 0, 0),
(1026, 168, 11, 1, 0, 0, 0, 0, 0),
(1027, 168, 12, 1, 0, 0, 0, 0, 0),
(1031, 169, 9, 1, 0, 0, 0, 0, 0),
(1032, 169, 10, 1, 0, 0, 0, 0, 0),
(1033, 169, 11, 1, 0, 0, 0, 0, 0),
(1034, 169, 12, 1, 0, 0, 0, 0, 0),
(1038, 170, 9, 1, 0, 0, 0, 0, 0),
(1039, 170, 10, 1, 0, 0, 0, 0, 0),
(1040, 170, 11, 1, 0, 0, 0, 0, 0),
(1041, 170, 12, 1, 0, 0, 0, 0, 0),
(1045, 171, 9, 1, 0, 0, 0, 0, 0),
(1046, 171, 10, 1, 0, 0, 0, 0, 0),
(1047, 171, 11, 1, 0, 0, 0, 0, 0),
(1048, 171, 12, 1, 0, 0, 0, 0, 0),
(1052, 172, 9, 1, 0, 0, 0, 0, 0),
(1053, 172, 10, 1, 0, 0, 0, 0, 0),
(1054, 172, 11, 1, 0, 0, 0, 0, 0),
(1055, 172, 12, 1, 0, 0, 0, 0, 0),
(1059, 173, 9, 1, 0, 0, 0, 0, 0),
(1060, 173, 10, 1, 0, 0, 0, 0, 0),
(1061, 173, 11, 1, 0, 0, 0, 0, 0),
(1062, 173, 12, 1, 0, 0, 0, 0, 0),
(1066, 174, 9, 1, 0, 0, 0, 0, 0),
(1067, 174, 10, 1, 0, 0, 0, 0, 0),
(1068, 174, 11, 1, 0, 0, 0, 0, 0),
(1069, 174, 12, 1, 0, 0, 0, 0, 0),
(1073, 175, 9, 1, 0, 0, 0, 0, 0),
(1074, 175, 10, 1, 0, 0, 0, 0, 0),
(1075, 175, 11, 1, 0, 0, 0, 0, 0),
(1076, 175, 12, 1, 0, 0, 0, 0, 0),
(1080, 176, 9, 1, 0, 0, 0, 0, 0),
(1081, 176, 10, 1, 0, 0, 0, 0, 0),
(1082, 176, 11, 1, 0, 0, 0, 0, 0),
(1083, 176, 12, 1, 0, 0, 0, 0, 0),
(1087, 177, 9, 1, 0, 0, 0, 0, 0),
(1088, 177, 10, 1, 0, 0, 0, 0, 0),
(1089, 177, 11, 1, 0, 0, 0, 0, 0),
(1090, 177, 12, 1, 0, 0, 0, 0, 0),
(1094, 178, 9, 1, 0, 0, 0, 0, 0),
(1095, 178, 10, 1, 0, 0, 0, 0, 0),
(1096, 178, 11, 1, 0, 0, 0, 0, 0),
(1097, 178, 12, 1, 0, 0, 0, 0, 0),
(1101, 179, 9, 1, 0, 0, 0, 0, 0),
(1102, 179, 10, 1, 0, 0, 0, 0, 0),
(1103, 179, 11, 1, 0, 0, 0, 0, 0),
(1104, 179, 12, 1, 0, 0, 0, 0, 0),
(1108, 180, 9, 1, 0, 0, 0, 0, 0),
(1109, 180, 10, 1, 0, 0, 0, 0, 0),
(1110, 180, 11, 1, 0, 0, 0, 0, 0),
(1111, 180, 12, 1, 0, 0, 0, 0, 0),
(1115, 181, 9, 1, 0, 0, 0, 0, 0),
(1116, 181, 10, 1, 0, 0, 0, 0, 0),
(1117, 181, 11, 1, 0, 0, 0, 0, 0),
(1118, 181, 12, 1, 0, 0, 0, 0, 0),
(1122, 182, 9, 1, 0, 0, 0, 0, 0),
(1123, 182, 10, 1, 0, 0, 0, 0, 0),
(1124, 182, 11, 1, 0, 0, 0, 0, 0),
(1125, 182, 12, 1, 0, 0, 0, 0, 0),
(1129, 183, 9, 1, 0, 0, 0, 0, 0),
(1130, 183, 10, 1, 0, 0, 0, 0, 0),
(1131, 183, 11, 1, 0, 0, 0, 0, 0),
(1132, 183, 12, 1, 0, 0, 0, 0, 0),
(1136, 184, 9, 1, 0, 0, 0, 0, 0),
(1137, 184, 10, 1, 0, 0, 0, 0, 0),
(1138, 184, 11, 1, 0, 0, 0, 0, 0),
(1139, 184, 12, 1, 0, 0, 0, 0, 0),
(1143, 185, 9, 1, 0, 0, 0, 0, 0),
(1144, 185, 10, 1, 0, 0, 0, 0, 0),
(1145, 185, 11, 1, 0, 0, 0, 0, 0),
(1146, 185, 12, 1, 0, 0, 0, 0, 0),
(1150, 186, 9, 1, 0, 0, 0, 0, 0),
(1151, 186, 10, 1, 0, 0, 0, 0, 0),
(1152, 186, 11, 1, 0, 0, 0, 0, 0),
(1153, 186, 12, 1, 0, 0, 0, 0, 0),
(1157, 187, 9, 1, 0, 0, 0, 0, 0),
(1158, 187, 10, 1, 0, 0, 0, 0, 0),
(1159, 187, 11, 1, 0, 0, 0, 0, 0),
(1160, 187, 12, 1, 0, 0, 0, 0, 0),
(1164, 188, 9, 1, 0, 0, 0, 0, 0),
(1165, 188, 10, 1, 0, 0, 0, 0, 0),
(1166, 188, 11, 1, 0, 0, 0, 0, 0),
(1167, 188, 12, 1, 0, 0, 0, 0, 0),
(1171, 189, 9, 1, 0, 0, 0, 0, 0),
(1172, 189, 10, 1, 0, 0, 0, 0, 0),
(1173, 189, 11, 1, 0, 0, 0, 0, 0),
(1174, 189, 12, 1, 0, 0, 0, 0, 0),
(1178, 190, 9, 1, 0, 0, 0, 0, 0),
(1179, 190, 10, 1, 0, 0, 0, 0, 0),
(1180, 190, 11, 1, 0, 0, 0, 0, 0),
(1181, 190, 12, 1, 0, 0, 0, 0, 0),
(1185, 191, 9, 1, 0, 0, 0, 0, 0),
(1186, 191, 10, 1, 0, 0, 0, 0, 0),
(1187, 191, 11, 1, 0, 0, 0, 0, 0),
(1188, 191, 12, 1, 0, 0, 0, 0, 0),
(1192, 192, 9, 1, 0, 0, 0, 0, 0),
(1193, 192, 10, 1, 0, 0, 0, 0, 0),
(1194, 192, 11, 1, 0, 0, 0, 0, 0),
(1195, 192, 12, 1, 0, 0, 0, 0, 0),
(1199, 193, 9, 1, 0, 0, 0, 0, 0),
(1200, 193, 10, 1, 0, 0, 0, 0, 0),
(1201, 193, 11, 1, 0, 0, 0, 0, 0),
(1202, 193, 12, 1, 0, 0, 0, 0, 0),
(1206, 194, 9, 1, 0, 0, 0, 0, 0),
(1207, 194, 10, 1, 0, 0, 0, 0, 0),
(1208, 194, 11, 1, 0, 0, 0, 0, 0),
(1209, 194, 12, 1, 0, 0, 0, 0, 0),
(1213, 195, 9, 1, 0, 0, 0, 0, 0),
(1214, 195, 10, 1, 0, 0, 0, 0, 0),
(1215, 195, 11, 1, 0, 0, 0, 0, 0),
(1216, 195, 12, 1, 0, 0, 0, 0, 0),
(1220, 196, 9, 1, 0, 0, 0, 0, 0),
(1221, 196, 10, 1, 0, 0, 0, 0, 0),
(1222, 196, 11, 1, 0, 0, 0, 0, 0),
(1223, 196, 12, 1, 0, 0, 0, 0, 0),
(1227, 197, 9, 1, 0, 0, 0, 0, 0),
(1228, 197, 10, 1, 0, 0, 0, 0, 0),
(1229, 197, 11, 1, 0, 0, 0, 0, 0),
(1230, 197, 12, 1, 0, 0, 0, 0, 0),
(1234, 198, 9, 1, 0, 0, 0, 0, 0),
(1235, 198, 10, 1, 0, 0, 0, 0, 0),
(1236, 198, 11, 1, 0, 0, 0, 0, 0),
(1237, 198, 12, 1, 0, 0, 0, 0, 0),
(1241, 199, 9, 1, 0, 0, 0, 0, 0),
(1242, 199, 10, 1, 0, 0, 0, 0, 0),
(1243, 199, 11, 1, 0, 0, 0, 0, 0),
(1244, 199, 12, 1, 0, 0, 0, 0, 0),
(1248, 200, 9, 1, 0, 0, 0, 0, 0),
(1249, 200, 10, 1, 0, 0, 0, 0, 0),
(1250, 200, 11, 1, 0, 0, 0, 0, 0),
(1251, 200, 12, 1, 0, 0, 0, 0, 0),
(1255, 201, 9, 1, 0, 0, 0, 0, 0),
(1256, 201, 10, 1, 0, 0, 0, 0, 0),
(1257, 201, 11, 1, 0, 0, 0, 0, 0),
(1258, 201, 12, 1, 0, 0, 0, 0, 0),
(1262, 202, 9, 1, 0, 0, 0, 0, 0),
(1263, 202, 10, 1, 0, 0, 0, 0, 0),
(1264, 202, 11, 1, 0, 0, 0, 0, 0),
(1265, 202, 12, 1, 0, 0, 0, 0, 0),
(1269, 203, 9, 1, 0, 0, 0, 0, 0),
(1270, 203, 10, 1, 0, 0, 0, 0, 0),
(1271, 203, 11, 1, 0, 0, 0, 0, 0),
(1272, 203, 12, 1, 0, 0, 0, 0, 0),
(1276, 204, 9, 1, 0, 0, 0, 0, 0),
(1277, 204, 10, 1, 0, 0, 0, 0, 0),
(1278, 204, 11, 1, 0, 0, 0, 0, 0),
(1279, 204, 12, 1, 0, 0, 0, 0, 0),
(1283, 205, 9, 1, 0, 0, 0, 0, 0),
(1284, 205, 10, 1, 0, 0, 0, 0, 0),
(1285, 205, 11, 1, 0, 0, 0, 0, 0),
(1286, 205, 12, 1, 0, 0, 0, 0, 0),
(1290, 206, 9, 1, 0, 0, 0, 0, 0),
(1291, 206, 10, 1, 0, 0, 0, 0, 0),
(1292, 206, 11, 1, 0, 0, 0, 0, 0),
(1293, 206, 12, 1, 0, 0, 0, 0, 0),
(1297, 207, 9, 1, 0, 0, 0, 0, 0),
(1298, 207, 10, 1, 0, 0, 0, 0, 0),
(1299, 207, 11, 1, 0, 0, 0, 0, 0),
(1300, 207, 12, 1, 0, 0, 0, 0, 0),
(1304, 208, 9, 1, 0, 0, 0, 0, 0),
(1305, 208, 10, 1, 0, 0, 0, 0, 0),
(1306, 208, 11, 1, 0, 0, 0, 0, 0),
(1307, 208, 12, 1, 0, 0, 0, 0, 0),
(1311, 209, 9, 1, 0, 0, 0, 0, 0),
(1312, 209, 10, 1, 0, 0, 0, 0, 0),
(1313, 209, 11, 1, 0, 0, 0, 0, 0),
(1314, 209, 12, 1, 0, 0, 0, 0, 0),
(1318, 210, 9, 1, 0, 0, 0, 0, 0),
(1319, 210, 10, 1, 0, 0, 0, 0, 0),
(1320, 210, 11, 1, 0, 0, 0, 0, 0),
(1321, 210, 12, 1, 0, 0, 0, 0, 0),
(1325, 211, 9, 1, 0, 0, 0, 0, 0),
(1326, 211, 10, 1, 0, 0, 0, 0, 0),
(1327, 211, 11, 1, 0, 0, 0, 0, 0),
(1328, 211, 12, 1, 0, 0, 0, 0, 0),
(1332, 212, 9, 1, 0, 0, 0, 0, 0),
(1333, 212, 10, 1, 0, 0, 0, 0, 0),
(1334, 212, 11, 1, 0, 0, 0, 0, 0),
(1335, 212, 12, 1, 0, 0, 0, 0, 0),
(1339, 213, 9, 1, 0, 0, 0, 0, 0),
(1340, 213, 10, 1, 0, 0, 0, 0, 0),
(1341, 213, 11, 1, 0, 0, 0, 0, 0),
(1342, 213, 12, 1, 0, 0, 0, 0, 0),
(1346, 214, 9, 1, 0, 0, 0, 0, 0),
(1347, 214, 10, 1, 0, 0, 0, 0, 0),
(1348, 214, 11, 1, 0, 0, 0, 0, 0),
(1349, 214, 12, 1, 0, 0, 0, 0, 0),
(1353, 215, 9, 1, 0, 0, 0, 0, 0),
(1354, 215, 10, 1, 0, 0, 0, 0, 0),
(1355, 215, 11, 1, 0, 0, 0, 0, 0),
(1356, 215, 12, 1, 0, 0, 0, 0, 0),
(1360, 216, 9, 1, 0, 0, 0, 0, 0),
(1361, 216, 10, 1, 0, 0, 0, 0, 0),
(1362, 216, 11, 1, 0, 0, 0, 0, 0),
(1363, 216, 12, 1, 0, 0, 0, 0, 0),
(1367, 217, 9, 1, 0, 0, 0, 0, 0),
(1368, 217, 10, 1, 0, 0, 0, 0, 0),
(1369, 217, 11, 1, 0, 0, 0, 0, 0),
(1370, 217, 12, 1, 0, 0, 0, 0, 0),
(1374, 218, 9, 1, 0, 0, 0, 0, 0),
(1375, 218, 10, 1, 0, 0, 0, 0, 0),
(1376, 218, 11, 1, 0, 0, 0, 0, 0),
(1377, 218, 12, 1, 0, 0, 0, 0, 0),
(1381, 219, 9, 1, 0, 0, 0, 0, 0),
(1382, 219, 10, 1, 0, 0, 0, 0, 0),
(1383, 219, 11, 1, 0, 0, 0, 0, 0),
(1384, 219, 12, 1, 0, 0, 0, 0, 0),
(1388, 220, 9, 1, 0, 0, 0, 0, 0),
(1389, 220, 10, 1, 0, 0, 0, 0, 0),
(1390, 220, 11, 1, 0, 0, 0, 0, 0),
(1391, 220, 12, 1, 0, 0, 0, 0, 0),
(1395, 221, 9, 1, 0, 0, 0, 0, 0),
(1396, 221, 10, 1, 0, 0, 0, 0, 0),
(1397, 221, 11, 1, 0, 0, 0, 0, 0),
(1398, 221, 12, 1, 0, 0, 0, 0, 0),
(1402, 222, 9, 1, 0, 0, 0, 0, 0),
(1403, 222, 10, 1, 0, 0, 0, 0, 0),
(1404, 222, 11, 1, 0, 0, 0, 0, 0),
(1405, 222, 12, 1, 0, 0, 0, 0, 0),
(1409, 223, 9, 1, 0, 0, 0, 0, 0),
(1410, 223, 10, 1, 0, 0, 0, 0, 0),
(1411, 223, 11, 1, 0, 0, 0, 0, 0),
(1412, 223, 12, 1, 0, 0, 0, 0, 0),
(1416, 224, 9, 1, 0, 0, 0, 0, 0),
(1417, 224, 10, 1, 0, 0, 0, 0, 0),
(1418, 224, 11, 1, 0, 0, 0, 0, 0),
(1419, 224, 12, 1, 0, 0, 0, 0, 0),
(1423, 225, 9, 1, 0, 0, 0, 0, 0),
(1424, 225, 10, 1, 0, 0, 0, 0, 0),
(1425, 225, 11, 1, 0, 0, 0, 0, 0),
(1426, 225, 12, 1, 0, 0, 0, 0, 0),
(1430, 226, 9, 1, 0, 0, 0, 0, 0),
(1431, 226, 10, 1, 0, 0, 0, 0, 0),
(1432, 226, 11, 1, 0, 0, 0, 0, 0),
(1433, 226, 12, 1, 0, 0, 0, 0, 0),
(1437, 227, 9, 1, 0, 0, 0, 0, 0),
(1438, 227, 10, 1, 0, 0, 0, 0, 0),
(1439, 227, 11, 1, 0, 0, 0, 0, 0),
(1440, 227, 12, 1, 0, 0, 0, 0, 0),
(1444, 228, 9, 1, 0, 0, 0, 0, 0),
(1445, 228, 10, 1, 0, 0, 0, 0, 0),
(1446, 228, 11, 1, 0, 0, 0, 0, 0),
(1447, 228, 12, 1, 0, 0, 0, 0, 0),
(1451, 229, 9, 1, 0, 0, 0, 0, 0),
(1452, 229, 10, 1, 0, 0, 0, 0, 0),
(1453, 229, 11, 1, 0, 0, 0, 0, 0),
(1454, 229, 12, 1, 0, 0, 0, 0, 0),
(1458, 230, 9, 1, 0, 0, 0, 0, 0),
(1459, 230, 10, 1, 0, 0, 0, 0, 0),
(1460, 230, 11, 1, 0, 0, 0, 0, 0),
(1461, 230, 12, 1, 0, 0, 0, 0, 0),
(1465, 231, 9, 1, 0, 0, 0, 0, 0),
(1466, 231, 10, 1, 0, 0, 0, 0, 0),
(1467, 231, 11, 1, 0, 0, 0, 0, 0),
(1468, 231, 12, 1, 0, 0, 0, 0, 0),
(1472, 232, 9, 1, 0, 0, 0, 0, 0),
(1473, 232, 10, 1, 0, 0, 0, 0, 0),
(1474, 232, 11, 1, 0, 0, 0, 0, 0),
(1475, 232, 12, 1, 0, 0, 0, 0, 0),
(1479, 233, 9, 1, 0, 0, 0, 0, 0),
(1480, 233, 10, 1, 0, 0, 0, 0, 0),
(1481, 233, 11, 1, 0, 0, 0, 0, 0),
(1482, 233, 12, 1, 0, 0, 0, 0, 0),
(1486, 234, 9, 1, 0, 0, 0, 0, 0),
(1487, 234, 10, 1, 0, 0, 0, 0, 0),
(1488, 234, 11, 1, 0, 0, 0, 0, 0),
(1489, 234, 12, 1, 0, 0, 0, 0, 0),
(1493, 235, 9, 1, 0, 0, 0, 0, 0),
(1494, 235, 10, 1, 0, 0, 0, 0, 0),
(1495, 235, 11, 1, 0, 0, 0, 0, 0),
(1496, 235, 12, 1, 0, 0, 0, 0, 0),
(1500, 236, 9, 1, 0, 0, 0, 0, 0),
(1501, 236, 10, 1, 0, 0, 0, 0, 0),
(1502, 236, 11, 1, 0, 0, 0, 0, 0),
(1503, 236, 12, 1, 0, 0, 0, 0, 0),
(1507, 237, 9, 1, 0, 0, 0, 0, 0),
(1508, 237, 10, 1, 0, 0, 0, 0, 0),
(1509, 237, 11, 1, 0, 0, 0, 0, 0),
(1510, 237, 12, 1, 0, 0, 0, 0, 0),
(1514, 238, 9, 1, 0, 0, 0, 0, 0),
(1515, 238, 10, 1, 0, 0, 0, 0, 0),
(1516, 238, 11, 1, 0, 0, 0, 0, 0),
(1517, 238, 12, 1, 0, 0, 0, 0, 0),
(1521, 239, 9, 1, 0, 0, 0, 0, 0),
(1522, 239, 10, 1, 0, 0, 0, 0, 0),
(1523, 239, 11, 1, 0, 0, 0, 0, 0),
(1524, 239, 12, 1, 0, 0, 0, 0, 0),
(1528, 240, 9, 1, 0, 0, 0, 0, 0),
(1529, 240, 10, 1, 0, 0, 0, 0, 0),
(1530, 240, 11, 1, 0, 0, 0, 0, 0),
(1531, 240, 12, 1, 0, 0, 0, 0, 0),
(1535, 241, 9, 1, 0, 0, 0, 0, 0),
(1536, 241, 10, 1, 0, 0, 0, 0, 0),
(1537, 241, 11, 1, 0, 0, 0, 0, 0),
(1538, 241, 12, 1, 0, 0, 0, 0, 0),
(1542, 242, 9, 1, 0, 0, 0, 0, 0),
(1543, 242, 10, 1, 0, 0, 0, 0, 0),
(1544, 242, 11, 1, 0, 0, 0, 0, 0),
(1545, 242, 12, 1, 0, 0, 0, 0, 0),
(1549, 243, 9, 1, 0, 0, 0, 0, 0),
(1550, 243, 10, 1, 0, 0, 0, 0, 0),
(1551, 243, 11, 1, 0, 0, 0, 0, 0),
(1552, 243, 12, 1, 0, 0, 0, 0, 0),
(1556, 244, 9, 1, 0, 0, 0, 0, 0),
(1557, 244, 10, 1, 0, 0, 0, 0, 0),
(1558, 244, 11, 1, 0, 0, 0, 0, 0),
(1559, 244, 12, 1, 0, 0, 0, 0, 0),
(1563, 245, 9, 1, 0, 0, 0, 0, 0),
(1564, 245, 10, 1, 0, 0, 0, 0, 0),
(1565, 245, 11, 1, 0, 0, 0, 0, 0),
(1566, 245, 12, 1, 0, 0, 0, 0, 0),
(1570, 246, 9, 1, 0, 0, 0, 0, 0),
(1571, 246, 10, 1, 0, 0, 0, 0, 0),
(1572, 246, 11, 1, 0, 0, 0, 0, 0),
(1573, 246, 12, 1, 0, 0, 0, 0, 0),
(1577, 247, 9, 1, 0, 0, 0, 0, 0),
(1578, 247, 10, 1, 0, 0, 0, 0, 0),
(1579, 247, 11, 1, 0, 0, 0, 0, 0),
(1580, 247, 12, 1, 0, 0, 0, 0, 0),
(1584, 248, 9, 1, 0, 0, 0, 0, 0),
(1585, 248, 10, 1, 0, 0, 0, 0, 0),
(1586, 248, 11, 1, 0, 0, 0, 0, 0),
(1587, 248, 12, 1, 0, 0, 0, 0, 0),
(1591, 249, 9, 1, 0, 0, 0, 0, 0),
(1592, 249, 10, 1, 0, 0, 0, 0, 0),
(1593, 249, 11, 1, 0, 0, 0, 0, 0),
(1594, 249, 12, 1, 0, 0, 0, 0, 0),
(1598, 250, 9, 1, 0, 0, 0, 0, 0),
(1599, 250, 10, 1, 0, 0, 0, 0, 0),
(1600, 250, 11, 1, 0, 0, 0, 0, 0),
(1601, 250, 12, 1, 0, 0, 0, 0, 0),
(1605, 251, 9, 1, 0, 0, 0, 0, 0),
(1606, 251, 10, 1, 0, 0, 0, 0, 0),
(1607, 251, 11, 1, 0, 0, 0, 0, 0),
(1608, 251, 12, 1, 0, 0, 0, 0, 0),
(1612, 252, 9, 1, 0, 0, 0, 0, 0),
(1613, 252, 10, 1, 0, 0, 0, 0, 0),
(1614, 252, 11, 1, 0, 0, 0, 0, 0),
(1615, 252, 12, 1, 0, 0, 0, 0, 0),
(1619, 253, 9, 1, 0, 0, 0, 0, 0),
(1620, 253, 10, 1, 0, 0, 0, 0, 0),
(1621, 253, 11, 1, 0, 0, 0, 0, 0),
(1622, 253, 12, 1, 0, 0, 0, 0, 0),
(1626, 254, 9, 1, 0, 0, 0, 0, 0),
(1627, 254, 10, 1, 0, 0, 0, 0, 0),
(1628, 254, 11, 1, 0, 0, 0, 0, 0),
(1629, 254, 12, 1, 0, 0, 0, 0, 0),
(1633, 255, 9, 1, 0, 0, 0, 0, 0),
(1634, 255, 10, 1, 0, 0, 0, 0, 0),
(1635, 255, 11, 1, 0, 0, 0, 0, 0),
(1636, 255, 12, 1, 0, 0, 0, 0, 0),
(1640, 256, 9, 1, 0, 0, 0, 0, 0),
(1641, 256, 10, 1, 0, 0, 0, 0, 0),
(1642, 256, 11, 1, 0, 0, 0, 0, 0),
(1643, 256, 12, 1, 0, 0, 0, 0, 0),
(1647, 257, 9, 1, 0, 0, 0, 0, 0),
(1648, 257, 10, 1, 0, 0, 0, 0, 0),
(1649, 257, 11, 1, 0, 0, 0, 0, 0),
(1650, 257, 12, 1, 0, 0, 0, 0, 0),
(1654, 258, 9, 1, 0, 0, 0, 0, 0),
(1655, 258, 10, 1, 0, 0, 0, 0, 0),
(1656, 258, 11, 1, 0, 0, 0, 0, 0),
(1657, 258, 12, 1, 0, 0, 0, 0, 0),
(1661, 259, 9, 1, 0, 0, 0, 0, 0),
(1662, 259, 10, 1, 0, 0, 0, 0, 0),
(1663, 259, 11, 1, 0, 0, 0, 0, 0),
(1664, 259, 12, 1, 0, 0, 0, 0, 0),
(1668, 260, 9, 1, 0, 0, 0, 0, 0),
(1669, 260, 10, 1, 0, 0, 0, 0, 0),
(1670, 260, 11, 1, 0, 0, 0, 0, 0),
(1671, 260, 12, 1, 0, 0, 0, 0, 0),
(1675, 261, 9, 1, 0, 0, 0, 0, 0),
(1676, 261, 10, 1, 0, 0, 0, 0, 0),
(1677, 261, 11, 1, 0, 0, 0, 0, 0),
(1678, 261, 12, 1, 0, 0, 0, 0, 0),
(1682, 262, 9, 1, 0, 0, 0, 0, 0),
(1683, 262, 10, 1, 0, 0, 0, 0, 0),
(1684, 262, 11, 1, 0, 0, 0, 0, 0),
(1685, 262, 12, 1, 0, 0, 0, 0, 0),
(1689, 263, 9, 1, 0, 0, 0, 0, 0),
(1690, 263, 10, 1, 0, 0, 0, 0, 0),
(1691, 263, 11, 1, 0, 0, 0, 0, 0),
(1692, 263, 12, 1, 0, 0, 0, 0, 0),
(1696, 264, 9, 1, 0, 0, 0, 0, 0),
(1697, 264, 10, 1, 0, 0, 0, 0, 0),
(1698, 264, 11, 1, 0, 0, 0, 0, 0),
(1699, 264, 12, 1, 0, 0, 0, 0, 0),
(1703, 265, 9, 1, 0, 0, 0, 0, 0),
(1704, 265, 10, 1, 0, 0, 0, 0, 0),
(1705, 265, 11, 1, 0, 0, 0, 0, 0),
(1706, 265, 12, 1, 0, 0, 0, 0, 0),
(1710, 266, 9, 1, 0, 0, 0, 0, 0),
(1711, 266, 10, 1, 0, 0, 0, 0, 0),
(1712, 266, 11, 1, 0, 0, 0, 0, 0),
(1713, 266, 12, 1, 0, 0, 0, 0, 0),
(1717, 267, 9, 1, 0, 0, 0, 0, 0),
(1718, 267, 10, 1, 0, 0, 0, 0, 0),
(1719, 267, 11, 1, 0, 0, 0, 0, 0),
(1720, 267, 12, 1, 0, 0, 0, 0, 0),
(1724, 268, 9, 1, 0, 0, 0, 0, 0),
(1725, 268, 10, 1, 0, 0, 0, 0, 0),
(1726, 268, 11, 1, 0, 0, 0, 0, 0),
(1727, 268, 12, 1, 0, 0, 0, 0, 0),
(1731, 269, 9, 1, 0, 0, 0, 0, 0),
(1732, 269, 10, 1, 0, 0, 0, 0, 0),
(1733, 269, 11, 1, 0, 0, 0, 0, 0),
(1734, 269, 12, 1, 0, 0, 0, 0, 0),
(1738, 270, 9, 1, 0, 0, 0, 0, 0),
(1739, 270, 10, 1, 0, 0, 0, 0, 0),
(1740, 270, 11, 1, 0, 0, 0, 0, 0),
(1741, 270, 12, 1, 0, 0, 0, 0, 0),
(1745, 271, 9, 1, 0, 0, 0, 0, 0),
(1746, 271, 10, 1, 0, 0, 0, 0, 0),
(1747, 271, 11, 1, 0, 0, 0, 0, 0),
(1748, 271, 12, 1, 0, 0, 0, 0, 0),
(1752, 272, 9, 1, 0, 0, 0, 0, 0),
(1753, 272, 10, 1, 0, 0, 0, 0, 0),
(1754, 272, 11, 1, 0, 0, 0, 0, 0),
(1755, 272, 12, 1, 0, 0, 0, 0, 0),
(1759, 273, 9, 1, 0, 0, 0, 0, 0),
(1760, 273, 10, 1, 0, 0, 0, 0, 0),
(1761, 273, 11, 1, 0, 0, 0, 0, 0),
(1762, 273, 12, 1, 0, 0, 0, 0, 0),
(1766, 274, 9, 1, 0, 0, 0, 0, 0),
(1767, 274, 10, 1, 0, 0, 0, 0, 0),
(1768, 274, 11, 1, 0, 0, 0, 0, 0),
(1769, 274, 12, 1, 0, 0, 0, 0, 0),
(1773, 275, 9, 1, 0, 0, 0, 0, 0),
(1774, 275, 10, 1, 0, 0, 0, 0, 0),
(1775, 275, 11, 1, 0, 0, 0, 0, 0),
(1776, 275, 12, 1, 0, 0, 0, 0, 0),
(1780, 276, 9, 1, 0, 0, 0, 0, 0),
(1781, 276, 10, 1, 0, 0, 0, 0, 0),
(1782, 276, 11, 1, 0, 0, 0, 0, 0),
(1783, 276, 12, 1, 0, 0, 0, 0, 0),
(1787, 277, 9, 1, 0, 0, 0, 0, 0),
(1788, 277, 10, 1, 0, 0, 0, 0, 0),
(1789, 277, 11, 1, 0, 0, 0, 0, 0),
(1790, 277, 12, 1, 0, 0, 0, 0, 0),
(1794, 278, 9, 1, 0, 0, 0, 0, 0),
(1795, 278, 10, 1, 0, 0, 0, 0, 0),
(1796, 278, 11, 1, 0, 0, 0, 0, 0),
(1797, 278, 12, 1, 0, 0, 0, 0, 0),
(1801, 279, 9, 1, 0, 0, 0, 0, 0),
(1802, 279, 10, 1, 0, 0, 0, 0, 0),
(1803, 279, 11, 1, 0, 0, 0, 0, 0),
(1804, 279, 12, 1, 0, 0, 0, 0, 0),
(1808, 280, 9, 1, 0, 0, 0, 0, 0),
(1809, 280, 10, 1, 0, 0, 0, 0, 0),
(1810, 280, 11, 1, 0, 0, 0, 0, 0),
(1811, 280, 12, 1, 0, 0, 0, 0, 0),
(1815, 281, 9, 1, 0, 0, 0, 0, 0),
(1816, 281, 10, 1, 0, 0, 0, 0, 0),
(1817, 281, 11, 1, 0, 0, 0, 0, 0),
(1818, 281, 12, 1, 0, 0, 0, 0, 0),
(1822, 282, 9, 1, 0, 0, 0, 0, 0),
(1823, 282, 10, 1, 0, 0, 0, 0, 0),
(1824, 282, 11, 1, 0, 0, 0, 0, 0),
(1825, 282, 12, 1, 0, 0, 0, 0, 0),
(1829, 283, 9, 1, 0, 0, 0, 0, 0),
(1830, 283, 10, 1, 0, 0, 0, 0, 0),
(1831, 283, 11, 1, 0, 0, 0, 0, 0),
(1832, 283, 12, 1, 0, 0, 0, 0, 0),
(1836, 284, 9, 1, 0, 0, 0, 0, 0),
(1837, 284, 10, 1, 0, 0, 0, 0, 0),
(1838, 284, 11, 1, 0, 0, 0, 0, 0),
(1839, 284, 12, 1, 0, 0, 0, 0, 0),
(1843, 285, 9, 1, 0, 0, 0, 0, 0),
(1844, 285, 10, 1, 0, 0, 0, 0, 0),
(1845, 285, 11, 1, 0, 0, 0, 0, 0),
(1846, 285, 12, 1, 0, 0, 0, 0, 0),
(1850, 286, 9, 1, 0, 0, 0, 0, 0),
(1851, 286, 10, 1, 0, 0, 0, 0, 0),
(1852, 286, 11, 1, 0, 0, 0, 0, 0),
(1853, 286, 12, 1, 0, 0, 0, 0, 0),
(1857, 287, 9, 1, 0, 0, 0, 0, 0),
(1858, 287, 10, 1, 0, 0, 0, 0, 0),
(1859, 287, 11, 1, 0, 0, 0, 0, 0),
(1860, 287, 12, 1, 0, 0, 0, 0, 0),
(1864, 288, 9, 1, 0, 0, 0, 0, 0),
(1865, 288, 10, 1, 0, 0, 0, 0, 0),
(1866, 288, 11, 1, 0, 0, 0, 0, 0),
(1867, 288, 12, 1, 0, 0, 0, 0, 0),
(1871, 289, 9, 1, 0, 0, 0, 0, 0),
(1872, 289, 10, 1, 0, 0, 0, 0, 0),
(1873, 289, 11, 1, 0, 0, 0, 0, 0),
(1874, 289, 12, 1, 0, 0, 0, 0, 0),
(1878, 290, 9, 1, 0, 0, 0, 0, 0),
(1879, 290, 10, 1, 0, 0, 0, 0, 0),
(1880, 290, 11, 1, 0, 0, 0, 0, 0),
(1881, 290, 12, 1, 0, 0, 0, 0, 0),
(1885, 291, 9, 1, 0, 0, 0, 0, 0),
(1886, 291, 10, 1, 0, 0, 0, 0, 0),
(1887, 291, 11, 1, 0, 0, 0, 0, 0),
(1888, 291, 12, 1, 0, 0, 0, 0, 0),
(1892, 292, 9, 1, 0, 0, 0, 0, 0),
(1893, 292, 10, 1, 0, 0, 0, 0, 0),
(1894, 292, 11, 1, 0, 0, 0, 0, 0),
(1895, 292, 12, 1, 0, 0, 0, 0, 0),
(1899, 293, 9, 1, 0, 0, 0, 0, 0),
(1900, 293, 10, 1, 0, 0, 0, 0, 0),
(1901, 293, 11, 1, 0, 0, 0, 0, 0),
(1902, 293, 12, 1, 0, 0, 0, 0, 0),
(1906, 294, 9, 1, 0, 0, 0, 0, 0),
(1907, 294, 10, 1, 0, 0, 0, 0, 0),
(1908, 294, 11, 1, 0, 0, 0, 0, 0),
(1909, 294, 12, 1, 0, 0, 0, 0, 0),
(1913, 295, 9, 1, 0, 0, 0, 0, 0),
(1914, 295, 10, 1, 0, 0, 0, 0, 0),
(1915, 295, 11, 1, 0, 0, 0, 0, 0),
(1916, 295, 12, 1, 0, 0, 0, 0, 0),
(1920, 296, 9, 1, 0, 0, 0, 0, 0),
(1921, 296, 10, 1, 0, 0, 0, 0, 0),
(1922, 296, 11, 1, 0, 0, 0, 0, 0),
(1923, 296, 12, 1, 0, 0, 0, 0, 0),
(1927, 297, 9, 1, 0, 0, 0, 0, 0),
(1928, 297, 10, 1, 0, 0, 0, 0, 0),
(1929, 297, 11, 1, 0, 0, 0, 0, 0),
(1930, 297, 12, 1, 0, 0, 0, 0, 0),
(1934, 298, 9, 1, 0, 0, 0, 0, 0),
(1935, 298, 10, 1, 0, 0, 0, 0, 0),
(1936, 298, 11, 1, 0, 0, 0, 0, 0),
(1937, 298, 12, 1, 0, 0, 0, 0, 0),
(1941, 299, 9, 1, 0, 0, 0, 0, 0),
(1942, 299, 10, 1, 0, 0, 0, 0, 0),
(1943, 299, 11, 1, 0, 0, 0, 0, 0),
(1944, 299, 12, 1, 0, 0, 0, 0, 0),
(1948, 300, 9, 1, 0, 0, 0, 0, 0),
(1949, 300, 10, 1, 0, 0, 0, 0, 0),
(1950, 300, 11, 1, 0, 0, 0, 0, 0),
(1951, 300, 12, 1, 0, 0, 0, 0, 0),
(1955, 301, 9, 1, 0, 0, 0, 0, 0),
(1956, 301, 10, 1, 0, 0, 0, 0, 0),
(1957, 301, 11, 1, 0, 0, 0, 0, 0),
(1958, 301, 12, 1, 0, 0, 0, 0, 0),
(1962, 302, 9, 1, 0, 0, 0, 0, 0),
(1963, 302, 10, 1, 0, 0, 0, 0, 0),
(1964, 302, 11, 1, 0, 0, 0, 0, 0),
(1965, 302, 12, 1, 0, 0, 0, 0, 0),
(1969, 303, 9, 1, 0, 0, 0, 0, 0),
(1970, 303, 10, 1, 0, 0, 0, 0, 0),
(1971, 303, 11, 1, 0, 0, 0, 0, 0),
(1972, 303, 12, 1, 0, 0, 0, 0, 0),
(1976, 304, 9, 1, 0, 0, 0, 0, 0),
(1977, 304, 10, 1, 0, 0, 0, 0, 0),
(1978, 304, 11, 1, 0, 0, 0, 0, 0),
(1979, 304, 12, 1, 0, 0, 0, 0, 0),
(1983, 305, 9, 1, 0, 0, 0, 0, 0),
(1984, 305, 10, 1, 0, 0, 0, 0, 0),
(1985, 305, 11, 1, 0, 0, 0, 0, 0),
(1986, 305, 12, 1, 0, 0, 0, 0, 0),
(1990, 306, 9, 1, 0, 0, 0, 0, 0),
(1991, 306, 10, 1, 0, 0, 0, 0, 0),
(1992, 306, 11, 1, 0, 0, 0, 0, 0),
(1993, 306, 12, 1, 0, 0, 0, 0, 0),
(1997, 307, 9, 1, 0, 0, 0, 0, 0),
(1998, 307, 10, 1, 0, 0, 0, 0, 0),
(1999, 307, 11, 1, 0, 0, 0, 0, 0),
(2000, 307, 12, 1, 0, 0, 0, 0, 0),
(2004, 308, 9, 1, 0, 0, 0, 0, 0),
(2005, 308, 10, 1, 0, 0, 0, 0, 0),
(2006, 308, 11, 1, 0, 0, 0, 0, 0),
(2007, 308, 12, 1, 0, 0, 0, 0, 0),
(2011, 309, 9, 1, 0, 0, 0, 0, 0),
(2012, 309, 10, 1, 0, 0, 0, 0, 0),
(2013, 309, 11, 1, 0, 0, 0, 0, 0),
(2014, 309, 12, 1, 0, 0, 0, 0, 0),
(2018, 310, 9, 1, 0, 0, 0, 0, 0),
(2019, 310, 10, 1, 0, 0, 0, 0, 0),
(2020, 310, 11, 1, 0, 0, 0, 0, 0),
(2021, 310, 12, 1, 0, 0, 0, 0, 0),
(2025, 311, 9, 1, 0, 0, 0, 0, 0),
(2026, 311, 10, 1, 0, 0, 0, 0, 0),
(2027, 311, 11, 1, 0, 0, 0, 0, 0),
(2028, 311, 12, 1, 0, 0, 0, 0, 0),
(2032, 312, 9, 1, 0, 0, 0, 0, 0),
(2033, 312, 10, 1, 0, 0, 0, 0, 0),
(2034, 312, 11, 1, 0, 0, 0, 0, 0),
(2035, 312, 12, 1, 0, 0, 0, 0, 0),
(2039, 313, 9, 1, 0, 0, 0, 0, 0),
(2040, 313, 10, 1, 0, 0, 0, 0, 0),
(2041, 313, 11, 1, 0, 0, 0, 0, 0),
(2042, 313, 12, 1, 0, 0, 0, 0, 0),
(2046, 314, 9, 1, 0, 0, 0, 0, 0),
(2047, 314, 10, 1, 0, 0, 0, 0, 0),
(2048, 314, 11, 1, 0, 0, 0, 0, 0),
(2049, 314, 12, 1, 0, 0, 0, 0, 0),
(2053, 315, 9, 1, 0, 0, 0, 0, 0),
(2054, 315, 10, 1, 0, 0, 0, 0, 0),
(2055, 315, 11, 1, 0, 0, 0, 0, 0),
(2056, 315, 12, 1, 0, 0, 0, 0, 0),
(2060, 316, 9, 1, 0, 0, 0, 0, 0),
(2061, 316, 10, 1, 0, 0, 0, 0, 0),
(2062, 316, 11, 1, 0, 0, 0, 0, 0),
(2063, 316, 12, 1, 0, 0, 0, 0, 0),
(2067, 317, 9, 1, 0, 0, 0, 0, 0),
(2068, 317, 10, 1, 0, 0, 0, 0, 0),
(2069, 317, 11, 1, 0, 0, 0, 0, 0),
(2070, 317, 12, 1, 0, 0, 0, 0, 0),
(2074, 318, 9, 1, 0, 0, 0, 0, 0),
(2075, 318, 10, 1, 0, 0, 0, 0, 0),
(2076, 318, 11, 1, 0, 0, 0, 0, 0),
(2077, 318, 12, 1, 0, 0, 0, 0, 0),
(2081, 319, 9, 1, 0, 0, 0, 0, 0),
(2082, 319, 10, 1, 0, 0, 0, 0, 0),
(2083, 319, 11, 1, 0, 0, 0, 0, 0),
(2084, 319, 12, 1, 0, 0, 0, 0, 0),
(2088, 320, 9, 1, 0, 0, 0, 0, 0),
(2089, 320, 10, 1, 0, 0, 0, 0, 0),
(2090, 320, 11, 1, 0, 0, 0, 0, 0),
(2091, 320, 12, 1, 0, 0, 0, 0, 0),
(2095, 321, 9, 1, 0, 0, 0, 0, 0),
(2096, 321, 10, 1, 0, 0, 0, 0, 0),
(2097, 321, 11, 1, 0, 0, 0, 0, 0),
(2098, 321, 12, 1, 0, 0, 0, 0, 0),
(2102, 322, 9, 1, 0, 0, 0, 0, 0),
(2103, 322, 10, 1, 0, 0, 0, 0, 0),
(2104, 322, 11, 1, 0, 0, 0, 0, 0),
(2105, 322, 12, 1, 0, 0, 0, 0, 0),
(2109, 323, 9, 1, 0, 0, 0, 0, 0),
(2110, 323, 10, 1, 0, 0, 0, 0, 0),
(2111, 323, 11, 1, 0, 0, 0, 0, 0),
(2112, 323, 12, 1, 0, 0, 0, 0, 0),
(2116, 324, 9, 1, 0, 0, 0, 0, 0),
(2117, 324, 10, 1, 0, 0, 0, 0, 0),
(2118, 324, 11, 1, 0, 0, 0, 0, 0),
(2119, 324, 12, 1, 0, 0, 0, 0, 0),
(2123, 325, 9, 1, 0, 0, 0, 0, 0),
(2124, 325, 10, 1, 0, 0, 0, 0, 0),
(2125, 325, 11, 1, 0, 0, 0, 0, 0),
(2126, 325, 12, 1, 0, 0, 0, 0, 0),
(2130, 326, 9, 1, 0, 0, 0, 0, 0),
(2131, 326, 10, 1, 0, 0, 0, 0, 0),
(2132, 326, 11, 1, 0, 0, 0, 0, 0),
(2133, 326, 12, 1, 0, 0, 0, 0, 0),
(2137, 327, 9, 1, 0, 0, 0, 0, 0),
(2138, 327, 10, 1, 0, 0, 0, 0, 0),
(2139, 327, 11, 1, 0, 0, 0, 0, 0),
(2140, 327, 12, 1, 0, 0, 0, 0, 0),
(2144, 328, 9, 1, 0, 0, 0, 0, 0),
(2145, 328, 10, 1, 0, 0, 0, 0, 0),
(2146, 328, 11, 1, 0, 0, 0, 0, 0),
(2147, 328, 12, 1, 0, 0, 0, 0, 0),
(2151, 329, 9, 1, 0, 0, 0, 0, 0),
(2152, 329, 10, 1, 0, 0, 0, 0, 0),
(2153, 329, 11, 1, 0, 0, 0, 0, 0),
(2154, 329, 12, 1, 0, 0, 0, 0, 0),
(2158, 330, 9, 1, 0, 0, 0, 0, 0),
(2159, 330, 10, 1, 0, 0, 0, 0, 0),
(2160, 330, 11, 1, 0, 0, 0, 0, 0),
(2161, 330, 12, 1, 0, 0, 0, 0, 0),
(2165, 331, 9, 1, 0, 0, 0, 0, 0),
(2166, 331, 10, 1, 0, 0, 0, 0, 0),
(2167, 331, 11, 1, 0, 0, 0, 0, 0),
(2168, 331, 12, 1, 0, 0, 0, 0, 0),
(2172, 332, 9, 1, 0, 0, 0, 0, 0),
(2173, 332, 10, 1, 0, 0, 0, 0, 0),
(2174, 332, 11, 1, 0, 0, 0, 0, 0),
(2175, 332, 12, 1, 0, 0, 0, 0, 0),
(2179, 333, 9, 1, 0, 0, 0, 0, 0),
(2180, 333, 10, 1, 0, 0, 0, 0, 0),
(2181, 333, 11, 1, 0, 0, 0, 0, 0),
(2182, 333, 12, 1, 0, 0, 0, 0, 0),
(2186, 334, 9, 1, 0, 0, 0, 0, 0),
(2187, 334, 10, 1, 0, 0, 0, 0, 0),
(2188, 334, 11, 1, 0, 0, 0, 0, 0),
(2189, 334, 12, 1, 0, 0, 0, 0, 0),
(2193, 335, 9, 1, 0, 0, 0, 0, 0),
(2194, 335, 10, 1, 0, 0, 0, 0, 0),
(2195, 335, 11, 1, 0, 0, 0, 0, 0),
(2196, 335, 12, 1, 0, 0, 0, 0, 0),
(2200, 336, 9, 1, 0, 0, 0, 0, 0),
(2201, 336, 10, 1, 0, 0, 0, 0, 0),
(2202, 336, 11, 1, 0, 0, 0, 0, 0),
(2203, 336, 12, 1, 0, 0, 0, 0, 0),
(2207, 337, 9, 1, 0, 0, 0, 0, 0),
(2208, 337, 10, 1, 0, 0, 0, 0, 0),
(2209, 337, 11, 1, 0, 0, 0, 0, 0),
(2210, 337, 12, 1, 0, 0, 0, 0, 0),
(2214, 338, 9, 1, 0, 0, 0, 0, 0),
(2215, 338, 10, 1, 0, 0, 0, 0, 0),
(2216, 338, 11, 1, 0, 0, 0, 0, 0),
(2217, 338, 12, 1, 0, 0, 0, 0, 0),
(2221, 339, 9, 1, 0, 0, 0, 0, 0),
(2222, 339, 10, 1, 0, 0, 0, 0, 0),
(2223, 339, 11, 1, 0, 0, 0, 0, 0),
(2224, 339, 12, 1, 0, 0, 0, 0, 0),
(2228, 340, 9, 1, 0, 0, 0, 0, 0),
(2229, 340, 10, 1, 0, 0, 0, 0, 0),
(2230, 340, 11, 1, 0, 0, 0, 0, 0),
(2231, 340, 12, 1, 0, 0, 0, 0, 0),
(2235, 341, 9, 1, 0, 0, 0, 0, 0),
(2236, 341, 10, 1, 0, 0, 0, 0, 0),
(2237, 341, 11, 1, 0, 0, 0, 0, 0),
(2238, 341, 12, 1, 0, 0, 0, 0, 0),
(2242, 342, 9, 1, 0, 0, 0, 0, 0),
(2243, 342, 10, 1, 0, 0, 0, 0, 0),
(2244, 342, 11, 1, 0, 0, 0, 0, 0),
(2245, 342, 12, 1, 0, 0, 0, 0, 0),
(2249, 343, 9, 1, 0, 0, 0, 0, 0),
(2250, 343, 10, 1, 0, 0, 0, 0, 0),
(2251, 343, 11, 1, 0, 0, 0, 0, 0),
(2252, 343, 12, 1, 0, 0, 0, 0, 0),
(2256, 344, 9, 1, 0, 0, 0, 0, 0),
(2257, 344, 10, 1, 0, 0, 0, 0, 0),
(2258, 344, 11, 1, 0, 0, 0, 0, 0),
(2259, 344, 12, 1, 0, 0, 0, 0, 0),
(2263, 345, 9, 1, 0, 0, 0, 0, 0),
(2264, 345, 10, 1, 0, 0, 0, 0, 0),
(2265, 345, 11, 1, 0, 0, 0, 0, 0),
(2266, 345, 12, 1, 0, 0, 0, 0, 0),
(2270, 346, 9, 1, 0, 0, 0, 0, 0),
(2271, 346, 10, 1, 0, 0, 0, 0, 0),
(2272, 346, 11, 1, 0, 0, 0, 0, 0),
(2273, 346, 12, 1, 0, 0, 0, 0, 0),
(2277, 347, 9, 1, 0, 0, 0, 0, 0),
(2278, 347, 10, 1, 0, 0, 0, 0, 0),
(2279, 347, 11, 1, 0, 0, 0, 0, 0),
(2280, 347, 12, 1, 0, 0, 0, 0, 0),
(2284, 348, 9, 1, 0, 0, 0, 0, 0),
(2285, 348, 10, 1, 0, 0, 0, 0, 0),
(2286, 348, 11, 1, 0, 0, 0, 0, 0),
(2287, 348, 12, 1, 0, 0, 0, 0, 0),
(2291, 349, 9, 1, 0, 0, 0, 0, 0),
(2292, 349, 10, 1, 0, 0, 0, 0, 0),
(2293, 349, 11, 1, 0, 0, 0, 0, 0),
(2294, 349, 12, 1, 0, 0, 0, 0, 0),
(2298, 350, 9, 1, 0, 0, 0, 0, 0),
(2299, 350, 10, 1, 0, 0, 0, 0, 0),
(2300, 350, 11, 1, 0, 0, 0, 0, 0),
(2301, 350, 12, 1, 0, 0, 0, 0, 0),
(2305, 351, 9, 1, 0, 0, 0, 0, 0),
(2306, 351, 10, 1, 0, 0, 0, 0, 0),
(2307, 351, 11, 1, 0, 0, 0, 0, 0),
(2308, 351, 12, 1, 0, 0, 0, 0, 0),
(2312, 352, 9, 1, 0, 0, 0, 0, 0),
(2313, 352, 10, 1, 0, 0, 0, 0, 0),
(2314, 352, 11, 1, 0, 0, 0, 0, 0),
(2315, 352, 12, 1, 0, 0, 0, 0, 0),
(2319, 353, 9, 1, 0, 0, 0, 0, 0),
(2320, 353, 10, 1, 0, 0, 0, 0, 0),
(2321, 353, 11, 1, 0, 0, 0, 0, 0),
(2322, 353, 12, 1, 0, 0, 0, 0, 0),
(2326, 354, 9, 1, 0, 0, 0, 0, 0),
(2327, 354, 10, 1, 0, 0, 0, 0, 0),
(2328, 354, 11, 1, 0, 0, 0, 0, 0),
(2329, 354, 12, 1, 0, 0, 0, 0, 0),
(2333, 355, 9, 1, 0, 0, 0, 0, 0),
(2334, 355, 10, 1, 0, 0, 0, 0, 0),
(2335, 355, 11, 1, 0, 0, 0, 0, 0),
(2336, 355, 12, 1, 0, 0, 0, 0, 0),
(2340, 356, 9, 1, 0, 0, 0, 0, 0),
(2341, 356, 10, 1, 0, 0, 0, 0, 0),
(2342, 356, 11, 1, 0, 0, 0, 0, 0),
(2343, 356, 12, 1, 0, 0, 0, 0, 0),
(2347, 357, 9, 1, 0, 0, 0, 0, 0),
(2348, 357, 10, 1, 0, 0, 0, 0, 0),
(2349, 357, 11, 1, 0, 0, 0, 0, 0),
(2350, 357, 12, 1, 0, 0, 0, 0, 0),
(2354, 358, 9, 1, 0, 0, 0, 0, 0),
(2355, 358, 10, 1, 0, 0, 0, 0, 0),
(2356, 358, 11, 1, 0, 0, 0, 0, 0),
(2357, 358, 12, 1, 0, 0, 0, 0, 0),
(2361, 359, 9, 1, 0, 0, 0, 0, 0),
(2362, 359, 10, 1, 0, 0, 0, 0, 0),
(2363, 359, 11, 1, 0, 0, 0, 0, 0),
(2364, 359, 12, 1, 0, 0, 0, 0, 0),
(2368, 360, 9, 1, 0, 0, 0, 0, 0),
(2369, 360, 10, 1, 0, 0, 0, 0, 0),
(2370, 360, 11, 1, 0, 0, 0, 0, 0),
(2371, 360, 12, 1, 0, 0, 0, 0, 0),
(2375, 361, 9, 1, 0, 0, 0, 0, 0),
(2376, 361, 10, 1, 0, 0, 0, 0, 0),
(2377, 361, 11, 1, 0, 0, 0, 0, 0),
(2378, 361, 12, 1, 0, 0, 0, 0, 0),
(2382, 362, 9, 1, 0, 0, 0, 0, 0),
(2383, 362, 10, 1, 0, 0, 0, 0, 0),
(2384, 362, 11, 1, 0, 0, 0, 0, 0),
(2385, 362, 12, 1, 0, 0, 0, 0, 0),
(2389, 363, 9, 1, 0, 0, 0, 0, 0),
(2390, 363, 10, 1, 0, 0, 0, 0, 0),
(2391, 363, 11, 1, 0, 0, 0, 0, 0),
(2392, 363, 12, 1, 0, 0, 0, 0, 0),
(2396, 364, 9, 1, 0, 0, 0, 0, 0),
(2397, 364, 10, 1, 0, 0, 0, 0, 0),
(2398, 364, 11, 1, 0, 0, 0, 0, 0),
(2399, 364, 12, 1, 0, 0, 0, 0, 0),
(2403, 365, 9, 1, 0, 0, 0, 0, 0),
(2404, 365, 10, 1, 0, 0, 0, 0, 0),
(2405, 365, 11, 1, 0, 0, 0, 0, 0),
(2406, 365, 12, 1, 0, 0, 0, 0, 0),
(2410, 366, 9, 1, 0, 0, 0, 0, 0),
(2411, 366, 10, 1, 0, 0, 0, 0, 0),
(2412, 366, 11, 1, 0, 0, 0, 0, 0),
(2413, 366, 12, 1, 0, 0, 0, 0, 0),
(2417, 367, 9, 1, 0, 0, 0, 0, 0),
(2418, 367, 10, 1, 0, 0, 0, 0, 0),
(2419, 367, 11, 1, 0, 0, 0, 0, 0),
(2420, 367, 12, 1, 0, 0, 0, 0, 0),
(2424, 368, 9, 1, 0, 0, 0, 0, 0),
(2425, 368, 10, 1, 0, 0, 0, 0, 0),
(2426, 368, 11, 1, 0, 0, 0, 0, 0),
(2427, 368, 12, 1, 0, 0, 0, 0, 0),
(2431, 369, 9, 1, 0, 0, 0, 0, 0),
(2432, 369, 10, 1, 0, 0, 0, 0, 0),
(2433, 369, 11, 1, 0, 0, 0, 0, 0),
(2434, 369, 12, 1, 0, 0, 0, 0, 0),
(2438, 370, 9, 1, 0, 0, 0, 0, 0),
(2439, 370, 10, 1, 0, 0, 0, 0, 0),
(2440, 370, 11, 1, 0, 0, 0, 0, 0),
(2441, 370, 12, 1, 0, 0, 0, 0, 0),
(2445, 371, 9, 1, 0, 0, 0, 0, 0),
(2446, 371, 10, 1, 0, 0, 0, 0, 0),
(2447, 371, 11, 1, 0, 0, 0, 0, 0),
(2448, 371, 12, 1, 0, 0, 0, 0, 0),
(2452, 372, 9, 1, 0, 0, 0, 0, 0),
(2453, 372, 10, 1, 0, 0, 0, 0, 0),
(2454, 372, 11, 1, 0, 0, 0, 0, 0),
(2455, 372, 12, 1, 0, 0, 0, 0, 0),
(2459, 373, 9, 1, 0, 0, 0, 0, 0),
(2460, 373, 10, 1, 0, 0, 0, 0, 0),
(2461, 373, 11, 1, 0, 0, 0, 0, 0),
(2462, 373, 12, 1, 0, 0, 0, 0, 0),
(2466, 374, 9, 1, 0, 0, 0, 0, 0),
(2467, 374, 10, 1, 0, 0, 0, 0, 0),
(2468, 374, 11, 1, 0, 0, 0, 0, 0),
(2469, 374, 12, 1, 0, 0, 0, 0, 0),
(2473, 375, 9, 1, 0, 0, 0, 0, 0),
(2474, 375, 10, 1, 0, 0, 0, 0, 0),
(2475, 375, 11, 1, 0, 0, 0, 0, 0),
(2476, 375, 12, 1, 0, 0, 0, 0, 0),
(2480, 376, 9, 1, 0, 0, 0, 0, 0),
(2481, 376, 10, 1, 0, 0, 0, 0, 0),
(2482, 376, 11, 1, 0, 0, 0, 0, 0),
(2483, 376, 12, 1, 0, 0, 0, 0, 0),
(2487, 377, 9, 1, 0, 0, 0, 0, 0),
(2488, 377, 10, 1, 0, 0, 0, 0, 0),
(2489, 377, 11, 1, 0, 0, 0, 0, 0),
(2490, 377, 12, 1, 0, 0, 0, 0, 0),
(2494, 378, 9, 1, 0, 0, 0, 0, 0),
(2495, 378, 10, 1, 0, 0, 0, 0, 0),
(2496, 378, 11, 1, 0, 0, 0, 0, 0),
(2497, 378, 12, 1, 0, 0, 0, 0, 0),
(2501, 379, 9, 1, 0, 0, 0, 0, 0),
(2502, 379, 10, 1, 0, 0, 0, 0, 0),
(2503, 379, 11, 1, 0, 0, 0, 0, 0),
(2504, 379, 12, 1, 0, 0, 0, 0, 0),
(2508, 380, 9, 1, 0, 0, 0, 0, 0),
(2509, 380, 10, 1, 0, 0, 0, 0, 0),
(2510, 380, 11, 1, 0, 0, 0, 0, 0),
(2511, 380, 12, 1, 0, 0, 0, 0, 0),
(2515, 381, 9, 1, 0, 0, 0, 0, 0),
(2516, 381, 10, 1, 0, 0, 0, 0, 0),
(2517, 381, 11, 1, 0, 0, 0, 0, 0),
(2518, 381, 12, 1, 0, 0, 0, 0, 0),
(2522, 382, 9, 1, 0, 0, 0, 0, 0),
(2523, 382, 10, 1, 0, 0, 0, 0, 0),
(2524, 382, 11, 1, 0, 0, 0, 0, 0),
(2525, 382, 12, 1, 0, 0, 0, 0, 0),
(2529, 383, 9, 1, 0, 0, 0, 0, 0),
(2530, 383, 10, 1, 0, 0, 0, 0, 0),
(2531, 383, 11, 1, 0, 0, 0, 0, 0),
(2532, 383, 12, 1, 0, 0, 0, 0, 0),
(2536, 384, 9, 1, 0, 0, 0, 0, 0),
(2537, 384, 10, 1, 0, 0, 0, 0, 0),
(2538, 384, 11, 1, 0, 0, 0, 0, 0),
(2539, 384, 12, 1, 0, 0, 0, 0, 0),
(2543, 385, 9, 1, 0, 0, 0, 0, 0),
(2544, 385, 10, 1, 0, 0, 0, 0, 0),
(2545, 385, 11, 1, 0, 0, 0, 0, 0),
(2546, 385, 12, 1, 0, 0, 0, 0, 0),
(2550, 386, 9, 1, 0, 0, 0, 0, 0),
(2551, 386, 10, 1, 0, 0, 0, 0, 0),
(2552, 386, 11, 1, 0, 0, 0, 0, 0),
(2553, 386, 12, 1, 0, 0, 0, 0, 0),
(2557, 387, 9, 1, 0, 0, 0, 0, 0),
(2558, 387, 10, 1, 0, 0, 0, 0, 0),
(2559, 387, 11, 1, 0, 0, 0, 0, 0),
(2560, 387, 12, 1, 0, 0, 0, 0, 0),
(2564, 388, 9, 1, 0, 0, 0, 0, 0),
(2565, 388, 10, 1, 0, 0, 0, 0, 0),
(2566, 388, 11, 1, 0, 0, 0, 0, 0),
(2567, 388, 12, 1, 0, 0, 0, 0, 0),
(2571, 389, 9, 1, 0, 0, 0, 0, 0),
(2572, 389, 10, 1, 0, 0, 0, 0, 0),
(2573, 389, 11, 1, 0, 0, 0, 0, 0),
(2574, 389, 12, 1, 0, 0, 0, 0, 0),
(2578, 390, 9, 1, 0, 0, 0, 0, 0),
(2579, 390, 10, 1, 0, 0, 0, 0, 0),
(2580, 390, 11, 1, 0, 0, 0, 0, 0),
(2581, 390, 12, 1, 0, 0, 0, 0, 0),
(2585, 391, 9, 1, 0, 0, 0, 0, 0),
(2586, 391, 10, 1, 0, 0, 0, 0, 0),
(2587, 391, 11, 1, 0, 0, 0, 0, 0),
(2588, 391, 12, 1, 0, 0, 0, 0, 0),
(2592, 392, 9, 1, 0, 0, 0, 0, 0),
(2593, 392, 10, 1, 0, 0, 0, 0, 0),
(2594, 392, 11, 1, 0, 0, 0, 0, 0),
(2595, 392, 12, 1, 0, 0, 0, 0, 0),
(2599, 393, 9, 1, 0, 0, 0, 0, 0),
(2600, 393, 10, 1, 0, 0, 0, 0, 0),
(2601, 393, 11, 1, 0, 0, 0, 0, 0),
(2602, 393, 12, 1, 0, 0, 0, 0, 0),
(2606, 394, 9, 1, 0, 0, 0, 0, 0),
(2607, 394, 10, 1, 0, 0, 0, 0, 0),
(2608, 394, 11, 1, 0, 0, 0, 0, 0),
(2609, 394, 12, 1, 0, 0, 0, 0, 0),
(2613, 395, 9, 1, 0, 0, 0, 0, 0),
(2614, 395, 10, 1, 0, 0, 0, 0, 0),
(2615, 395, 11, 1, 0, 0, 0, 0, 0),
(2616, 395, 12, 1, 0, 0, 0, 0, 0),
(2620, 396, 9, 1, 0, 0, 0, 0, 0),
(2621, 396, 10, 1, 0, 0, 0, 0, 0),
(2622, 396, 11, 1, 0, 0, 0, 0, 0),
(2623, 396, 12, 1, 0, 0, 0, 0, 0),
(2627, 397, 9, 1, 0, 0, 0, 0, 0),
(2628, 397, 10, 1, 0, 0, 0, 0, 0),
(2629, 397, 11, 1, 0, 0, 0, 0, 0),
(2630, 397, 12, 1, 0, 0, 0, 0, 0),
(2634, 398, 9, 1, 0, 0, 0, 0, 0),
(2635, 398, 10, 1, 0, 0, 0, 0, 0),
(2636, 398, 11, 1, 0, 0, 0, 0, 0),
(2637, 398, 12, 1, 0, 0, 0, 0, 0),
(2641, 399, 9, 1, 0, 0, 0, 0, 0),
(2642, 399, 10, 1, 0, 0, 0, 0, 0),
(2643, 399, 11, 1, 0, 0, 0, 0, 0),
(2644, 399, 12, 1, 0, 0, 0, 0, 0),
(2648, 400, 9, 1, 0, 0, 0, 0, 0),
(2649, 400, 10, 1, 0, 0, 0, 0, 0),
(2650, 400, 11, 1, 0, 0, 0, 0, 0),
(2651, 400, 12, 1, 0, 0, 0, 0, 0),
(2655, 401, 9, 1, 0, 0, 0, 0, 0),
(2656, 401, 10, 1, 0, 0, 0, 0, 0),
(2657, 401, 11, 1, 0, 0, 0, 0, 0),
(2658, 401, 12, 1, 0, 0, 0, 0, 0),
(2662, 402, 9, 1, 0, 0, 0, 0, 0),
(2663, 402, 10, 1, 0, 0, 0, 0, 0),
(2664, 402, 11, 1, 0, 0, 0, 0, 0),
(2665, 402, 12, 1, 0, 0, 0, 0, 0),
(2669, 403, 9, 1, 0, 0, 0, 0, 0),
(2670, 403, 10, 1, 0, 0, 0, 0, 0),
(2671, 403, 11, 1, 0, 0, 0, 0, 0),
(2672, 403, 12, 1, 0, 0, 0, 0, 0),
(2676, 404, 9, 1, 0, 0, 0, 0, 0),
(2677, 404, 10, 1, 0, 0, 0, 0, 0),
(2678, 404, 11, 1, 0, 0, 0, 0, 0),
(2679, 404, 12, 1, 0, 0, 0, 0, 0),
(2683, 405, 9, 1, 0, 0, 0, 0, 0),
(2684, 405, 10, 1, 0, 0, 0, 0, 0),
(2685, 405, 11, 1, 0, 0, 0, 0, 0),
(2686, 405, 12, 1, 0, 0, 0, 0, 0),
(2690, 406, 9, 1, 0, 0, 0, 0, 0),
(2691, 406, 10, 1, 0, 0, 0, 0, 0),
(2692, 406, 11, 1, 0, 0, 0, 0, 0),
(2693, 406, 12, 1, 0, 0, 0, 0, 0),
(2697, 407, 9, 1, 0, 0, 0, 0, 0),
(2698, 407, 10, 1, 0, 0, 0, 0, 0),
(2699, 407, 11, 1, 0, 0, 0, 0, 0),
(2700, 407, 12, 1, 0, 0, 0, 0, 0),
(2704, 408, 9, 1, 0, 0, 0, 0, 0),
(2705, 408, 10, 1, 0, 0, 0, 0, 0),
(2706, 408, 11, 1, 0, 0, 0, 0, 0),
(2707, 408, 12, 1, 0, 0, 0, 0, 0),
(2711, 409, 9, 1, 0, 0, 0, 0, 0),
(2712, 409, 10, 1, 0, 0, 0, 0, 0),
(2713, 409, 11, 1, 0, 0, 0, 0, 0),
(2714, 409, 12, 1, 0, 0, 0, 0, 0),
(2718, 410, 9, 1, 0, 0, 0, 0, 0),
(2719, 410, 10, 1, 0, 0, 0, 0, 0),
(2720, 410, 11, 1, 0, 0, 0, 0, 0),
(2721, 410, 12, 1, 0, 0, 0, 0, 0),
(2725, 411, 9, 1, 0, 0, 0, 0, 0),
(2726, 411, 10, 1, 0, 0, 0, 0, 0),
(2727, 411, 11, 1, 0, 0, 0, 0, 0),
(2728, 411, 12, 1, 0, 0, 0, 0, 0),
(2732, 412, 9, 1, 0, 0, 0, 0, 0),
(2733, 412, 10, 1, 0, 0, 0, 0, 0),
(2734, 412, 11, 1, 0, 0, 0, 0, 0),
(2735, 412, 12, 1, 0, 0, 0, 0, 0),
(2739, 413, 9, 1, 0, 0, 0, 0, 0),
(2740, 413, 10, 1, 0, 0, 0, 0, 0),
(2741, 413, 11, 1, 0, 0, 0, 0, 0),
(2742, 413, 12, 1, 0, 0, 0, 0, 0),
(2746, 414, 9, 1, 0, 0, 0, 0, 0),
(2747, 414, 10, 1, 0, 0, 0, 0, 0),
(2748, 414, 11, 1, 0, 0, 0, 0, 0),
(2749, 414, 12, 1, 0, 0, 0, 0, 0),
(2753, 415, 9, 1, 0, 0, 0, 0, 0),
(2754, 415, 10, 1, 0, 0, 0, 0, 0),
(2755, 415, 11, 1, 0, 0, 0, 0, 0),
(2756, 415, 12, 1, 0, 0, 0, 0, 0);
INSERT INTO `permisos_usuarios` (`id_permiso_usuario`, `idUsuario`, `id_modulo`, `ingresar`, `registrar`, `eliminar`, `modificar`, `reporte`, `otros`) VALUES
(2760, 416, 9, 1, 0, 0, 0, 0, 0),
(2761, 416, 10, 1, 0, 0, 0, 0, 0),
(2762, 416, 11, 1, 0, 0, 0, 0, 0),
(2763, 416, 12, 1, 0, 0, 0, 0, 0),
(2767, 417, 9, 1, 0, 0, 0, 0, 0),
(2768, 417, 10, 1, 0, 0, 0, 0, 0),
(2769, 417, 11, 1, 0, 0, 0, 0, 0),
(2770, 417, 12, 1, 0, 0, 0, 0, 0),
(2774, 418, 9, 1, 0, 0, 0, 0, 0),
(2775, 418, 10, 1, 0, 0, 0, 0, 0),
(2776, 418, 11, 1, 0, 0, 0, 0, 0),
(2777, 418, 12, 1, 0, 0, 0, 0, 0),
(2781, 419, 9, 1, 0, 0, 0, 0, 0),
(2782, 419, 10, 1, 0, 0, 0, 0, 0),
(2783, 419, 11, 1, 0, 0, 0, 0, 0),
(2784, 419, 12, 1, 0, 0, 0, 0, 0),
(2788, 420, 9, 1, 0, 0, 0, 0, 0),
(2789, 420, 10, 1, 0, 0, 0, 0, 0),
(2790, 420, 11, 1, 0, 0, 0, 0, 0),
(2791, 420, 12, 1, 0, 0, 0, 0, 0),
(2795, 421, 9, 1, 0, 0, 0, 0, 0),
(2796, 421, 10, 1, 0, 0, 0, 0, 0),
(2797, 421, 11, 1, 0, 0, 0, 0, 0),
(2798, 421, 12, 1, 0, 0, 0, 0, 0),
(2802, 422, 9, 1, 0, 0, 0, 0, 0),
(2803, 422, 10, 1, 0, 0, 0, 0, 0),
(2804, 422, 11, 1, 0, 0, 0, 0, 0),
(2805, 422, 12, 1, 0, 0, 0, 0, 0),
(2809, 423, 9, 1, 0, 0, 0, 0, 0),
(2810, 423, 10, 1, 0, 0, 0, 0, 0),
(2811, 423, 11, 1, 0, 0, 0, 0, 0),
(2812, 423, 12, 1, 0, 0, 0, 0, 0),
(2816, 424, 9, 1, 0, 0, 0, 0, 0),
(2817, 424, 10, 1, 0, 0, 0, 0, 0),
(2818, 424, 11, 1, 0, 0, 0, 0, 0),
(2819, 424, 12, 1, 0, 0, 0, 0, 0),
(2823, 425, 9, 1, 0, 0, 0, 0, 0),
(2824, 425, 10, 1, 0, 0, 0, 0, 0),
(2825, 425, 11, 1, 0, 0, 0, 0, 0),
(2826, 425, 12, 1, 0, 0, 0, 0, 0),
(2830, 426, 9, 1, 0, 0, 0, 0, 0),
(2831, 426, 10, 1, 0, 0, 0, 0, 0),
(2832, 426, 11, 1, 0, 0, 0, 0, 0),
(2833, 426, 12, 1, 0, 0, 0, 0, 0),
(2837, 427, 9, 1, 0, 0, 0, 0, 0),
(2838, 427, 10, 1, 0, 0, 0, 0, 0),
(2839, 427, 11, 1, 0, 0, 0, 0, 0),
(2840, 427, 12, 1, 0, 0, 0, 0, 0),
(2844, 428, 9, 1, 0, 0, 0, 0, 0),
(2845, 428, 10, 1, 0, 0, 0, 0, 0),
(2846, 428, 11, 1, 0, 0, 0, 0, 0),
(2847, 428, 12, 1, 0, 0, 0, 0, 0),
(2851, 429, 9, 1, 0, 0, 0, 0, 0),
(2852, 429, 10, 1, 0, 0, 0, 0, 0),
(2853, 429, 11, 1, 0, 0, 0, 0, 0),
(2854, 429, 12, 1, 0, 0, 0, 0, 0),
(2858, 430, 9, 1, 0, 0, 0, 0, 0),
(2859, 430, 10, 1, 0, 0, 0, 0, 0),
(2860, 430, 11, 1, 0, 0, 0, 0, 0),
(2861, 430, 12, 1, 0, 0, 0, 0, 0),
(2865, 431, 9, 1, 0, 0, 0, 0, 0),
(2866, 431, 10, 1, 0, 0, 0, 0, 0),
(2867, 431, 11, 1, 0, 0, 0, 0, 0),
(2868, 431, 12, 1, 0, 0, 0, 0, 0),
(2872, 432, 9, 1, 0, 0, 0, 0, 0),
(2873, 432, 10, 1, 0, 0, 0, 0, 0),
(2874, 432, 11, 1, 0, 0, 0, 0, 0),
(2875, 432, 12, 1, 0, 0, 0, 0, 0),
(2879, 433, 9, 1, 0, 0, 0, 0, 0),
(2880, 433, 10, 1, 0, 0, 0, 0, 0),
(2881, 433, 11, 1, 0, 0, 0, 0, 0),
(2882, 433, 12, 1, 0, 0, 0, 0, 0),
(2886, 434, 9, 1, 0, 0, 0, 0, 0),
(2887, 434, 10, 1, 0, 0, 0, 0, 0),
(2888, 434, 11, 1, 0, 0, 0, 0, 0),
(2889, 434, 12, 1, 0, 0, 0, 0, 0),
(2893, 435, 9, 1, 0, 0, 0, 0, 0),
(2894, 435, 10, 1, 0, 0, 0, 0, 0),
(2895, 435, 11, 1, 0, 0, 0, 0, 0),
(2896, 435, 12, 1, 0, 0, 0, 0, 0),
(2900, 436, 9, 1, 0, 0, 0, 0, 0),
(2901, 436, 10, 1, 0, 0, 0, 0, 0),
(2902, 436, 11, 1, 0, 0, 0, 0, 0),
(2903, 436, 12, 1, 0, 0, 0, 0, 0),
(2907, 437, 9, 1, 0, 0, 0, 0, 0),
(2908, 437, 10, 1, 0, 0, 0, 0, 0),
(2909, 437, 11, 1, 0, 0, 0, 0, 0),
(2910, 437, 12, 1, 0, 0, 0, 0, 0),
(2914, 438, 9, 1, 0, 0, 0, 0, 0),
(2915, 438, 10, 1, 0, 0, 0, 0, 0),
(2916, 438, 11, 1, 0, 0, 0, 0, 0),
(2917, 438, 12, 1, 0, 0, 0, 0, 0),
(2921, 439, 9, 1, 0, 0, 0, 0, 0),
(2922, 439, 10, 1, 0, 0, 0, 0, 0),
(2923, 439, 11, 1, 0, 0, 0, 0, 0),
(2924, 439, 12, 1, 0, 0, 0, 0, 0),
(2928, 440, 9, 1, 0, 0, 0, 0, 0),
(2929, 440, 10, 1, 0, 0, 0, 0, 0),
(2930, 440, 11, 1, 0, 0, 0, 0, 0),
(2931, 440, 12, 1, 0, 0, 0, 0, 0),
(2935, 441, 9, 1, 0, 0, 0, 0, 0),
(2936, 441, 10, 1, 0, 0, 0, 0, 0),
(2937, 441, 11, 1, 0, 0, 0, 0, 0),
(2938, 441, 12, 1, 0, 0, 0, 0, 0),
(2942, 442, 9, 1, 0, 0, 0, 0, 0),
(2943, 442, 10, 1, 0, 0, 0, 0, 0),
(2944, 442, 11, 1, 0, 0, 0, 0, 0),
(2945, 442, 12, 1, 0, 0, 0, 0, 0),
(2949, 443, 9, 1, 0, 0, 0, 0, 0),
(2950, 443, 10, 1, 0, 0, 0, 0, 0),
(2951, 443, 11, 1, 0, 0, 0, 0, 0),
(2952, 443, 12, 1, 0, 0, 0, 0, 0),
(2956, 444, 9, 1, 0, 0, 0, 0, 0),
(2957, 444, 10, 1, 0, 0, 0, 0, 0),
(2958, 444, 11, 1, 0, 0, 0, 0, 0),
(2959, 444, 12, 1, 0, 0, 0, 0, 0),
(2963, 445, 9, 1, 0, 0, 0, 0, 0),
(2964, 445, 10, 1, 0, 0, 0, 0, 0),
(2965, 445, 11, 1, 0, 0, 0, 0, 0),
(2966, 445, 12, 1, 0, 0, 0, 0, 0),
(2970, 446, 9, 1, 0, 0, 0, 0, 0),
(2971, 446, 10, 1, 0, 0, 0, 0, 0),
(2972, 446, 11, 1, 0, 0, 0, 0, 0),
(2973, 446, 12, 1, 0, 0, 0, 0, 0),
(2977, 447, 9, 1, 0, 0, 0, 0, 0),
(2978, 447, 10, 1, 0, 0, 0, 0, 0),
(2979, 447, 11, 1, 0, 0, 0, 0, 0),
(2980, 447, 12, 1, 0, 0, 0, 0, 0),
(2984, 448, 9, 1, 0, 0, 0, 0, 0),
(2985, 448, 10, 1, 0, 0, 0, 0, 0),
(2986, 448, 11, 1, 0, 0, 0, 0, 0),
(2987, 448, 12, 1, 0, 0, 0, 0, 0),
(2991, 449, 9, 1, 0, 0, 0, 0, 0),
(2992, 449, 10, 1, 0, 0, 0, 0, 0),
(2993, 449, 11, 1, 0, 0, 0, 0, 0),
(2994, 449, 12, 1, 0, 0, 0, 0, 0),
(2998, 450, 9, 1, 0, 0, 0, 0, 0),
(2999, 450, 10, 1, 0, 0, 0, 0, 0),
(3000, 450, 11, 1, 0, 0, 0, 0, 0),
(3001, 450, 12, 1, 0, 0, 0, 0, 0),
(3005, 451, 9, 1, 0, 0, 0, 0, 0),
(3006, 451, 10, 1, 0, 0, 0, 0, 0),
(3007, 451, 11, 1, 0, 0, 0, 0, 0),
(3008, 451, 12, 1, 0, 0, 0, 0, 0),
(3012, 452, 9, 1, 0, 0, 0, 0, 0),
(3013, 452, 10, 1, 0, 0, 0, 0, 0),
(3014, 452, 11, 1, 0, 0, 0, 0, 0),
(3015, 452, 12, 1, 0, 0, 0, 0, 0),
(3019, 453, 9, 1, 0, 0, 0, 0, 0),
(3020, 453, 10, 1, 0, 0, 0, 0, 0),
(3021, 453, 11, 1, 0, 0, 0, 0, 0),
(3022, 453, 12, 1, 0, 0, 0, 0, 0),
(3026, 454, 9, 1, 0, 0, 0, 0, 0),
(3027, 454, 10, 1, 0, 0, 0, 0, 0),
(3028, 454, 11, 1, 0, 0, 0, 0, 0),
(3029, 454, 12, 1, 0, 0, 0, 0, 0),
(3033, 455, 9, 1, 0, 0, 0, 0, 0),
(3034, 455, 10, 1, 0, 0, 0, 0, 0),
(3035, 455, 11, 1, 0, 0, 0, 0, 0),
(3036, 455, 12, 1, 0, 0, 0, 0, 0),
(3040, 456, 9, 1, 0, 0, 0, 0, 0),
(3041, 456, 10, 1, 0, 0, 0, 0, 0),
(3042, 456, 11, 1, 0, 0, 0, 0, 0),
(3043, 456, 12, 1, 0, 0, 0, 0, 0),
(3047, 457, 9, 1, 0, 0, 0, 0, 0),
(3048, 457, 10, 1, 0, 0, 0, 0, 0),
(3049, 457, 11, 1, 0, 0, 0, 0, 0),
(3050, 457, 12, 1, 0, 0, 0, 0, 0),
(3054, 458, 9, 1, 0, 0, 0, 0, 0),
(3055, 458, 10, 1, 0, 0, 0, 0, 0),
(3056, 458, 11, 1, 0, 0, 0, 0, 0),
(3057, 458, 12, 1, 0, 0, 0, 0, 0),
(3061, 459, 9, 1, 0, 0, 0, 0, 0),
(3062, 459, 10, 1, 0, 0, 0, 0, 0),
(3063, 459, 11, 1, 0, 0, 0, 0, 0),
(3064, 459, 12, 1, 0, 0, 0, 0, 0),
(3068, 460, 9, 1, 0, 0, 0, 0, 0),
(3069, 460, 10, 1, 0, 0, 0, 0, 0),
(3070, 460, 11, 1, 0, 0, 0, 0, 0),
(3071, 460, 12, 1, 0, 0, 0, 0, 0),
(3075, 461, 9, 1, 0, 0, 0, 0, 0),
(3076, 461, 10, 1, 0, 0, 0, 0, 0),
(3077, 461, 11, 1, 0, 0, 0, 0, 0),
(3078, 461, 12, 1, 0, 0, 0, 0, 0),
(3082, 462, 9, 1, 0, 0, 0, 0, 0),
(3083, 462, 10, 1, 0, 0, 0, 0, 0),
(3084, 462, 11, 1, 0, 0, 0, 0, 0),
(3085, 462, 12, 1, 0, 0, 0, 0, 0),
(3089, 463, 9, 1, 0, 0, 0, 0, 0),
(3090, 463, 10, 1, 0, 0, 0, 0, 0),
(3091, 463, 11, 1, 0, 0, 0, 0, 0),
(3092, 463, 12, 1, 0, 0, 0, 0, 0),
(3096, 464, 9, 1, 0, 0, 0, 0, 0),
(3097, 464, 10, 1, 0, 0, 0, 0, 0),
(3098, 464, 11, 1, 0, 0, 0, 0, 0),
(3099, 464, 12, 1, 0, 0, 0, 0, 0),
(3103, 465, 9, 1, 0, 0, 0, 0, 0),
(3104, 465, 10, 1, 0, 0, 0, 0, 0),
(3105, 465, 11, 1, 0, 0, 0, 0, 0),
(3106, 465, 12, 1, 0, 0, 0, 0, 0),
(3110, 466, 9, 1, 0, 0, 0, 0, 0),
(3111, 466, 10, 1, 0, 0, 0, 0, 0),
(3112, 466, 11, 1, 0, 0, 0, 0, 0),
(3113, 466, 12, 1, 0, 0, 0, 0, 0),
(3117, 467, 9, 1, 0, 0, 0, 0, 0),
(3118, 467, 10, 1, 0, 0, 0, 0, 0),
(3119, 467, 11, 1, 0, 0, 0, 0, 0),
(3120, 467, 12, 1, 0, 0, 0, 0, 0),
(3124, 468, 9, 1, 0, 0, 0, 0, 0),
(3125, 468, 10, 1, 0, 0, 0, 0, 0),
(3126, 468, 11, 1, 0, 0, 0, 0, 0),
(3127, 468, 12, 1, 0, 0, 0, 0, 0),
(3131, 469, 9, 1, 0, 0, 0, 0, 0),
(3132, 469, 10, 1, 0, 0, 0, 0, 0),
(3133, 469, 11, 1, 0, 0, 0, 0, 0),
(3134, 469, 12, 1, 0, 0, 0, 0, 0),
(3138, 470, 9, 1, 0, 0, 0, 0, 0),
(3139, 470, 10, 1, 0, 0, 0, 0, 0),
(3140, 470, 11, 1, 0, 0, 0, 0, 0),
(3141, 470, 12, 1, 0, 0, 0, 0, 0),
(3145, 471, 9, 1, 0, 0, 0, 0, 0),
(3146, 471, 10, 1, 0, 0, 0, 0, 0),
(3147, 471, 11, 1, 0, 0, 0, 0, 0),
(3148, 471, 12, 1, 0, 0, 0, 0, 0),
(3152, 472, 9, 1, 0, 0, 0, 0, 0),
(3153, 472, 10, 1, 0, 0, 0, 0, 0),
(3154, 472, 11, 1, 0, 0, 0, 0, 0),
(3155, 472, 12, 1, 0, 0, 0, 0, 0),
(3159, 473, 9, 1, 0, 0, 0, 0, 0),
(3160, 473, 10, 1, 0, 0, 0, 0, 0),
(3161, 473, 11, 1, 0, 0, 0, 0, 0),
(3162, 473, 12, 1, 0, 0, 0, 0, 0),
(3166, 474, 9, 1, 0, 0, 0, 0, 0),
(3167, 474, 10, 1, 0, 0, 0, 0, 0),
(3168, 474, 11, 1, 0, 0, 0, 0, 0),
(3169, 474, 12, 1, 0, 0, 0, 0, 0),
(3173, 475, 9, 1, 0, 0, 0, 0, 0),
(3174, 475, 10, 1, 0, 0, 0, 0, 0),
(3175, 475, 11, 1, 0, 0, 0, 0, 0),
(3176, 475, 12, 1, 0, 0, 0, 0, 0),
(3180, 476, 9, 1, 0, 0, 0, 0, 0),
(3181, 476, 10, 1, 0, 0, 0, 0, 0),
(3182, 476, 11, 1, 0, 0, 0, 0, 0),
(3183, 476, 12, 1, 0, 0, 0, 0, 0),
(3187, 477, 9, 1, 0, 0, 0, 0, 0),
(3188, 477, 10, 1, 0, 0, 0, 0, 0),
(3189, 477, 11, 1, 0, 0, 0, 0, 0),
(3190, 477, 12, 1, 0, 0, 0, 0, 0),
(3194, 478, 9, 1, 0, 0, 0, 0, 0),
(3195, 478, 10, 1, 0, 0, 0, 0, 0),
(3196, 478, 11, 1, 0, 0, 0, 0, 0),
(3197, 478, 12, 1, 0, 0, 0, 0, 0),
(3201, 479, 9, 1, 0, 0, 0, 0, 0),
(3202, 479, 10, 1, 0, 0, 0, 0, 0),
(3203, 479, 11, 1, 0, 0, 0, 0, 0),
(3204, 479, 12, 1, 0, 0, 0, 0, 0),
(3208, 480, 9, 1, 0, 0, 0, 0, 0),
(3209, 480, 10, 1, 0, 0, 0, 0, 0),
(3210, 480, 11, 1, 0, 0, 0, 0, 0),
(3211, 480, 12, 1, 0, 0, 0, 0, 0),
(3215, 481, 9, 1, 0, 0, 0, 0, 0),
(3216, 481, 10, 1, 0, 0, 0, 0, 0),
(3217, 481, 11, 1, 0, 0, 0, 0, 0),
(3218, 481, 12, 1, 0, 0, 0, 0, 0),
(3222, 482, 9, 1, 0, 0, 0, 0, 0),
(3223, 482, 10, 1, 0, 0, 0, 0, 0),
(3224, 482, 11, 1, 0, 0, 0, 0, 0),
(3225, 482, 12, 1, 0, 0, 0, 0, 0),
(3229, 483, 9, 1, 0, 0, 0, 0, 0),
(3230, 483, 10, 1, 0, 0, 0, 0, 0),
(3231, 483, 11, 1, 0, 0, 0, 0, 0),
(3232, 483, 12, 1, 0, 0, 0, 0, 0),
(3236, 484, 9, 1, 0, 0, 0, 0, 0),
(3237, 484, 10, 1, 0, 0, 0, 0, 0),
(3238, 484, 11, 1, 0, 0, 0, 0, 0),
(3239, 484, 12, 1, 0, 0, 0, 0, 0),
(3243, 485, 9, 1, 0, 0, 0, 0, 0),
(3244, 485, 10, 1, 0, 0, 0, 0, 0),
(3245, 485, 11, 1, 0, 0, 0, 0, 0),
(3246, 485, 12, 1, 0, 0, 0, 0, 0),
(3250, 486, 9, 1, 0, 0, 0, 0, 0),
(3251, 486, 10, 1, 0, 0, 0, 0, 0),
(3252, 486, 11, 1, 0, 0, 0, 0, 0),
(3253, 486, 12, 1, 0, 0, 0, 0, 0),
(3257, 487, 9, 1, 0, 0, 0, 0, 0),
(3258, 487, 10, 1, 0, 0, 0, 0, 0),
(3259, 487, 11, 1, 0, 0, 0, 0, 0),
(3260, 487, 12, 1, 0, 0, 0, 0, 0),
(3264, 488, 9, 1, 0, 0, 0, 0, 0),
(3265, 488, 10, 1, 0, 0, 0, 0, 0),
(3266, 488, 11, 1, 0, 0, 0, 0, 0),
(3267, 488, 12, 1, 0, 0, 0, 0, 0),
(3271, 489, 9, 1, 0, 0, 0, 0, 0),
(3272, 489, 10, 1, 0, 0, 0, 0, 0),
(3273, 489, 11, 1, 0, 0, 0, 0, 0),
(3274, 489, 12, 1, 0, 0, 0, 0, 0),
(3278, 490, 9, 1, 0, 0, 0, 0, 0),
(3279, 490, 10, 1, 0, 0, 0, 0, 0),
(3280, 490, 11, 1, 0, 0, 0, 0, 0),
(3281, 490, 12, 1, 0, 0, 0, 0, 0),
(3285, 491, 9, 1, 0, 0, 0, 0, 0),
(3286, 491, 10, 1, 0, 0, 0, 0, 0),
(3287, 491, 11, 1, 0, 0, 0, 0, 0),
(3288, 491, 12, 1, 0, 0, 0, 0, 0),
(3292, 492, 9, 1, 0, 0, 0, 0, 0),
(3293, 492, 10, 1, 0, 0, 0, 0, 0),
(3294, 492, 11, 1, 0, 0, 0, 0, 0),
(3295, 492, 12, 1, 0, 0, 0, 0, 0),
(3299, 493, 9, 1, 0, 0, 0, 0, 0),
(3300, 493, 10, 1, 0, 0, 0, 0, 0),
(3301, 493, 11, 1, 0, 0, 0, 0, 0),
(3302, 493, 12, 1, 0, 0, 0, 0, 0),
(3306, 494, 9, 1, 0, 0, 0, 0, 0),
(3307, 494, 10, 1, 0, 0, 0, 0, 0),
(3308, 494, 11, 1, 0, 0, 0, 0, 0),
(3309, 494, 12, 1, 0, 0, 0, 0, 0),
(3313, 495, 9, 1, 0, 0, 0, 0, 0),
(3314, 495, 10, 1, 0, 0, 0, 0, 0),
(3315, 495, 11, 1, 0, 0, 0, 0, 0),
(3316, 495, 12, 1, 0, 0, 0, 0, 0),
(3320, 496, 9, 1, 0, 0, 0, 0, 0),
(3321, 496, 10, 1, 0, 0, 0, 0, 0),
(3322, 496, 11, 1, 0, 0, 0, 0, 0),
(3323, 496, 12, 1, 0, 0, 0, 0, 0),
(3327, 497, 9, 1, 0, 0, 0, 0, 0),
(3328, 497, 10, 1, 0, 0, 0, 0, 0),
(3329, 497, 11, 1, 0, 0, 0, 0, 0),
(3330, 497, 12, 1, 0, 0, 0, 0, 0),
(3334, 498, 9, 1, 0, 0, 0, 0, 0),
(3335, 498, 10, 1, 0, 0, 0, 0, 0),
(3336, 498, 11, 1, 0, 0, 0, 0, 0),
(3337, 498, 12, 1, 0, 0, 0, 0, 0),
(3341, 499, 9, 1, 0, 0, 0, 0, 0),
(3342, 499, 10, 1, 0, 0, 0, 0, 0),
(3343, 499, 11, 1, 0, 0, 0, 0, 0),
(3344, 499, 12, 1, 0, 0, 0, 0, 0),
(3348, 500, 9, 1, 0, 0, 0, 0, 0),
(3349, 500, 10, 1, 0, 0, 0, 0, 0),
(3350, 500, 11, 1, 0, 0, 0, 0, 0),
(3351, 500, 12, 1, 0, 0, 0, 0, 0),
(3355, 501, 9, 1, 0, 0, 0, 0, 0),
(3356, 501, 10, 1, 0, 0, 0, 0, 0),
(3357, 501, 11, 1, 0, 0, 0, 0, 0),
(3358, 501, 12, 1, 0, 0, 0, 0, 0),
(3362, 502, 9, 1, 0, 0, 0, 0, 0),
(3363, 502, 10, 1, 0, 0, 0, 0, 0),
(3364, 502, 11, 1, 0, 0, 0, 0, 0),
(3365, 502, 12, 1, 0, 0, 0, 0, 0),
(3369, 503, 9, 1, 0, 0, 0, 0, 0),
(3370, 503, 10, 1, 0, 0, 0, 0, 0),
(3371, 503, 11, 1, 0, 0, 0, 0, 0),
(3372, 503, 12, 1, 0, 0, 0, 0, 0),
(3376, 504, 9, 1, 0, 0, 0, 0, 0),
(3377, 504, 10, 1, 0, 0, 0, 0, 0),
(3378, 504, 11, 1, 0, 0, 0, 0, 0),
(3379, 504, 12, 1, 0, 0, 0, 0, 0),
(3383, 505, 9, 1, 0, 0, 0, 0, 0),
(3384, 505, 10, 1, 0, 0, 0, 0, 0),
(3385, 505, 11, 1, 0, 0, 0, 0, 0),
(3386, 505, 12, 1, 0, 0, 0, 0, 0),
(3390, 506, 9, 1, 0, 0, 0, 0, 0),
(3391, 506, 10, 1, 0, 0, 0, 0, 0),
(3392, 506, 11, 1, 0, 0, 0, 0, 0),
(3393, 506, 12, 1, 0, 0, 0, 0, 0),
(3397, 507, 9, 1, 0, 0, 0, 0, 0),
(3398, 507, 10, 1, 0, 0, 0, 0, 0),
(3399, 507, 11, 1, 0, 0, 0, 0, 0),
(3400, 507, 12, 1, 0, 0, 0, 0, 0),
(3404, 508, 9, 1, 0, 0, 0, 0, 0),
(3405, 508, 10, 1, 0, 0, 0, 0, 0),
(3406, 508, 11, 1, 0, 0, 0, 0, 0),
(3407, 508, 12, 1, 0, 0, 0, 0, 0),
(3411, 509, 9, 1, 0, 0, 0, 0, 0),
(3412, 509, 10, 1, 0, 0, 0, 0, 0),
(3413, 509, 11, 1, 0, 0, 0, 0, 0),
(3414, 509, 12, 1, 0, 0, 0, 0, 0),
(3418, 510, 9, 1, 0, 0, 0, 0, 0),
(3419, 510, 10, 1, 0, 0, 0, 0, 0),
(3420, 510, 11, 1, 0, 0, 0, 0, 0),
(3421, 510, 12, 1, 0, 0, 0, 0, 0),
(3425, 511, 9, 1, 0, 0, 0, 0, 0),
(3426, 511, 10, 1, 0, 0, 0, 0, 0),
(3427, 511, 11, 1, 0, 0, 0, 0, 0),
(3428, 511, 12, 1, 0, 0, 0, 0, 0),
(3432, 512, 9, 1, 0, 0, 0, 0, 0),
(3433, 512, 10, 1, 0, 0, 0, 0, 0),
(3434, 512, 11, 1, 0, 0, 0, 0, 0),
(3435, 512, 12, 1, 0, 0, 0, 0, 0),
(3439, 513, 9, 1, 0, 0, 0, 0, 0),
(3440, 513, 10, 1, 0, 0, 0, 0, 0),
(3441, 513, 11, 1, 0, 0, 0, 0, 0),
(3442, 513, 12, 1, 0, 0, 0, 0, 0),
(3446, 514, 9, 1, 0, 0, 0, 0, 0),
(3447, 514, 10, 1, 0, 0, 0, 0, 0),
(3448, 514, 11, 1, 0, 0, 0, 0, 0),
(3449, 514, 12, 1, 0, 0, 0, 0, 0),
(3453, 515, 9, 1, 0, 0, 0, 0, 0),
(3454, 515, 10, 1, 0, 0, 0, 0, 0),
(3455, 515, 11, 1, 0, 0, 0, 0, 0),
(3456, 515, 12, 1, 0, 0, 0, 0, 0),
(3460, 516, 9, 1, 0, 0, 0, 0, 0),
(3461, 516, 10, 1, 0, 0, 0, 0, 0),
(3462, 516, 11, 1, 0, 0, 0, 0, 0),
(3463, 516, 12, 1, 0, 0, 0, 0, 0),
(3467, 517, 9, 1, 0, 0, 0, 0, 0),
(3468, 517, 10, 1, 0, 0, 0, 0, 0),
(3469, 517, 11, 1, 0, 0, 0, 0, 0),
(3470, 517, 12, 1, 0, 0, 0, 0, 0),
(3474, 518, 9, 1, 0, 0, 0, 0, 0),
(3475, 518, 10, 1, 0, 0, 0, 0, 0),
(3476, 518, 11, 1, 0, 0, 0, 0, 0),
(3477, 518, 12, 1, 0, 0, 0, 0, 0),
(3481, 519, 9, 1, 0, 0, 0, 0, 0),
(3482, 519, 10, 1, 0, 0, 0, 0, 0),
(3483, 519, 11, 1, 0, 0, 0, 0, 0),
(3484, 519, 12, 1, 0, 0, 0, 0, 0),
(3488, 520, 9, 1, 0, 0, 0, 0, 0),
(3489, 520, 10, 1, 0, 0, 0, 0, 0),
(3490, 520, 11, 1, 0, 0, 0, 0, 0),
(3491, 520, 12, 1, 0, 0, 0, 0, 0),
(3495, 521, 9, 1, 0, 0, 0, 0, 0),
(3496, 521, 10, 1, 0, 0, 0, 0, 0),
(3497, 521, 11, 1, 0, 0, 0, 0, 0),
(3498, 521, 12, 1, 0, 0, 0, 0, 0),
(3502, 522, 9, 1, 0, 0, 0, 0, 0),
(3503, 522, 10, 1, 0, 0, 0, 0, 0),
(3504, 522, 11, 1, 0, 0, 0, 0, 0),
(3505, 522, 12, 1, 0, 0, 0, 0, 0),
(3509, 523, 9, 1, 0, 0, 0, 0, 0),
(3510, 523, 10, 1, 0, 0, 0, 0, 0),
(3511, 523, 11, 1, 0, 0, 0, 0, 0),
(3512, 523, 12, 1, 0, 0, 0, 0, 0),
(3516, 524, 9, 1, 0, 0, 0, 0, 0),
(3517, 524, 10, 1, 0, 0, 0, 0, 0),
(3518, 524, 11, 1, 0, 0, 0, 0, 0),
(3519, 524, 12, 1, 0, 0, 0, 0, 0),
(3523, 525, 9, 1, 0, 0, 0, 0, 0),
(3524, 525, 10, 1, 0, 0, 0, 0, 0),
(3525, 525, 11, 1, 0, 0, 0, 0, 0),
(3526, 525, 12, 1, 0, 0, 0, 0, 0),
(3530, 526, 9, 1, 0, 0, 0, 0, 0),
(3531, 526, 10, 1, 0, 0, 0, 0, 0),
(3532, 526, 11, 1, 0, 0, 0, 0, 0),
(3533, 526, 12, 1, 0, 0, 0, 0, 0),
(3537, 527, 9, 1, 0, 0, 0, 0, 0),
(3538, 527, 10, 1, 0, 0, 0, 0, 0),
(3539, 527, 11, 1, 0, 0, 0, 0, 0),
(3540, 527, 12, 1, 0, 0, 0, 0, 0),
(3544, 529, 9, 1, 0, 0, 0, 0, 0),
(3545, 529, 10, 1, 0, 0, 0, 0, 0),
(3546, 529, 11, 1, 0, 0, 0, 0, 0),
(3547, 529, 12, 1, 0, 0, 0, 0, 0),
(3551, 530, 9, 1, 0, 0, 0, 0, 0),
(3552, 530, 10, 1, 0, 0, 0, 0, 0),
(3553, 530, 11, 1, 0, 0, 0, 0, 0),
(3554, 530, 12, 1, 0, 0, 0, 0, 0),
(3558, 531, 9, 1, 0, 0, 0, 0, 0),
(3559, 531, 10, 1, 0, 0, 0, 0, 0),
(3560, 531, 11, 1, 0, 0, 0, 0, 0),
(3561, 531, 12, 1, 0, 0, 0, 0, 0),
(3565, 532, 9, 1, 0, 0, 0, 0, 0),
(3566, 532, 10, 1, 0, 0, 0, 0, 0),
(3567, 532, 11, 1, 0, 0, 0, 0, 0),
(3568, 532, 12, 1, 0, 0, 0, 0, 0),
(3572, 533, 9, 1, 0, 0, 0, 0, 0),
(3573, 533, 10, 1, 0, 0, 0, 0, 0),
(3574, 533, 11, 1, 0, 0, 0, 0, 0),
(3575, 533, 12, 1, 0, 0, 0, 0, 0),
(3579, 534, 9, 1, 0, 0, 0, 0, 0),
(3580, 534, 10, 1, 0, 0, 0, 0, 0),
(3581, 534, 11, 1, 0, 0, 0, 0, 0),
(3582, 534, 12, 1, 0, 0, 0, 0, 0),
(3586, 535, 9, 1, 0, 0, 0, 0, 0),
(3587, 535, 10, 1, 0, 0, 0, 0, 0),
(3588, 535, 11, 1, 0, 0, 0, 0, 0),
(3589, 535, 12, 1, 0, 0, 0, 0, 0),
(3593, 536, 9, 1, 0, 0, 0, 0, 0),
(3594, 536, 10, 1, 0, 0, 0, 0, 0),
(3595, 536, 11, 1, 0, 0, 0, 0, 0),
(3596, 536, 12, 1, 0, 0, 0, 0, 0),
(3600, 537, 9, 1, 0, 0, 0, 0, 0),
(3601, 537, 10, 1, 0, 0, 0, 0, 0),
(3602, 537, 11, 1, 0, 0, 0, 0, 0),
(3603, 537, 12, 1, 0, 0, 0, 0, 0),
(3607, 538, 9, 1, 0, 0, 0, 0, 0),
(3608, 538, 10, 1, 0, 0, 0, 0, 0),
(3609, 538, 11, 1, 0, 0, 0, 0, 0),
(3610, 538, 12, 1, 0, 0, 0, 0, 0),
(3614, 539, 9, 1, 0, 0, 0, 0, 0),
(3615, 539, 10, 1, 0, 0, 0, 0, 0),
(3616, 539, 11, 1, 0, 0, 0, 0, 0),
(3617, 539, 12, 1, 0, 0, 0, 0, 0),
(3621, 540, 9, 1, 0, 0, 0, 0, 0),
(3622, 540, 10, 1, 0, 0, 0, 0, 0),
(3623, 540, 11, 1, 0, 0, 0, 0, 0),
(3624, 540, 12, 1, 0, 0, 0, 0, 0),
(3628, 541, 9, 1, 0, 0, 0, 0, 0),
(3629, 541, 10, 1, 0, 0, 0, 0, 0),
(3630, 541, 11, 1, 0, 0, 0, 0, 0),
(3631, 541, 12, 1, 0, 0, 0, 0, 0),
(3635, 542, 9, 1, 0, 0, 0, 0, 0),
(3636, 542, 10, 1, 0, 0, 0, 0, 0),
(3637, 542, 11, 1, 0, 0, 0, 0, 0),
(3638, 542, 12, 1, 0, 0, 0, 0, 0),
(3642, 543, 9, 1, 0, 0, 0, 0, 0),
(3643, 543, 10, 1, 0, 0, 0, 0, 0),
(3644, 543, 11, 1, 0, 0, 0, 0, 0),
(3645, 543, 12, 1, 0, 0, 0, 0, 0),
(3649, 544, 9, 1, 0, 0, 0, 0, 0),
(3650, 544, 10, 1, 0, 0, 0, 0, 0),
(3651, 544, 11, 1, 0, 0, 0, 0, 0),
(3652, 544, 12, 1, 0, 0, 0, 0, 0),
(3656, 545, 9, 1, 0, 0, 0, 0, 0),
(3657, 545, 10, 1, 0, 0, 0, 0, 0),
(3658, 545, 11, 1, 0, 0, 0, 0, 0),
(3659, 545, 12, 1, 0, 0, 0, 0, 0),
(3663, 546, 9, 1, 0, 0, 0, 0, 0),
(3664, 546, 10, 1, 0, 0, 0, 0, 0),
(3665, 546, 11, 1, 0, 0, 0, 0, 0),
(3666, 546, 12, 1, 0, 0, 0, 0, 0),
(3670, 547, 9, 1, 0, 0, 0, 0, 0),
(3671, 547, 10, 1, 0, 0, 0, 0, 0),
(3672, 547, 11, 1, 0, 0, 0, 0, 0),
(3673, 547, 12, 1, 0, 0, 0, 0, 0),
(3677, 548, 9, 1, 0, 0, 0, 0, 0),
(3678, 548, 10, 1, 0, 0, 0, 0, 0),
(3679, 548, 11, 1, 0, 0, 0, 0, 0),
(3680, 548, 12, 1, 0, 0, 0, 0, 0),
(3684, 549, 9, 1, 0, 0, 0, 0, 0),
(3685, 549, 10, 1, 0, 0, 0, 0, 0),
(3686, 549, 11, 1, 0, 0, 0, 0, 0),
(3687, 549, 12, 1, 0, 0, 0, 0, 0),
(3691, 550, 9, 1, 0, 0, 0, 0, 0),
(3692, 550, 10, 1, 0, 0, 0, 0, 0),
(3693, 550, 11, 1, 0, 0, 0, 0, 0),
(3694, 550, 12, 1, 0, 0, 0, 0, 0),
(3698, 551, 9, 1, 0, 0, 0, 0, 0),
(3699, 551, 10, 1, 0, 0, 0, 0, 0),
(3700, 551, 11, 1, 0, 0, 0, 0, 0),
(3701, 551, 12, 1, 0, 0, 0, 0, 0),
(3705, 552, 9, 1, 0, 0, 0, 0, 0),
(3706, 552, 10, 1, 0, 0, 0, 0, 0),
(3707, 552, 11, 1, 0, 0, 0, 0, 0),
(3708, 552, 12, 1, 0, 0, 0, 0, 0),
(3712, 553, 9, 1, 0, 0, 0, 0, 0),
(3713, 553, 10, 1, 0, 0, 0, 0, 0),
(3714, 553, 11, 1, 0, 0, 0, 0, 0),
(3715, 553, 12, 1, 0, 0, 0, 0, 0),
(3719, 554, 9, 1, 0, 0, 0, 0, 0),
(3720, 554, 10, 1, 0, 0, 0, 0, 0),
(3721, 554, 11, 1, 0, 0, 0, 0, 0),
(3722, 554, 12, 1, 0, 0, 0, 0, 0),
(3726, 555, 9, 1, 0, 0, 0, 0, 0),
(3727, 555, 10, 1, 0, 0, 0, 0, 0),
(3728, 555, 11, 1, 0, 0, 0, 0, 0),
(3729, 555, 12, 1, 0, 0, 0, 0, 0),
(3733, 556, 9, 1, 0, 0, 0, 0, 0),
(3734, 556, 10, 1, 0, 0, 0, 0, 0),
(3735, 556, 11, 1, 0, 0, 0, 0, 0),
(3736, 556, 12, 1, 0, 0, 0, 0, 0),
(3740, 557, 9, 1, 0, 0, 0, 0, 0),
(3741, 557, 10, 1, 0, 0, 0, 0, 0),
(3742, 557, 11, 1, 0, 0, 0, 0, 0),
(3743, 557, 12, 1, 0, 0, 0, 0, 0),
(3747, 558, 9, 1, 0, 0, 0, 0, 0),
(3748, 558, 10, 1, 0, 0, 0, 0, 0),
(3749, 558, 11, 1, 0, 0, 0, 0, 0),
(3750, 558, 12, 1, 0, 0, 0, 0, 0),
(3754, 559, 9, 1, 0, 0, 0, 0, 0),
(3755, 559, 10, 1, 0, 0, 0, 0, 0),
(3756, 559, 11, 1, 0, 0, 0, 0, 0),
(3757, 559, 12, 1, 0, 0, 0, 0, 0),
(3761, 560, 9, 1, 0, 0, 0, 0, 0),
(3762, 560, 10, 1, 0, 0, 0, 0, 0),
(3763, 560, 11, 1, 0, 0, 0, 0, 0),
(3764, 560, 12, 1, 0, 0, 0, 0, 0),
(3768, 561, 9, 1, 0, 0, 0, 0, 0),
(3769, 561, 10, 1, 0, 0, 0, 0, 0),
(3770, 561, 11, 1, 0, 0, 0, 0, 0),
(3771, 561, 12, 1, 0, 0, 0, 0, 0),
(3775, 562, 9, 1, 0, 0, 0, 0, 0),
(3776, 562, 10, 1, 0, 0, 0, 0, 0),
(3777, 562, 11, 1, 0, 0, 0, 0, 0),
(3778, 562, 12, 1, 0, 0, 0, 0, 0),
(3782, 563, 9, 1, 0, 0, 0, 0, 0),
(3783, 563, 10, 1, 0, 0, 0, 0, 0),
(3784, 563, 11, 1, 0, 0, 0, 0, 0),
(3785, 563, 12, 1, 0, 0, 0, 0, 0),
(3789, 564, 9, 1, 0, 0, 0, 0, 0),
(3790, 564, 10, 1, 0, 0, 0, 0, 0),
(3791, 564, 11, 1, 0, 0, 0, 0, 0),
(3792, 564, 12, 1, 0, 0, 0, 0, 0),
(3796, 565, 9, 1, 0, 0, 0, 0, 0),
(3797, 565, 10, 1, 0, 0, 0, 0, 0),
(3798, 565, 11, 1, 0, 0, 0, 0, 0),
(3799, 565, 12, 1, 0, 0, 0, 0, 0),
(3803, 566, 9, 1, 0, 0, 0, 0, 0),
(3804, 566, 10, 1, 0, 0, 0, 0, 0),
(3805, 566, 11, 1, 0, 0, 0, 0, 0),
(3806, 566, 12, 1, 0, 0, 0, 0, 0),
(3810, 567, 9, 1, 0, 0, 0, 0, 0),
(3811, 567, 10, 1, 0, 0, 0, 0, 0),
(3812, 567, 11, 1, 0, 0, 0, 0, 0),
(3813, 567, 12, 1, 0, 0, 0, 0, 0),
(3817, 568, 9, 1, 0, 0, 0, 0, 0),
(3818, 568, 10, 1, 0, 0, 0, 0, 0),
(3819, 568, 11, 1, 0, 0, 0, 0, 0),
(3820, 568, 12, 1, 0, 0, 0, 0, 0),
(3824, 569, 9, 1, 0, 0, 0, 0, 0),
(3825, 569, 10, 1, 0, 0, 0, 0, 0),
(3826, 569, 11, 1, 0, 0, 0, 0, 0),
(3827, 569, 12, 1, 0, 0, 0, 0, 0),
(3831, 570, 9, 1, 0, 0, 0, 0, 0),
(3832, 570, 10, 1, 0, 0, 0, 0, 0),
(3833, 570, 11, 1, 0, 0, 0, 0, 0),
(3834, 570, 12, 1, 0, 0, 0, 0, 0),
(3838, 571, 9, 1, 0, 0, 0, 0, 0),
(3839, 571, 10, 1, 0, 0, 0, 0, 0),
(3840, 571, 11, 1, 0, 0, 0, 0, 0),
(3841, 571, 12, 1, 0, 0, 0, 0, 0),
(3845, 572, 9, 1, 0, 0, 0, 0, 0),
(3846, 572, 10, 1, 0, 0, 0, 0, 0),
(3847, 572, 11, 1, 0, 0, 0, 0, 0),
(3848, 572, 12, 1, 0, 0, 0, 0, 0),
(3852, 573, 9, 1, 0, 0, 0, 0, 0),
(3853, 573, 10, 1, 0, 0, 0, 0, 0),
(3854, 573, 11, 1, 0, 0, 0, 0, 0),
(3855, 573, 12, 1, 0, 0, 0, 0, 0),
(3859, 574, 9, 1, 0, 0, 0, 0, 0),
(3860, 574, 10, 1, 0, 0, 0, 0, 0),
(3861, 574, 11, 1, 0, 0, 0, 0, 0),
(3862, 574, 12, 1, 0, 0, 0, 0, 0),
(3866, 575, 9, 1, 0, 0, 0, 0, 0),
(3867, 575, 10, 1, 0, 0, 0, 0, 0),
(3868, 575, 11, 1, 0, 0, 0, 0, 0),
(3869, 575, 12, 1, 0, 0, 0, 0, 0),
(3873, 576, 9, 1, 0, 0, 0, 0, 0),
(3874, 576, 10, 1, 0, 0, 0, 0, 0),
(3875, 576, 11, 1, 0, 0, 0, 0, 0),
(3876, 576, 12, 1, 0, 0, 0, 0, 0),
(3880, 577, 9, 1, 0, 0, 0, 0, 0),
(3881, 577, 10, 1, 0, 0, 0, 0, 0),
(3882, 577, 11, 1, 0, 0, 0, 0, 0),
(3883, 577, 12, 1, 0, 0, 0, 0, 0),
(3887, 578, 9, 1, 0, 0, 0, 0, 0),
(3888, 578, 10, 1, 0, 0, 0, 0, 0),
(3889, 578, 11, 1, 0, 0, 0, 0, 0),
(3890, 578, 12, 1, 0, 0, 0, 0, 0),
(3894, 579, 9, 1, 0, 0, 0, 0, 0),
(3895, 579, 10, 1, 0, 0, 0, 0, 0),
(3896, 579, 11, 1, 0, 0, 0, 0, 0),
(3897, 579, 12, 1, 0, 0, 0, 0, 0),
(3901, 580, 9, 1, 0, 0, 0, 0, 0),
(3902, 580, 10, 1, 0, 0, 0, 0, 0),
(3903, 580, 11, 1, 0, 0, 0, 0, 0),
(3904, 580, 12, 1, 0, 0, 0, 0, 0),
(3908, 581, 9, 1, 0, 0, 0, 0, 0),
(3909, 581, 10, 1, 0, 0, 0, 0, 0),
(3910, 581, 11, 1, 0, 0, 0, 0, 0),
(3911, 581, 12, 1, 0, 0, 0, 0, 0),
(3915, 582, 9, 1, 0, 0, 0, 0, 0),
(3916, 582, 10, 1, 0, 0, 0, 0, 0),
(3917, 582, 11, 1, 0, 0, 0, 0, 0),
(3918, 582, 12, 1, 0, 0, 0, 0, 0),
(3922, 583, 9, 1, 0, 0, 0, 0, 0),
(3923, 583, 10, 1, 0, 0, 0, 0, 0),
(3924, 583, 11, 1, 0, 0, 0, 0, 0),
(3925, 583, 12, 1, 0, 0, 0, 0, 0),
(3929, 584, 9, 1, 0, 0, 0, 0, 0),
(3930, 584, 10, 1, 0, 0, 0, 0, 0),
(3931, 584, 11, 1, 0, 0, 0, 0, 0),
(3932, 584, 12, 1, 0, 0, 0, 0, 0),
(3936, 585, 9, 1, 0, 0, 0, 0, 0),
(3937, 585, 10, 1, 0, 0, 0, 0, 0),
(3938, 585, 11, 1, 0, 0, 0, 0, 0),
(3939, 585, 12, 1, 0, 0, 0, 0, 0),
(3943, 586, 9, 1, 0, 0, 0, 0, 0),
(3944, 586, 10, 1, 0, 0, 0, 0, 0),
(3945, 586, 11, 1, 0, 0, 0, 0, 0),
(3946, 586, 12, 1, 0, 0, 0, 0, 0),
(3950, 587, 9, 1, 0, 0, 0, 0, 0),
(3951, 587, 10, 1, 0, 0, 0, 0, 0),
(3952, 587, 11, 1, 0, 0, 0, 0, 0),
(3953, 587, 12, 1, 0, 0, 0, 0, 0),
(3957, 588, 9, 1, 0, 0, 0, 0, 0),
(3958, 588, 10, 1, 0, 0, 0, 0, 0),
(3959, 588, 11, 1, 0, 0, 0, 0, 0),
(3960, 588, 12, 1, 0, 0, 0, 0, 0),
(3964, 589, 9, 1, 0, 0, 0, 0, 0),
(3965, 589, 10, 1, 0, 0, 0, 0, 0),
(3966, 589, 11, 1, 0, 0, 0, 0, 0),
(3967, 589, 12, 1, 0, 0, 0, 0, 0),
(3971, 590, 9, 1, 0, 0, 0, 0, 0),
(3972, 590, 10, 1, 0, 0, 0, 0, 0),
(3973, 590, 11, 1, 0, 0, 0, 0, 0),
(3974, 590, 12, 1, 0, 0, 0, 0, 0),
(3978, 591, 9, 1, 0, 0, 0, 0, 0),
(3979, 591, 10, 1, 0, 0, 0, 0, 0),
(3980, 591, 11, 1, 0, 0, 0, 0, 0),
(3981, 591, 12, 1, 0, 0, 0, 0, 0),
(3985, 592, 9, 1, 0, 0, 0, 0, 0),
(3986, 592, 10, 1, 0, 0, 0, 0, 0),
(3987, 592, 11, 1, 0, 0, 0, 0, 0),
(3988, 592, 12, 1, 0, 0, 0, 0, 0),
(3992, 593, 9, 1, 0, 0, 0, 0, 0),
(3993, 593, 10, 1, 0, 0, 0, 0, 0),
(3994, 593, 11, 1, 0, 0, 0, 0, 0),
(3995, 593, 12, 1, 0, 0, 0, 0, 0),
(3999, 594, 9, 1, 0, 0, 0, 0, 0),
(4000, 594, 10, 1, 0, 0, 0, 0, 0),
(4001, 594, 11, 1, 0, 0, 0, 0, 0),
(4002, 594, 12, 1, 0, 0, 0, 0, 0),
(4006, 595, 9, 1, 0, 0, 0, 0, 0),
(4007, 595, 10, 1, 0, 0, 0, 0, 0),
(4008, 595, 11, 1, 0, 0, 0, 0, 0),
(4009, 595, 12, 1, 0, 0, 0, 0, 0),
(4013, 596, 9, 1, 0, 0, 0, 0, 0),
(4014, 596, 10, 1, 0, 0, 0, 0, 0),
(4015, 596, 11, 1, 0, 0, 0, 0, 0),
(4016, 596, 12, 1, 0, 0, 0, 0, 0),
(4020, 597, 9, 1, 0, 0, 0, 0, 0),
(4021, 597, 10, 1, 0, 0, 0, 0, 0),
(4022, 597, 11, 1, 0, 0, 0, 0, 0),
(4023, 597, 12, 1, 0, 0, 0, 0, 0),
(4027, 598, 9, 1, 0, 0, 0, 0, 0),
(4028, 598, 10, 1, 0, 0, 0, 0, 0),
(4029, 598, 11, 1, 0, 0, 0, 0, 0),
(4030, 598, 12, 1, 0, 0, 0, 0, 0),
(4034, 599, 9, 1, 0, 0, 0, 0, 0),
(4035, 599, 10, 1, 0, 0, 0, 0, 0),
(4036, 599, 11, 1, 0, 0, 0, 0, 0),
(4037, 599, 12, 1, 0, 0, 0, 0, 0),
(4041, 600, 9, 1, 0, 0, 0, 0, 0),
(4042, 600, 10, 1, 0, 0, 0, 0, 0),
(4043, 600, 11, 1, 0, 0, 0, 0, 0),
(4044, 600, 12, 1, 0, 0, 0, 0, 0),
(4048, 601, 9, 1, 0, 0, 0, 0, 0),
(4049, 601, 10, 1, 0, 0, 0, 0, 0),
(4050, 601, 11, 1, 0, 0, 0, 0, 0),
(4051, 601, 12, 1, 0, 0, 0, 0, 0),
(4055, 602, 9, 1, 0, 0, 0, 0, 0),
(4056, 602, 10, 1, 0, 0, 0, 0, 0),
(4057, 602, 11, 1, 0, 0, 0, 0, 0),
(4058, 602, 12, 1, 0, 0, 0, 0, 0),
(4062, 603, 9, 1, 0, 0, 0, 0, 0),
(4063, 603, 10, 1, 0, 0, 0, 0, 0),
(4064, 603, 11, 1, 0, 0, 0, 0, 0),
(4065, 603, 12, 1, 0, 0, 0, 0, 0),
(4069, 604, 9, 1, 0, 0, 0, 0, 0),
(4070, 604, 10, 1, 0, 0, 0, 0, 0),
(4071, 604, 11, 1, 0, 0, 0, 0, 0),
(4072, 604, 12, 1, 0, 0, 0, 0, 0),
(4076, 605, 9, 1, 0, 0, 0, 0, 0),
(4077, 605, 10, 1, 0, 0, 0, 0, 0),
(4078, 605, 11, 1, 0, 0, 0, 0, 0),
(4079, 605, 12, 1, 0, 0, 0, 0, 0),
(4083, 607, 9, 1, 0, 0, 0, 0, 0),
(4084, 607, 10, 1, 0, 0, 0, 0, 0),
(4085, 607, 11, 1, 0, 0, 0, 0, 0),
(4086, 607, 12, 1, 0, 0, 0, 0, 0),
(4090, 608, 9, 1, 0, 0, 0, 0, 0),
(4091, 608, 10, 1, 0, 0, 0, 0, 0),
(4092, 608, 11, 1, 0, 0, 0, 0, 0),
(4093, 608, 12, 1, 0, 0, 0, 0, 0),
(4097, 609, 9, 1, 0, 0, 0, 0, 0),
(4098, 609, 10, 1, 0, 0, 0, 0, 0),
(4099, 609, 11, 1, 0, 0, 0, 0, 0),
(4100, 609, 12, 1, 0, 0, 0, 0, 0),
(4104, 610, 9, 1, 0, 0, 0, 0, 0),
(4105, 610, 10, 1, 0, 0, 0, 0, 0),
(4106, 610, 11, 1, 0, 0, 0, 0, 0),
(4107, 610, 12, 1, 0, 0, 0, 0, 0),
(4111, 611, 9, 1, 0, 0, 0, 0, 0),
(4112, 611, 10, 1, 0, 0, 0, 0, 0),
(4113, 611, 11, 1, 0, 0, 0, 0, 0),
(4114, 611, 12, 1, 0, 0, 0, 0, 0),
(4118, 612, 9, 1, 0, 0, 0, 0, 0),
(4119, 612, 10, 1, 0, 0, 0, 0, 0),
(4120, 612, 11, 1, 0, 0, 0, 0, 0),
(4121, 612, 12, 1, 0, 0, 0, 0, 0),
(4125, 613, 9, 1, 0, 0, 0, 0, 0),
(4126, 613, 10, 1, 0, 0, 0, 0, 0),
(4127, 613, 11, 1, 0, 0, 0, 0, 0),
(4128, 613, 12, 1, 0, 0, 0, 0, 0),
(4132, 614, 9, 1, 0, 0, 0, 0, 0),
(4133, 614, 10, 1, 0, 0, 0, 0, 0),
(4134, 614, 11, 1, 0, 0, 0, 0, 0),
(4135, 614, 12, 1, 0, 0, 0, 0, 0),
(4139, 615, 9, 1, 0, 0, 0, 0, 0),
(4140, 615, 10, 1, 0, 0, 0, 0, 0),
(4141, 615, 11, 1, 0, 0, 0, 0, 0),
(4142, 615, 12, 1, 0, 0, 0, 0, 0),
(4146, 616, 9, 1, 0, 0, 0, 0, 0),
(4147, 616, 10, 1, 0, 0, 0, 0, 0),
(4148, 616, 11, 1, 0, 0, 0, 0, 0),
(4149, 616, 12, 1, 0, 0, 0, 0, 0),
(4153, 617, 9, 1, 0, 0, 0, 0, 0),
(4154, 617, 10, 1, 0, 0, 0, 0, 0),
(4155, 617, 11, 1, 0, 0, 0, 0, 0),
(4156, 617, 12, 1, 0, 0, 0, 0, 0),
(4160, 618, 9, 1, 0, 0, 0, 0, 0),
(4161, 618, 10, 1, 0, 0, 0, 0, 0),
(4162, 618, 11, 1, 0, 0, 0, 0, 0),
(4163, 618, 12, 1, 0, 0, 0, 0, 0),
(4167, 619, 9, 1, 0, 0, 0, 0, 0),
(4168, 619, 10, 1, 0, 0, 0, 0, 0),
(4169, 619, 11, 1, 0, 0, 0, 0, 0),
(4170, 619, 12, 1, 0, 0, 0, 0, 0),
(4174, 620, 9, 1, 0, 0, 0, 0, 0),
(4175, 620, 10, 1, 0, 0, 0, 0, 0),
(4176, 620, 11, 1, 0, 0, 0, 0, 0),
(4177, 620, 12, 1, 0, 0, 0, 0, 0),
(4181, 621, 9, 1, 0, 0, 0, 0, 0),
(4182, 621, 10, 1, 0, 0, 0, 0, 0),
(4183, 621, 11, 1, 0, 0, 0, 0, 0),
(4184, 621, 12, 1, 0, 0, 0, 0, 0),
(4188, 622, 9, 1, 0, 0, 0, 0, 0),
(4189, 622, 10, 1, 0, 0, 0, 0, 0),
(4190, 622, 11, 1, 0, 0, 0, 0, 0),
(4191, 622, 12, 1, 0, 0, 0, 0, 0),
(4195, 623, 9, 1, 0, 0, 0, 0, 0),
(4196, 623, 10, 1, 0, 0, 0, 0, 0),
(4197, 623, 11, 1, 0, 0, 0, 0, 0),
(4198, 623, 12, 1, 0, 0, 0, 0, 0),
(4202, 624, 9, 1, 0, 0, 0, 0, 0),
(4203, 624, 10, 1, 0, 0, 0, 0, 0),
(4204, 624, 11, 1, 0, 0, 0, 0, 0),
(4205, 624, 12, 1, 0, 0, 0, 0, 0),
(4209, 625, 9, 1, 0, 0, 0, 0, 0),
(4210, 625, 10, 1, 0, 0, 0, 0, 0),
(4211, 625, 11, 1, 0, 0, 0, 0, 0),
(4212, 625, 12, 1, 0, 0, 0, 0, 0),
(4216, 626, 9, 1, 0, 0, 0, 0, 0),
(4217, 626, 10, 1, 0, 0, 0, 0, 0),
(4218, 626, 11, 1, 0, 0, 0, 0, 0),
(4219, 626, 12, 1, 0, 0, 0, 0, 0),
(4223, 627, 9, 1, 0, 0, 0, 0, 0),
(4224, 627, 10, 1, 0, 0, 0, 0, 0),
(4225, 627, 11, 1, 0, 0, 0, 0, 0),
(4226, 627, 12, 1, 0, 0, 0, 0, 0),
(4230, 628, 9, 1, 0, 0, 0, 0, 0),
(4231, 628, 10, 1, 0, 0, 0, 0, 0),
(4232, 628, 11, 1, 0, 0, 0, 0, 0),
(4233, 628, 12, 1, 0, 0, 0, 0, 0),
(4237, 629, 9, 1, 0, 0, 0, 0, 0),
(4238, 629, 10, 1, 0, 0, 0, 0, 0),
(4239, 629, 11, 1, 0, 0, 0, 0, 0),
(4240, 629, 12, 1, 0, 0, 0, 0, 0),
(4244, 630, 9, 1, 0, 0, 0, 0, 0),
(4245, 630, 10, 1, 0, 0, 0, 0, 0),
(4246, 630, 11, 1, 0, 0, 0, 0, 0),
(4247, 630, 12, 1, 0, 0, 0, 0, 0),
(4251, 631, 9, 1, 0, 0, 0, 0, 0),
(4252, 631, 10, 1, 0, 0, 0, 0, 0),
(4253, 631, 11, 1, 0, 0, 0, 0, 0),
(4254, 631, 12, 1, 0, 0, 0, 0, 0),
(4258, 632, 9, 1, 0, 0, 0, 0, 0),
(4259, 632, 10, 1, 0, 0, 0, 0, 0),
(4260, 632, 11, 1, 0, 0, 0, 0, 0),
(4261, 632, 12, 1, 0, 0, 0, 0, 0),
(4265, 633, 9, 1, 0, 0, 0, 0, 0),
(4266, 633, 10, 1, 0, 0, 0, 0, 0),
(4267, 633, 11, 1, 0, 0, 0, 0, 0),
(4268, 633, 12, 1, 0, 0, 0, 0, 0),
(4272, 634, 9, 1, 0, 0, 0, 0, 0),
(4273, 634, 10, 1, 0, 0, 0, 0, 0),
(4274, 634, 11, 1, 0, 0, 0, 0, 0),
(4275, 634, 12, 1, 0, 0, 0, 0, 0),
(4279, 635, 9, 1, 0, 0, 0, 0, 0),
(4280, 635, 10, 1, 0, 0, 0, 0, 0),
(4281, 635, 11, 1, 0, 0, 0, 0, 0),
(4282, 635, 12, 1, 0, 0, 0, 0, 0),
(4286, 636, 9, 1, 0, 0, 0, 0, 0),
(4287, 636, 10, 1, 0, 0, 0, 0, 0),
(4288, 636, 11, 1, 0, 0, 0, 0, 0),
(4289, 636, 12, 1, 0, 0, 0, 0, 0),
(4293, 637, 9, 1, 0, 0, 0, 0, 0),
(4294, 637, 10, 1, 0, 0, 0, 0, 0),
(4295, 637, 11, 1, 0, 0, 0, 0, 0),
(4296, 637, 12, 1, 0, 0, 0, 0, 0),
(4300, 638, 9, 1, 0, 0, 0, 0, 0),
(4301, 638, 10, 1, 0, 0, 0, 0, 0),
(4302, 638, 11, 1, 0, 0, 0, 0, 0),
(4303, 638, 12, 1, 0, 0, 0, 0, 0),
(4307, 639, 9, 1, 0, 0, 0, 0, 0),
(4308, 639, 10, 1, 0, 0, 0, 0, 0),
(4309, 639, 11, 1, 0, 0, 0, 0, 0),
(4310, 639, 12, 1, 0, 0, 0, 0, 0),
(4314, 640, 9, 1, 0, 0, 0, 0, 0),
(4315, 640, 10, 1, 0, 0, 0, 0, 0),
(4316, 640, 11, 1, 0, 0, 0, 0, 0),
(4317, 640, 12, 1, 0, 0, 0, 0, 0),
(4321, 641, 9, 1, 0, 0, 0, 0, 0),
(4322, 641, 10, 1, 0, 0, 0, 0, 0),
(4323, 641, 11, 1, 0, 0, 0, 0, 0),
(4324, 641, 12, 1, 0, 0, 0, 0, 0),
(4328, 642, 9, 1, 0, 0, 0, 0, 0),
(4329, 642, 10, 1, 0, 0, 0, 0, 0),
(4330, 642, 11, 1, 0, 0, 0, 0, 0),
(4331, 642, 12, 1, 0, 0, 0, 0, 0),
(4335, 643, 9, 1, 0, 0, 0, 0, 0),
(4336, 643, 10, 1, 0, 0, 0, 0, 0),
(4337, 643, 11, 1, 0, 0, 0, 0, 0),
(4338, 643, 12, 1, 0, 0, 0, 0, 0),
(4342, 644, 9, 1, 0, 0, 0, 0, 0),
(4343, 644, 10, 1, 0, 0, 0, 0, 0),
(4344, 644, 11, 1, 0, 0, 0, 0, 0),
(4345, 644, 12, 1, 0, 0, 0, 0, 0),
(4349, 645, 9, 1, 0, 0, 0, 0, 0),
(4350, 645, 10, 1, 0, 0, 0, 0, 0),
(4351, 645, 11, 1, 0, 0, 0, 0, 0),
(4352, 645, 12, 1, 0, 0, 0, 0, 0),
(4356, 646, 9, 1, 0, 0, 0, 0, 0),
(4357, 646, 10, 1, 0, 0, 0, 0, 0),
(4358, 646, 11, 1, 0, 0, 0, 0, 0),
(4359, 646, 12, 1, 0, 0, 0, 0, 0),
(4363, 647, 9, 1, 0, 0, 0, 0, 0),
(4364, 647, 10, 1, 0, 0, 0, 0, 0),
(4365, 647, 11, 1, 0, 0, 0, 0, 0),
(4366, 647, 12, 1, 0, 0, 0, 0, 0),
(4370, 648, 9, 1, 0, 0, 0, 0, 0),
(4371, 648, 10, 1, 0, 0, 0, 0, 0),
(4372, 648, 11, 1, 0, 0, 0, 0, 0),
(4373, 648, 12, 1, 0, 0, 0, 0, 0),
(4377, 649, 9, 1, 0, 0, 0, 0, 0),
(4378, 649, 10, 1, 0, 0, 0, 0, 0),
(4379, 649, 11, 1, 0, 0, 0, 0, 0),
(4380, 649, 12, 1, 0, 0, 0, 0, 0),
(4384, 650, 9, 1, 0, 0, 0, 0, 0),
(4385, 650, 10, 1, 0, 0, 0, 0, 0),
(4386, 650, 11, 1, 0, 0, 0, 0, 0),
(4387, 650, 12, 1, 0, 0, 0, 0, 0),
(4391, 651, 9, 1, 0, 0, 0, 0, 0),
(4392, 651, 10, 1, 0, 0, 0, 0, 0),
(4393, 651, 11, 1, 0, 0, 0, 0, 0),
(4394, 651, 12, 1, 0, 0, 0, 0, 0),
(4398, 652, 9, 1, 0, 0, 0, 0, 0),
(4399, 652, 10, 1, 0, 0, 0, 0, 0),
(4400, 652, 11, 1, 0, 0, 0, 0, 0),
(4401, 652, 12, 1, 0, 0, 0, 0, 0),
(4405, 653, 9, 1, 0, 0, 0, 0, 0),
(4406, 653, 10, 1, 0, 0, 0, 0, 0),
(4407, 653, 11, 1, 0, 0, 0, 0, 0),
(4408, 653, 12, 1, 0, 0, 0, 0, 0),
(4412, 654, 9, 1, 0, 0, 0, 0, 0),
(4413, 654, 10, 1, 0, 0, 0, 0, 0),
(4414, 654, 11, 1, 0, 0, 0, 0, 0),
(4415, 654, 12, 1, 0, 0, 0, 0, 0),
(4419, 655, 9, 1, 0, 0, 0, 0, 0),
(4420, 655, 10, 1, 0, 0, 0, 0, 0),
(4421, 655, 11, 1, 0, 0, 0, 0, 0),
(4422, 655, 12, 1, 0, 0, 0, 0, 0),
(4426, 656, 9, 1, 0, 0, 0, 0, 0),
(4427, 656, 10, 1, 0, 0, 0, 0, 0),
(4428, 656, 11, 1, 0, 0, 0, 0, 0),
(4429, 656, 12, 1, 0, 0, 0, 0, 0),
(4433, 657, 9, 1, 0, 0, 0, 0, 0),
(4434, 657, 10, 1, 0, 0, 0, 0, 0),
(4435, 657, 11, 1, 0, 0, 0, 0, 0),
(4436, 657, 12, 1, 0, 0, 0, 0, 0),
(4440, 658, 9, 1, 0, 0, 0, 0, 0),
(4441, 658, 10, 1, 0, 0, 0, 0, 0),
(4442, 658, 11, 1, 0, 0, 0, 0, 0),
(4443, 658, 12, 1, 0, 0, 0, 0, 0),
(4447, 659, 9, 1, 0, 0, 0, 0, 0),
(4448, 659, 10, 1, 0, 0, 0, 0, 0),
(4449, 659, 11, 1, 0, 0, 0, 0, 0),
(4450, 659, 12, 1, 0, 0, 0, 0, 0),
(4454, 660, 9, 1, 0, 0, 0, 0, 0),
(4455, 660, 10, 1, 0, 0, 0, 0, 0),
(4456, 660, 11, 1, 0, 0, 0, 0, 0),
(4457, 660, 12, 1, 0, 0, 0, 0, 0),
(4461, 661, 9, 1, 0, 0, 0, 0, 0),
(4462, 661, 10, 1, 0, 0, 0, 0, 0),
(4463, 661, 11, 1, 0, 0, 0, 0, 0),
(4464, 661, 12, 1, 0, 0, 0, 0, 0),
(4468, 662, 9, 1, 0, 0, 0, 0, 0),
(4469, 662, 10, 1, 0, 0, 0, 0, 0),
(4470, 662, 11, 1, 0, 0, 0, 0, 0),
(4471, 662, 12, 1, 0, 0, 0, 0, 0),
(4475, 663, 9, 1, 0, 0, 0, 0, 0),
(4476, 663, 10, 1, 0, 0, 0, 0, 0),
(4477, 663, 11, 1, 0, 0, 0, 0, 0),
(4478, 663, 12, 1, 0, 0, 0, 0, 0),
(4482, 664, 9, 1, 0, 0, 0, 0, 0),
(4483, 664, 10, 1, 0, 0, 0, 0, 0),
(4484, 664, 11, 1, 0, 0, 0, 0, 0),
(4485, 664, 12, 1, 0, 0, 0, 0, 0),
(4489, 665, 9, 1, 0, 0, 0, 0, 0),
(4490, 665, 10, 1, 0, 0, 0, 0, 0),
(4491, 665, 11, 1, 0, 0, 0, 0, 0),
(4492, 665, 12, 1, 0, 0, 0, 0, 0),
(4496, 666, 9, 1, 0, 0, 0, 0, 0),
(4497, 666, 10, 1, 0, 0, 0, 0, 0),
(4498, 666, 11, 1, 0, 0, 0, 0, 0),
(4499, 666, 12, 1, 0, 0, 0, 0, 0),
(4503, 667, 9, 1, 0, 0, 0, 0, 0),
(4504, 667, 10, 1, 0, 0, 0, 0, 0),
(4505, 667, 11, 1, 0, 0, 0, 0, 0),
(4506, 667, 12, 1, 0, 0, 0, 0, 0),
(4510, 668, 9, 1, 0, 0, 0, 0, 0),
(4511, 668, 10, 1, 0, 0, 0, 0, 0),
(4512, 668, 11, 1, 0, 0, 0, 0, 0),
(4513, 668, 12, 1, 0, 0, 0, 0, 0),
(4517, 669, 9, 1, 0, 0, 0, 0, 0),
(4518, 669, 10, 1, 0, 0, 0, 0, 0),
(4519, 669, 11, 1, 0, 0, 0, 0, 0),
(4520, 669, 12, 1, 0, 0, 0, 0, 0),
(4524, 670, 9, 1, 0, 0, 0, 0, 0),
(4525, 670, 10, 1, 0, 0, 0, 0, 0),
(4526, 670, 11, 1, 0, 0, 0, 0, 0),
(4527, 670, 12, 1, 0, 0, 0, 0, 0),
(4531, 671, 9, 1, 0, 0, 0, 0, 0),
(4532, 671, 10, 1, 0, 0, 0, 0, 0),
(4533, 671, 11, 1, 0, 0, 0, 0, 0),
(4534, 671, 12, 1, 0, 0, 0, 0, 0),
(4538, 672, 9, 1, 0, 0, 0, 0, 0),
(4539, 672, 10, 1, 0, 0, 0, 0, 0),
(4540, 672, 11, 1, 0, 0, 0, 0, 0),
(4541, 672, 12, 1, 0, 0, 0, 0, 0),
(4545, 673, 9, 1, 0, 0, 0, 0, 0),
(4546, 673, 10, 1, 0, 0, 0, 0, 0),
(4547, 673, 11, 1, 0, 0, 0, 0, 0),
(4548, 673, 12, 1, 0, 0, 0, 0, 0),
(4552, 674, 9, 1, 0, 0, 0, 0, 0),
(4553, 674, 10, 1, 0, 0, 0, 0, 0),
(4554, 674, 11, 1, 0, 0, 0, 0, 0),
(4555, 674, 12, 1, 0, 0, 0, 0, 0),
(4559, 675, 9, 1, 0, 0, 0, 0, 0),
(4560, 675, 10, 1, 0, 0, 0, 0, 0),
(4561, 675, 11, 1, 0, 0, 0, 0, 0),
(4562, 675, 12, 1, 0, 0, 0, 0, 0),
(4566, 676, 9, 1, 0, 0, 0, 0, 0),
(4567, 676, 10, 1, 0, 0, 0, 0, 0),
(4568, 676, 11, 1, 0, 0, 0, 0, 0),
(4569, 676, 12, 1, 0, 0, 0, 0, 0),
(4573, 677, 9, 1, 0, 0, 0, 0, 0),
(4574, 677, 10, 1, 0, 0, 0, 0, 0),
(4575, 677, 11, 1, 0, 0, 0, 0, 0),
(4576, 677, 12, 1, 0, 0, 0, 0, 0),
(4580, 678, 9, 1, 0, 0, 0, 0, 0),
(4581, 678, 10, 1, 0, 0, 0, 0, 0),
(4582, 678, 11, 1, 0, 0, 0, 0, 0),
(4583, 678, 12, 1, 0, 0, 0, 0, 0),
(4587, 679, 9, 1, 0, 0, 0, 0, 0),
(4588, 679, 10, 1, 0, 0, 0, 0, 0),
(4589, 679, 11, 1, 0, 0, 0, 0, 0),
(4590, 679, 12, 1, 0, 0, 0, 0, 0),
(4594, 680, 9, 1, 0, 0, 0, 0, 0),
(4595, 680, 10, 1, 0, 0, 0, 0, 0),
(4596, 680, 11, 1, 0, 0, 0, 0, 0),
(4597, 680, 12, 1, 0, 0, 0, 0, 0),
(4601, 681, 9, 1, 0, 0, 0, 0, 0),
(4602, 681, 10, 1, 0, 0, 0, 0, 0),
(4603, 681, 11, 1, 0, 0, 0, 0, 0),
(4604, 681, 12, 1, 0, 0, 0, 0, 0),
(4608, 682, 9, 1, 0, 0, 0, 0, 0),
(4609, 682, 10, 1, 0, 0, 0, 0, 0),
(4610, 682, 11, 1, 0, 0, 0, 0, 0),
(4611, 682, 12, 1, 0, 0, 0, 0, 0),
(4615, 683, 9, 1, 0, 0, 0, 0, 0),
(4616, 683, 10, 1, 0, 0, 0, 0, 0),
(4617, 683, 11, 1, 0, 0, 0, 0, 0),
(4618, 683, 12, 1, 0, 0, 0, 0, 0),
(4622, 684, 9, 1, 0, 0, 0, 0, 0),
(4623, 684, 10, 1, 0, 0, 0, 0, 0),
(4624, 684, 11, 1, 0, 0, 0, 0, 0),
(4625, 684, 12, 1, 0, 0, 0, 0, 0),
(4629, 685, 9, 1, 0, 0, 0, 0, 0),
(4630, 685, 10, 1, 0, 0, 0, 0, 0),
(4631, 685, 11, 1, 0, 0, 0, 0, 0),
(4632, 685, 12, 1, 0, 0, 0, 0, 0),
(4636, 686, 9, 1, 0, 0, 0, 0, 0),
(4637, 686, 10, 1, 0, 0, 0, 0, 0),
(4638, 686, 11, 1, 0, 0, 0, 0, 0),
(4639, 686, 12, 1, 0, 0, 0, 0, 0),
(4643, 687, 9, 1, 0, 0, 0, 0, 0),
(4644, 687, 10, 1, 0, 0, 0, 0, 0),
(4645, 687, 11, 1, 0, 0, 0, 0, 0),
(4646, 687, 12, 1, 0, 0, 0, 0, 0),
(4650, 688, 9, 1, 0, 0, 0, 0, 0),
(4651, 688, 10, 1, 0, 0, 0, 0, 0),
(4652, 688, 11, 1, 0, 0, 0, 0, 0),
(4653, 688, 12, 1, 0, 0, 0, 0, 0),
(4657, 689, 9, 1, 0, 0, 0, 0, 0),
(4658, 689, 10, 1, 0, 0, 0, 0, 0),
(4659, 689, 11, 1, 0, 0, 0, 0, 0),
(4660, 689, 12, 1, 0, 0, 0, 0, 0),
(4664, 690, 9, 1, 0, 0, 0, 0, 0),
(4665, 690, 10, 1, 0, 0, 0, 0, 0),
(4666, 690, 11, 1, 0, 0, 0, 0, 0),
(4667, 690, 12, 1, 0, 0, 0, 0, 0),
(4671, 691, 9, 1, 0, 0, 0, 0, 0),
(4672, 691, 10, 1, 0, 0, 0, 0, 0),
(4673, 691, 11, 1, 0, 0, 0, 0, 0),
(4674, 691, 12, 1, 0, 0, 0, 0, 0),
(4678, 692, 9, 1, 0, 0, 0, 0, 0),
(4679, 692, 10, 1, 0, 0, 0, 0, 0),
(4680, 692, 11, 1, 0, 0, 0, 0, 0),
(4681, 692, 12, 1, 0, 0, 0, 0, 0),
(4685, 693, 9, 1, 0, 0, 0, 0, 0),
(4686, 693, 10, 1, 0, 0, 0, 0, 0),
(4687, 693, 11, 1, 0, 0, 0, 0, 0),
(4688, 693, 12, 1, 0, 0, 0, 0, 0),
(4692, 694, 9, 1, 0, 0, 0, 0, 0),
(4693, 694, 10, 1, 0, 0, 0, 0, 0),
(4694, 694, 11, 1, 0, 0, 0, 0, 0),
(4695, 694, 12, 1, 0, 0, 0, 0, 0),
(4699, 695, 9, 1, 0, 0, 0, 0, 0),
(4700, 695, 10, 1, 0, 0, 0, 0, 0),
(4701, 695, 11, 1, 0, 0, 0, 0, 0),
(4702, 695, 12, 1, 0, 0, 0, 0, 0),
(4706, 696, 9, 1, 0, 0, 0, 0, 0),
(4707, 696, 10, 1, 0, 0, 0, 0, 0),
(4708, 696, 11, 1, 0, 0, 0, 0, 0),
(4709, 696, 12, 1, 0, 0, 0, 0, 0),
(4713, 697, 9, 1, 0, 0, 0, 0, 0),
(4714, 697, 10, 1, 0, 0, 0, 0, 0),
(4715, 697, 11, 1, 0, 0, 0, 0, 0),
(4716, 697, 12, 1, 0, 0, 0, 0, 0),
(4720, 698, 9, 1, 0, 0, 0, 0, 0),
(4721, 698, 10, 1, 0, 0, 0, 0, 0),
(4722, 698, 11, 1, 0, 0, 0, 0, 0),
(4723, 698, 12, 1, 0, 0, 0, 0, 0),
(4727, 699, 9, 1, 0, 0, 0, 0, 0),
(4728, 699, 10, 1, 0, 0, 0, 0, 0),
(4729, 699, 11, 1, 0, 0, 0, 0, 0),
(4730, 699, 12, 1, 0, 0, 0, 0, 0),
(4734, 700, 9, 1, 0, 0, 0, 0, 0),
(4735, 700, 10, 1, 0, 0, 0, 0, 0),
(4736, 700, 11, 1, 0, 0, 0, 0, 0),
(4737, 700, 12, 1, 0, 0, 0, 0, 0),
(4741, 701, 9, 1, 0, 0, 0, 0, 0),
(4742, 701, 10, 1, 0, 0, 0, 0, 0),
(4743, 701, 11, 1, 0, 0, 0, 0, 0),
(4744, 701, 12, 1, 0, 0, 0, 0, 0),
(4748, 702, 9, 1, 0, 0, 0, 0, 0),
(4749, 702, 10, 1, 0, 0, 0, 0, 0),
(4750, 702, 11, 1, 0, 0, 0, 0, 0),
(4751, 702, 12, 1, 0, 0, 0, 0, 0),
(4755, 703, 9, 1, 0, 0, 0, 0, 0),
(4756, 703, 10, 1, 0, 0, 0, 0, 0),
(4757, 703, 11, 1, 0, 0, 0, 0, 0),
(4758, 703, 12, 1, 0, 0, 0, 0, 0),
(4762, 704, 9, 1, 0, 0, 0, 0, 0),
(4763, 704, 10, 1, 0, 0, 0, 0, 0),
(4764, 704, 11, 1, 0, 0, 0, 0, 0),
(4765, 704, 12, 1, 0, 0, 0, 0, 0),
(4769, 705, 9, 1, 0, 0, 0, 0, 0),
(4770, 705, 10, 1, 0, 0, 0, 0, 0),
(4771, 705, 11, 1, 0, 0, 0, 0, 0),
(4772, 705, 12, 1, 0, 0, 0, 0, 0),
(4776, 706, 9, 1, 0, 0, 0, 0, 0),
(4777, 706, 10, 1, 0, 0, 0, 0, 0),
(4778, 706, 11, 1, 0, 0, 0, 0, 0),
(4779, 706, 12, 1, 0, 0, 0, 0, 0),
(4783, 707, 9, 1, 0, 0, 0, 0, 0),
(4784, 707, 10, 1, 0, 0, 0, 0, 0),
(4785, 707, 11, 1, 0, 0, 0, 0, 0),
(4786, 707, 12, 1, 0, 0, 0, 0, 0),
(4790, 708, 9, 1, 0, 0, 0, 0, 0),
(4791, 708, 10, 1, 0, 0, 0, 0, 0),
(4792, 708, 11, 1, 0, 0, 0, 0, 0),
(4793, 708, 12, 1, 0, 0, 0, 0, 0),
(4797, 709, 9, 1, 0, 0, 0, 0, 0),
(4798, 709, 10, 1, 0, 0, 0, 0, 0),
(4799, 709, 11, 1, 0, 0, 0, 0, 0),
(4800, 709, 12, 1, 0, 0, 0, 0, 0),
(4804, 710, 9, 1, 0, 0, 0, 0, 0),
(4805, 710, 10, 1, 0, 0, 0, 0, 0),
(4806, 710, 11, 1, 0, 0, 0, 0, 0),
(4807, 710, 12, 1, 0, 0, 0, 0, 0),
(4811, 711, 9, 1, 0, 0, 0, 0, 0),
(4812, 711, 10, 1, 0, 0, 0, 0, 0),
(4813, 711, 11, 1, 0, 0, 0, 0, 0),
(4814, 711, 12, 1, 0, 0, 0, 0, 0),
(4818, 712, 9, 1, 0, 0, 0, 0, 0),
(4819, 712, 10, 1, 0, 0, 0, 0, 0),
(4820, 712, 11, 1, 0, 0, 0, 0, 0),
(4821, 712, 12, 1, 0, 0, 0, 0, 0),
(4825, 713, 9, 1, 0, 0, 0, 0, 0),
(4826, 713, 10, 1, 0, 0, 0, 0, 0),
(4827, 713, 11, 1, 0, 0, 0, 0, 0),
(4828, 713, 12, 1, 0, 0, 0, 0, 0),
(4832, 714, 9, 1, 0, 0, 0, 0, 0),
(4833, 714, 10, 1, 0, 0, 0, 0, 0),
(4834, 714, 11, 1, 0, 0, 0, 0, 0),
(4835, 714, 12, 1, 0, 0, 0, 0, 0),
(4839, 715, 9, 1, 0, 0, 0, 0, 0),
(4840, 715, 10, 1, 0, 0, 0, 0, 0),
(4841, 715, 11, 1, 0, 0, 0, 0, 0),
(4842, 715, 12, 1, 0, 0, 0, 0, 0),
(4846, 716, 9, 1, 0, 0, 0, 0, 0),
(4847, 716, 10, 1, 0, 0, 0, 0, 0),
(4848, 716, 11, 1, 0, 0, 0, 0, 0),
(4849, 716, 12, 1, 0, 0, 0, 0, 0),
(4853, 717, 9, 1, 0, 0, 0, 0, 0),
(4854, 717, 10, 1, 0, 0, 0, 0, 0),
(4855, 717, 11, 1, 0, 0, 0, 0, 0),
(4856, 717, 12, 1, 0, 0, 0, 0, 0),
(4860, 718, 9, 1, 0, 0, 0, 0, 0),
(4861, 718, 10, 1, 0, 0, 0, 0, 0),
(4862, 718, 11, 1, 0, 0, 0, 0, 0),
(4863, 718, 12, 1, 0, 0, 0, 0, 0),
(4867, 719, 9, 1, 0, 0, 0, 0, 0),
(4868, 719, 10, 1, 0, 0, 0, 0, 0),
(4869, 719, 11, 1, 0, 0, 0, 0, 0),
(4870, 719, 12, 1, 0, 0, 0, 0, 0),
(4874, 720, 9, 1, 0, 0, 0, 0, 0),
(4875, 720, 10, 1, 0, 0, 0, 0, 0),
(4876, 720, 11, 1, 0, 0, 0, 0, 0),
(4877, 720, 12, 1, 0, 0, 0, 0, 0),
(4881, 721, 9, 1, 0, 0, 0, 0, 0),
(4882, 721, 10, 1, 0, 0, 0, 0, 0),
(4883, 721, 11, 1, 0, 0, 0, 0, 0),
(4884, 721, 12, 1, 0, 0, 0, 0, 0),
(4888, 722, 9, 1, 0, 0, 0, 0, 0),
(4889, 722, 10, 1, 0, 0, 0, 0, 0),
(4890, 722, 11, 1, 0, 0, 0, 0, 0),
(4891, 722, 12, 1, 0, 0, 0, 0, 0),
(4895, 723, 9, 1, 0, 0, 0, 0, 0),
(4896, 723, 10, 1, 0, 0, 0, 0, 0),
(4897, 723, 11, 1, 0, 0, 0, 0, 0),
(4898, 723, 12, 1, 0, 0, 0, 0, 0),
(4902, 724, 9, 1, 0, 0, 0, 0, 0),
(4903, 724, 10, 1, 0, 0, 0, 0, 0),
(4904, 724, 11, 1, 0, 0, 0, 0, 0),
(4905, 724, 12, 1, 0, 0, 0, 0, 0),
(4909, 725, 9, 1, 0, 0, 0, 0, 0),
(4910, 725, 10, 1, 0, 0, 0, 0, 0),
(4911, 725, 11, 1, 0, 0, 0, 0, 0),
(4912, 725, 12, 1, 0, 0, 0, 0, 0),
(4916, 726, 9, 1, 0, 0, 0, 0, 0),
(4917, 726, 10, 1, 0, 0, 0, 0, 0),
(4918, 726, 11, 1, 0, 0, 0, 0, 0),
(4919, 726, 12, 1, 0, 0, 0, 0, 0),
(4923, 727, 9, 1, 0, 0, 0, 0, 0),
(4924, 727, 10, 1, 0, 0, 0, 0, 0),
(4925, 727, 11, 1, 0, 0, 0, 0, 0),
(4926, 727, 12, 1, 0, 0, 0, 0, 0),
(4930, 728, 9, 1, 0, 0, 0, 0, 0),
(4931, 728, 10, 1, 0, 0, 0, 0, 0),
(4932, 728, 11, 1, 0, 0, 0, 0, 0),
(4933, 728, 12, 1, 0, 0, 0, 0, 0),
(4937, 729, 9, 1, 0, 0, 0, 0, 0),
(4938, 729, 10, 1, 0, 0, 0, 0, 0),
(4939, 729, 11, 1, 0, 0, 0, 0, 0),
(4940, 729, 12, 1, 0, 0, 0, 0, 0),
(4944, 730, 9, 1, 0, 0, 0, 0, 0),
(4945, 730, 10, 1, 0, 0, 0, 0, 0),
(4946, 730, 11, 1, 0, 0, 0, 0, 0),
(4947, 730, 12, 1, 0, 0, 0, 0, 0),
(4951, 731, 9, 1, 0, 0, 0, 0, 0),
(4952, 731, 10, 1, 0, 0, 0, 0, 0),
(4953, 731, 11, 1, 0, 0, 0, 0, 0),
(4954, 731, 12, 1, 0, 0, 0, 0, 0),
(4958, 732, 9, 1, 0, 0, 0, 0, 0),
(4959, 732, 10, 1, 0, 0, 0, 0, 0),
(4960, 732, 11, 1, 0, 0, 0, 0, 0),
(4961, 732, 12, 1, 0, 0, 0, 0, 0),
(4965, 733, 9, 1, 0, 0, 0, 0, 0),
(4966, 733, 10, 1, 0, 0, 0, 0, 0),
(4967, 733, 11, 1, 0, 0, 0, 0, 0),
(4968, 733, 12, 1, 0, 0, 0, 0, 0),
(4972, 734, 9, 1, 0, 0, 0, 0, 0),
(4973, 734, 10, 1, 0, 0, 0, 0, 0),
(4974, 734, 11, 1, 0, 0, 0, 0, 0),
(4975, 734, 12, 1, 0, 0, 0, 0, 0),
(4979, 735, 9, 1, 0, 0, 0, 0, 0),
(4980, 735, 10, 1, 0, 0, 0, 0, 0),
(4981, 735, 11, 1, 0, 0, 0, 0, 0),
(4982, 735, 12, 1, 0, 0, 0, 0, 0),
(4986, 736, 9, 1, 0, 0, 0, 0, 0),
(4987, 736, 10, 1, 0, 0, 0, 0, 0),
(4988, 736, 11, 1, 0, 0, 0, 0, 0),
(4989, 736, 12, 1, 0, 0, 0, 0, 0),
(4993, 737, 9, 1, 0, 0, 0, 0, 0),
(4994, 737, 10, 1, 0, 0, 0, 0, 0),
(4995, 737, 11, 1, 0, 0, 0, 0, 0),
(4996, 737, 12, 1, 0, 0, 0, 0, 0),
(5000, 738, 9, 1, 0, 0, 0, 0, 0),
(5001, 738, 10, 1, 0, 0, 0, 0, 0),
(5002, 738, 11, 1, 0, 0, 0, 0, 0),
(5003, 738, 12, 1, 0, 0, 0, 0, 0),
(5007, 739, 9, 1, 0, 0, 0, 0, 0),
(5008, 739, 10, 1, 0, 0, 0, 0, 0),
(5009, 739, 11, 1, 0, 0, 0, 0, 0),
(5010, 739, 12, 1, 0, 0, 0, 0, 0),
(5014, 740, 9, 1, 0, 0, 0, 0, 0),
(5015, 740, 10, 1, 0, 0, 0, 0, 0),
(5016, 740, 11, 1, 0, 0, 0, 0, 0),
(5017, 740, 12, 1, 0, 0, 0, 0, 0),
(5021, 741, 9, 1, 0, 0, 0, 0, 0),
(5022, 741, 10, 1, 0, 0, 0, 0, 0),
(5023, 741, 11, 1, 0, 0, 0, 0, 0),
(5024, 741, 12, 1, 0, 0, 0, 0, 0),
(5028, 742, 9, 1, 0, 0, 0, 0, 0),
(5029, 742, 10, 1, 0, 0, 0, 0, 0),
(5030, 742, 11, 1, 0, 0, 0, 0, 0),
(5031, 742, 12, 1, 0, 0, 0, 0, 0),
(5035, 743, 9, 1, 0, 0, 0, 0, 0),
(5036, 743, 10, 1, 0, 0, 0, 0, 0),
(5037, 743, 11, 1, 0, 0, 0, 0, 0),
(5038, 743, 12, 1, 0, 0, 0, 0, 0),
(5042, 744, 9, 1, 0, 0, 0, 0, 0),
(5043, 744, 10, 1, 0, 0, 0, 0, 0),
(5044, 744, 11, 1, 0, 0, 0, 0, 0),
(5045, 744, 12, 1, 0, 0, 0, 0, 0),
(5049, 745, 9, 1, 0, 0, 0, 0, 0),
(5050, 745, 10, 1, 0, 0, 0, 0, 0),
(5051, 745, 11, 1, 0, 0, 0, 0, 0),
(5052, 745, 12, 1, 0, 0, 0, 0, 0),
(5056, 746, 9, 1, 0, 0, 0, 0, 0),
(5057, 746, 10, 1, 0, 0, 0, 0, 0),
(5058, 746, 11, 1, 0, 0, 0, 0, 0),
(5059, 746, 12, 1, 0, 0, 0, 0, 0),
(5063, 747, 9, 1, 0, 0, 0, 0, 0),
(5064, 747, 10, 1, 0, 0, 0, 0, 0),
(5065, 747, 11, 1, 0, 0, 0, 0, 0),
(5066, 747, 12, 1, 0, 0, 0, 0, 0),
(5070, 748, 9, 1, 0, 0, 0, 0, 0),
(5071, 748, 10, 1, 0, 0, 0, 0, 0),
(5072, 748, 11, 1, 0, 0, 0, 0, 0),
(5073, 748, 12, 1, 0, 0, 0, 0, 0),
(5077, 749, 9, 1, 0, 0, 0, 0, 0),
(5078, 749, 10, 1, 0, 0, 0, 0, 0),
(5079, 749, 11, 1, 0, 0, 0, 0, 0),
(5080, 749, 12, 1, 0, 0, 0, 0, 0),
(5084, 750, 9, 1, 0, 0, 0, 0, 0),
(5085, 750, 10, 1, 0, 0, 0, 0, 0),
(5086, 750, 11, 1, 0, 0, 0, 0, 0),
(5087, 750, 12, 1, 0, 0, 0, 0, 0),
(5091, 751, 9, 1, 0, 0, 0, 0, 0),
(5092, 751, 10, 1, 0, 0, 0, 0, 0),
(5093, 751, 11, 1, 0, 0, 0, 0, 0),
(5094, 751, 12, 1, 0, 0, 0, 0, 0),
(5098, 752, 9, 1, 0, 0, 0, 0, 0),
(5099, 752, 10, 1, 0, 0, 0, 0, 0),
(5100, 752, 11, 1, 0, 0, 0, 0, 0),
(5101, 752, 12, 1, 0, 0, 0, 0, 0),
(5105, 753, 9, 1, 0, 0, 0, 0, 0),
(5106, 753, 10, 1, 0, 0, 0, 0, 0),
(5107, 753, 11, 1, 0, 0, 0, 0, 0),
(5108, 753, 12, 1, 0, 0, 0, 0, 0),
(5112, 754, 9, 1, 0, 0, 0, 0, 0),
(5113, 754, 10, 1, 0, 0, 0, 0, 0),
(5114, 754, 11, 1, 0, 0, 0, 0, 0),
(5115, 754, 12, 1, 0, 0, 0, 0, 0),
(5119, 755, 9, 1, 0, 0, 0, 0, 0),
(5120, 755, 10, 1, 0, 0, 0, 0, 0),
(5121, 755, 11, 1, 0, 0, 0, 0, 0),
(5122, 755, 12, 1, 0, 0, 0, 0, 0),
(5126, 756, 9, 1, 0, 0, 0, 0, 0),
(5127, 756, 10, 1, 0, 0, 0, 0, 0),
(5128, 756, 11, 1, 0, 0, 0, 0, 0),
(5129, 756, 12, 1, 0, 0, 0, 0, 0),
(5133, 757, 9, 1, 0, 0, 0, 0, 0),
(5134, 757, 10, 1, 0, 0, 0, 0, 0),
(5135, 757, 11, 1, 0, 0, 0, 0, 0),
(5136, 757, 12, 1, 0, 0, 0, 0, 0),
(5140, 758, 9, 1, 0, 0, 0, 0, 0),
(5141, 758, 10, 1, 0, 0, 0, 0, 0),
(5142, 758, 11, 1, 0, 0, 0, 0, 0),
(5143, 758, 12, 1, 0, 0, 0, 0, 0),
(5147, 759, 9, 1, 0, 0, 0, 0, 0),
(5148, 759, 10, 1, 0, 0, 0, 0, 0),
(5149, 759, 11, 1, 0, 0, 0, 0, 0),
(5150, 759, 12, 1, 0, 0, 0, 0, 0),
(5154, 760, 9, 1, 0, 0, 0, 0, 0),
(5155, 760, 10, 1, 0, 0, 0, 0, 0),
(5156, 760, 11, 1, 0, 0, 0, 0, 0),
(5157, 760, 12, 1, 0, 0, 0, 0, 0),
(5161, 761, 9, 1, 0, 0, 0, 0, 0),
(5162, 761, 10, 1, 0, 0, 0, 0, 0),
(5163, 761, 11, 1, 0, 0, 0, 0, 0),
(5164, 761, 12, 1, 0, 0, 0, 0, 0),
(5168, 762, 9, 1, 0, 0, 0, 0, 0),
(5169, 762, 10, 1, 0, 0, 0, 0, 0),
(5170, 762, 11, 1, 0, 0, 0, 0, 0),
(5171, 762, 12, 1, 0, 0, 0, 0, 0),
(5175, 763, 9, 1, 0, 0, 0, 0, 0),
(5176, 763, 10, 1, 0, 0, 0, 0, 0),
(5177, 763, 11, 1, 0, 0, 0, 0, 0),
(5178, 763, 12, 1, 0, 0, 0, 0, 0),
(5182, 764, 9, 1, 0, 0, 0, 0, 0),
(5183, 764, 10, 1, 0, 0, 0, 0, 0),
(5184, 764, 11, 1, 0, 0, 0, 0, 0),
(5185, 764, 12, 1, 0, 0, 0, 0, 0),
(5189, 765, 9, 1, 0, 0, 0, 0, 0),
(5190, 765, 10, 1, 0, 0, 0, 0, 0),
(5191, 765, 11, 1, 0, 0, 0, 0, 0),
(5192, 765, 12, 1, 0, 0, 0, 0, 0),
(5196, 766, 9, 1, 0, 0, 0, 0, 0),
(5197, 766, 10, 1, 0, 0, 0, 0, 0),
(5198, 766, 11, 1, 0, 0, 0, 0, 0),
(5199, 766, 12, 1, 0, 0, 0, 0, 0),
(5203, 767, 9, 1, 0, 0, 0, 0, 0),
(5204, 767, 10, 1, 0, 0, 0, 0, 0),
(5205, 767, 11, 1, 0, 0, 0, 0, 0),
(5206, 767, 12, 1, 0, 0, 0, 0, 0),
(5210, 768, 9, 1, 0, 0, 0, 0, 0),
(5211, 768, 10, 1, 0, 0, 0, 0, 0),
(5212, 768, 11, 1, 0, 0, 0, 0, 0),
(5213, 768, 12, 1, 0, 0, 0, 0, 0),
(5217, 769, 9, 1, 0, 0, 0, 0, 0),
(5218, 769, 10, 1, 0, 0, 0, 0, 0),
(5219, 769, 11, 1, 0, 0, 0, 0, 0),
(5220, 769, 12, 1, 0, 0, 0, 0, 0),
(5224, 770, 9, 1, 0, 0, 0, 0, 0),
(5225, 770, 10, 1, 0, 0, 0, 0, 0),
(5226, 770, 11, 1, 0, 0, 0, 0, 0),
(5227, 770, 12, 1, 0, 0, 0, 0, 0),
(5231, 771, 9, 1, 0, 0, 0, 0, 0),
(5232, 771, 10, 1, 0, 0, 0, 0, 0),
(5233, 771, 11, 1, 0, 0, 0, 0, 0),
(5234, 771, 12, 1, 0, 0, 0, 0, 0),
(5238, 772, 9, 1, 0, 0, 0, 0, 0),
(5239, 772, 10, 1, 0, 0, 0, 0, 0),
(5240, 772, 11, 1, 0, 0, 0, 0, 0),
(5241, 772, 12, 1, 0, 0, 0, 0, 0),
(5245, 773, 9, 1, 0, 0, 0, 0, 0),
(5246, 773, 10, 1, 0, 0, 0, 0, 0),
(5247, 773, 11, 1, 0, 0, 0, 0, 0),
(5248, 773, 12, 1, 0, 0, 0, 0, 0),
(5252, 774, 9, 1, 0, 0, 0, 0, 0),
(5253, 774, 10, 1, 0, 0, 0, 0, 0),
(5254, 774, 11, 1, 0, 0, 0, 0, 0),
(5255, 774, 12, 1, 0, 0, 0, 0, 0),
(5259, 775, 9, 1, 0, 0, 0, 0, 0),
(5260, 775, 10, 1, 0, 0, 0, 0, 0),
(5261, 775, 11, 1, 0, 0, 0, 0, 0),
(5262, 775, 12, 1, 0, 0, 0, 0, 0),
(5266, 776, 9, 1, 0, 0, 0, 0, 0),
(5267, 776, 10, 1, 0, 0, 0, 0, 0),
(5268, 776, 11, 1, 0, 0, 0, 0, 0),
(5269, 776, 12, 1, 0, 0, 0, 0, 0),
(5273, 777, 9, 1, 0, 0, 0, 0, 0),
(5274, 777, 10, 1, 0, 0, 0, 0, 0),
(5275, 777, 11, 1, 0, 0, 0, 0, 0),
(5276, 777, 12, 1, 0, 0, 0, 0, 0),
(5280, 778, 9, 1, 0, 0, 0, 0, 0),
(5281, 778, 10, 1, 0, 0, 0, 0, 0),
(5282, 778, 11, 1, 0, 0, 0, 0, 0),
(5283, 778, 12, 1, 0, 0, 0, 0, 0),
(5287, 779, 9, 1, 0, 0, 0, 0, 0),
(5288, 779, 10, 1, 0, 0, 0, 0, 0),
(5289, 779, 11, 1, 0, 0, 0, 0, 0),
(5290, 779, 12, 1, 0, 0, 0, 0, 0),
(5294, 780, 9, 1, 0, 0, 0, 0, 0),
(5295, 780, 10, 1, 0, 0, 0, 0, 0),
(5296, 780, 11, 1, 0, 0, 0, 0, 0),
(5297, 780, 12, 1, 0, 0, 0, 0, 0),
(5301, 781, 9, 1, 0, 0, 0, 0, 0),
(5302, 781, 10, 1, 0, 0, 0, 0, 0),
(5303, 781, 11, 1, 0, 0, 0, 0, 0),
(5304, 781, 12, 1, 0, 0, 0, 0, 0),
(5308, 782, 9, 1, 0, 0, 0, 0, 0),
(5309, 782, 10, 1, 0, 0, 0, 0, 0),
(5310, 782, 11, 1, 0, 0, 0, 0, 0),
(5311, 782, 12, 1, 0, 0, 0, 0, 0),
(5315, 783, 9, 1, 0, 0, 0, 0, 0),
(5316, 783, 10, 1, 0, 0, 0, 0, 0),
(5317, 783, 11, 1, 0, 0, 0, 0, 0),
(5318, 783, 12, 1, 0, 0, 0, 0, 0),
(5322, 784, 9, 1, 0, 0, 0, 0, 0),
(5323, 784, 10, 1, 0, 0, 0, 0, 0),
(5324, 784, 11, 1, 0, 0, 0, 0, 0),
(5325, 784, 12, 1, 0, 0, 0, 0, 0),
(5329, 785, 9, 1, 0, 0, 0, 0, 0),
(5330, 785, 10, 1, 0, 0, 0, 0, 0),
(5331, 785, 11, 1, 0, 0, 0, 0, 0),
(5332, 785, 12, 1, 0, 0, 0, 0, 0),
(5336, 786, 9, 1, 0, 0, 0, 0, 0),
(5337, 786, 10, 1, 0, 0, 0, 0, 0),
(5338, 786, 11, 1, 0, 0, 0, 0, 0),
(5339, 786, 12, 1, 0, 0, 0, 0, 0),
(5343, 787, 9, 1, 0, 0, 0, 0, 0),
(5344, 787, 10, 1, 0, 0, 0, 0, 0),
(5345, 787, 11, 1, 0, 0, 0, 0, 0),
(5346, 787, 12, 1, 0, 0, 0, 0, 0),
(5350, 788, 9, 1, 0, 0, 0, 0, 0),
(5351, 788, 10, 1, 0, 0, 0, 0, 0),
(5352, 788, 11, 1, 0, 0, 0, 0, 0),
(5353, 788, 12, 1, 0, 0, 0, 0, 0),
(5357, 789, 9, 1, 0, 0, 0, 0, 0),
(5358, 789, 10, 1, 0, 0, 0, 0, 0),
(5359, 789, 11, 1, 0, 0, 0, 0, 0),
(5360, 789, 12, 1, 0, 0, 0, 0, 0),
(5364, 790, 9, 1, 0, 0, 0, 0, 0),
(5365, 790, 10, 1, 0, 0, 0, 0, 0),
(5366, 790, 11, 1, 0, 0, 0, 0, 0),
(5367, 790, 12, 1, 0, 0, 0, 0, 0),
(5371, 791, 9, 1, 0, 0, 0, 0, 0),
(5372, 791, 10, 1, 0, 0, 0, 0, 0),
(5373, 791, 11, 1, 0, 0, 0, 0, 0),
(5374, 791, 12, 1, 0, 0, 0, 0, 0),
(5378, 792, 9, 1, 0, 0, 0, 0, 0),
(5379, 792, 10, 1, 0, 0, 0, 0, 0),
(5380, 792, 11, 1, 0, 0, 0, 0, 0),
(5381, 792, 12, 1, 0, 0, 0, 0, 0),
(5385, 793, 9, 1, 0, 0, 0, 0, 0),
(5386, 793, 10, 1, 0, 0, 0, 0, 0),
(5387, 793, 11, 1, 0, 0, 0, 0, 0),
(5388, 793, 12, 1, 0, 0, 0, 0, 0),
(5392, 794, 9, 1, 0, 0, 0, 0, 0),
(5393, 794, 10, 1, 0, 0, 0, 0, 0),
(5394, 794, 11, 1, 0, 0, 0, 0, 0),
(5395, 794, 12, 1, 0, 0, 0, 0, 0),
(5399, 795, 9, 1, 0, 0, 0, 0, 0),
(5400, 795, 10, 1, 0, 0, 0, 0, 0),
(5401, 795, 11, 1, 0, 0, 0, 0, 0),
(5402, 795, 12, 1, 0, 0, 0, 0, 0),
(5406, 796, 9, 1, 0, 0, 0, 0, 0),
(5407, 796, 10, 1, 0, 0, 0, 0, 0),
(5408, 796, 11, 1, 0, 0, 0, 0, 0),
(5409, 796, 12, 1, 0, 0, 0, 0, 0),
(5413, 797, 9, 1, 0, 0, 0, 0, 0),
(5414, 797, 10, 1, 0, 0, 0, 0, 0),
(5415, 797, 11, 1, 0, 0, 0, 0, 0),
(5416, 797, 12, 1, 0, 0, 0, 0, 0),
(5420, 798, 9, 1, 0, 0, 0, 0, 0);
INSERT INTO `permisos_usuarios` (`id_permiso_usuario`, `idUsuario`, `id_modulo`, `ingresar`, `registrar`, `eliminar`, `modificar`, `reporte`, `otros`) VALUES
(5421, 798, 10, 1, 0, 0, 0, 0, 0),
(5422, 798, 11, 1, 0, 0, 0, 0, 0),
(5423, 798, 12, 1, 0, 0, 0, 0, 0),
(5427, 799, 9, 1, 0, 0, 0, 0, 0),
(5428, 799, 10, 1, 0, 0, 0, 0, 0),
(5429, 799, 11, 1, 0, 0, 0, 0, 0),
(5430, 799, 12, 1, 0, 0, 0, 0, 0),
(5434, 801, 9, 1, 0, 0, 0, 0, 0),
(5435, 801, 10, 1, 0, 0, 0, 0, 0),
(5436, 801, 11, 1, 0, 0, 0, 0, 0),
(5437, 801, 12, 1, 0, 0, 0, 0, 0),
(5441, 802, 9, 1, 0, 0, 0, 0, 0),
(5442, 802, 10, 1, 0, 0, 0, 0, 0),
(5443, 802, 11, 1, 0, 0, 0, 0, 0),
(5444, 802, 12, 1, 0, 0, 0, 0, 0),
(5448, 803, 9, 1, 0, 0, 0, 0, 0),
(5449, 803, 10, 1, 0, 0, 0, 0, 0),
(5450, 803, 11, 1, 0, 0, 0, 0, 0),
(5451, 803, 12, 1, 0, 0, 0, 0, 0),
(5455, 804, 9, 1, 0, 0, 0, 0, 0),
(5456, 804, 10, 1, 0, 0, 0, 0, 0),
(5457, 804, 11, 1, 0, 0, 0, 0, 0),
(5458, 804, 12, 1, 0, 0, 0, 0, 0),
(5462, 805, 9, 1, 0, 0, 0, 0, 0),
(5463, 805, 10, 1, 0, 0, 0, 0, 0),
(5464, 805, 11, 1, 0, 0, 0, 0, 0),
(5465, 805, 12, 1, 0, 0, 0, 0, 0),
(5469, 806, 9, 1, 0, 0, 0, 0, 0),
(5470, 806, 10, 1, 0, 0, 0, 0, 0),
(5471, 806, 11, 1, 0, 0, 0, 0, 0),
(5472, 806, 12, 1, 0, 0, 0, 0, 0),
(5476, 807, 9, 1, 0, 0, 0, 0, 0),
(5477, 807, 10, 1, 0, 0, 0, 0, 0),
(5478, 807, 11, 1, 0, 0, 0, 0, 0),
(5479, 807, 12, 1, 0, 0, 0, 0, 0),
(5483, 810, 9, 1, 0, 0, 0, 0, 0),
(5484, 810, 10, 1, 0, 0, 0, 0, 0),
(5485, 810, 11, 1, 0, 0, 0, 0, 0),
(5486, 810, 12, 1, 0, 0, 0, 0, 0),
(5490, 811, 9, 1, 0, 0, 0, 0, 0),
(5491, 811, 10, 1, 0, 0, 0, 0, 0),
(5492, 811, 11, 1, 0, 0, 0, 0, 0),
(5493, 811, 12, 1, 0, 0, 0, 0, 0),
(5497, 813, 9, 1, 0, 0, 0, 0, 0),
(5498, 813, 10, 1, 0, 0, 0, 0, 0),
(5499, 813, 11, 1, 0, 0, 0, 0, 0),
(5500, 813, 12, 1, 0, 0, 0, 0, 0),
(5504, 812, 9, 1, 0, 0, 0, 0, 0),
(5505, 812, 10, 1, 0, 0, 0, 0, 0),
(5506, 812, 11, 1, 0, 0, 0, 0, 0),
(5507, 812, 12, 1, 0, 0, 0, 0, 0),
(5511, 814, 9, 1, 0, 0, 0, 0, 0),
(5512, 814, 10, 1, 0, 0, 0, 0, 0),
(5513, 814, 11, 1, 0, 0, 0, 0, 0),
(5514, 814, 12, 1, 0, 0, 0, 0, 0),
(5518, 815, 9, 1, 0, 0, 0, 0, 0),
(5519, 815, 10, 1, 0, 0, 0, 0, 0),
(5520, 815, 11, 1, 0, 0, 0, 0, 0),
(5521, 815, 12, 1, 0, 0, 0, 0, 0),
(5525, 816, 9, 1, 0, 0, 0, 0, 0),
(5526, 816, 10, 1, 0, 0, 0, 0, 0),
(5527, 816, 11, 1, 0, 0, 0, 0, 0),
(5528, 816, 12, 1, 0, 0, 0, 0, 0),
(5532, 817, 9, 1, 0, 0, 0, 0, 0),
(5533, 817, 10, 1, 0, 0, 0, 0, 0),
(5534, 817, 11, 1, 0, 0, 0, 0, 0),
(5535, 817, 12, 1, 0, 0, 0, 0, 0),
(5539, 818, 9, 1, 0, 0, 0, 0, 0),
(5540, 818, 10, 1, 0, 0, 0, 0, 0),
(5541, 818, 11, 1, 0, 0, 0, 0, 0),
(5542, 818, 12, 1, 0, 0, 0, 0, 0),
(5546, 819, 9, 1, 0, 0, 0, 0, 0),
(5547, 819, 10, 1, 0, 0, 0, 0, 0),
(5548, 819, 11, 1, 0, 0, 0, 0, 0),
(5549, 819, 12, 1, 0, 0, 0, 0, 0),
(5553, 820, 9, 1, 0, 0, 0, 0, 0),
(5554, 820, 10, 1, 0, 0, 0, 0, 0),
(5555, 820, 11, 1, 0, 0, 0, 0, 0),
(5556, 820, 12, 1, 0, 0, 0, 0, 0),
(5560, 821, 9, 1, 0, 0, 0, 0, 0),
(5561, 821, 10, 1, 0, 0, 0, 0, 0),
(5562, 821, 11, 1, 0, 0, 0, 0, 0),
(5563, 821, 12, 1, 0, 0, 0, 0, 0),
(5567, 822, 9, 1, 0, 0, 0, 0, 0),
(5568, 822, 10, 1, 0, 0, 0, 0, 0),
(5569, 822, 11, 1, 0, 0, 0, 0, 0),
(5570, 822, 12, 1, 0, 0, 0, 0, 0),
(5574, 823, 9, 1, 0, 0, 0, 0, 0),
(5575, 823, 10, 1, 0, 0, 0, 0, 0),
(5576, 823, 11, 1, 0, 0, 0, 0, 0),
(5577, 823, 12, 1, 0, 0, 0, 0, 0),
(5581, 824, 9, 1, 0, 0, 0, 0, 0),
(5582, 824, 10, 1, 0, 0, 0, 0, 0),
(5583, 824, 11, 1, 0, 0, 0, 0, 0),
(5584, 824, 12, 1, 0, 0, 0, 0, 0),
(5588, 825, 9, 1, 0, 0, 0, 0, 0),
(5589, 825, 10, 1, 0, 0, 0, 0, 0),
(5590, 825, 11, 1, 0, 0, 0, 0, 0),
(5591, 825, 12, 1, 0, 0, 0, 0, 0),
(5595, 826, 9, 1, 0, 0, 0, 0, 0),
(5596, 826, 10, 1, 0, 0, 0, 0, 0),
(5597, 826, 11, 1, 0, 0, 0, 0, 0),
(5598, 826, 12, 1, 0, 0, 0, 0, 0),
(5602, 827, 9, 1, 0, 0, 0, 0, 0),
(5603, 827, 10, 1, 0, 0, 0, 0, 0),
(5604, 827, 11, 1, 0, 0, 0, 0, 0),
(5605, 827, 12, 1, 0, 0, 0, 0, 0),
(5609, 828, 9, 1, 0, 0, 0, 0, 0),
(5610, 828, 10, 1, 0, 0, 0, 0, 0),
(5611, 828, 11, 1, 0, 0, 0, 0, 0),
(5612, 828, 12, 1, 0, 0, 0, 0, 0),
(5616, 829, 9, 1, 0, 0, 0, 0, 0),
(5617, 829, 10, 1, 0, 0, 0, 0, 0),
(5618, 829, 11, 1, 0, 0, 0, 0, 0),
(5619, 829, 12, 1, 0, 0, 0, 0, 0),
(5623, 830, 9, 1, 0, 0, 0, 0, 0),
(5624, 830, 10, 1, 0, 0, 0, 0, 0),
(5625, 830, 11, 1, 0, 0, 0, 0, 0),
(5626, 830, 12, 1, 0, 0, 0, 0, 0),
(5630, 831, 9, 1, 0, 0, 0, 0, 0),
(5631, 831, 10, 1, 0, 0, 0, 0, 0),
(5632, 831, 11, 1, 0, 0, 0, 0, 0),
(5633, 831, 12, 1, 0, 0, 0, 0, 0),
(5637, 832, 9, 1, 0, 0, 0, 0, 0),
(5638, 832, 10, 1, 0, 0, 0, 0, 0),
(5639, 832, 11, 1, 0, 0, 0, 0, 0),
(5640, 832, 12, 1, 0, 0, 0, 0, 0),
(5644, 833, 9, 1, 0, 0, 0, 0, 0),
(5645, 833, 10, 1, 0, 0, 0, 0, 0),
(5646, 833, 11, 1, 0, 0, 0, 0, 0),
(5647, 833, 12, 1, 0, 0, 0, 0, 0),
(5651, 834, 9, 1, 0, 0, 0, 0, 0),
(5652, 834, 10, 1, 0, 0, 0, 0, 0),
(5653, 834, 11, 1, 0, 0, 0, 0, 0),
(5654, 834, 12, 1, 0, 0, 0, 0, 0),
(5658, 835, 9, 1, 0, 0, 0, 0, 0),
(5659, 835, 10, 1, 0, 0, 0, 0, 0),
(5660, 835, 11, 1, 0, 0, 0, 0, 0),
(5661, 835, 12, 1, 0, 0, 0, 0, 0),
(5665, 836, 9, 1, 0, 0, 0, 0, 0),
(5666, 836, 10, 1, 0, 0, 0, 0, 0),
(5667, 836, 11, 1, 0, 0, 0, 0, 0),
(5668, 836, 12, 1, 0, 0, 0, 0, 0),
(5672, 837, 9, 1, 0, 0, 0, 0, 0),
(5673, 837, 10, 1, 0, 0, 0, 0, 0),
(5674, 837, 11, 1, 0, 0, 0, 0, 0),
(5675, 837, 12, 1, 0, 0, 0, 0, 0),
(5679, 838, 9, 1, 0, 0, 0, 0, 0),
(5680, 838, 10, 1, 0, 0, 0, 0, 0),
(5681, 838, 11, 1, 0, 0, 0, 0, 0),
(5682, 838, 12, 1, 0, 0, 0, 0, 0),
(5686, 839, 9, 1, 0, 0, 0, 0, 0),
(5687, 839, 10, 1, 0, 0, 0, 0, 0),
(5688, 839, 11, 1, 0, 0, 0, 0, 0),
(5689, 839, 12, 1, 0, 0, 0, 0, 0),
(5693, 840, 9, 1, 0, 0, 0, 0, 0),
(5694, 840, 10, 1, 0, 0, 0, 0, 0),
(5695, 840, 11, 1, 0, 0, 0, 0, 0),
(5696, 840, 12, 1, 0, 0, 0, 0, 0),
(5700, 841, 9, 1, 0, 0, 0, 0, 0),
(5701, 841, 10, 1, 0, 0, 0, 0, 0),
(5702, 841, 11, 1, 0, 0, 0, 0, 0),
(5703, 841, 12, 1, 0, 0, 0, 0, 0),
(5707, 842, 9, 1, 0, 0, 0, 0, 0),
(5708, 842, 10, 1, 0, 0, 0, 0, 0),
(5709, 842, 11, 1, 0, 0, 0, 0, 0),
(5710, 842, 12, 1, 0, 0, 0, 0, 0),
(5714, 843, 9, 1, 0, 0, 0, 0, 0),
(5715, 843, 10, 1, 0, 0, 0, 0, 0),
(5716, 843, 11, 1, 0, 0, 0, 0, 0),
(5717, 843, 12, 1, 0, 0, 0, 0, 0),
(5721, 844, 9, 1, 0, 0, 0, 0, 0),
(5722, 844, 10, 1, 0, 0, 0, 0, 0),
(5723, 844, 11, 1, 0, 0, 0, 0, 0),
(5724, 844, 12, 1, 0, 0, 0, 0, 0),
(5728, 845, 9, 1, 0, 0, 0, 0, 0),
(5729, 845, 10, 1, 0, 0, 0, 0, 0),
(5730, 845, 11, 1, 0, 0, 0, 0, 0),
(5731, 845, 12, 1, 0, 0, 0, 0, 0),
(5735, 846, 9, 1, 0, 0, 0, 0, 0),
(5736, 846, 10, 1, 0, 0, 0, 0, 0),
(5737, 846, 11, 1, 0, 0, 0, 0, 0),
(5738, 846, 12, 1, 0, 0, 0, 0, 0),
(5742, 847, 9, 1, 0, 0, 0, 0, 0),
(5743, 847, 10, 1, 0, 0, 0, 0, 0),
(5744, 847, 11, 1, 0, 0, 0, 0, 0),
(5745, 847, 12, 1, 0, 0, 0, 0, 0),
(5749, 848, 9, 1, 0, 0, 0, 0, 0),
(5750, 848, 10, 1, 0, 0, 0, 0, 0),
(5751, 848, 11, 1, 0, 0, 0, 0, 0),
(5752, 848, 12, 1, 0, 0, 0, 0, 0),
(5756, 849, 9, 1, 0, 0, 0, 0, 0),
(5757, 849, 10, 1, 0, 0, 0, 0, 0),
(5758, 849, 11, 1, 0, 0, 0, 0, 0),
(5759, 849, 12, 1, 0, 0, 0, 0, 0),
(5763, 850, 9, 1, 0, 0, 0, 0, 0),
(5764, 850, 10, 1, 0, 0, 0, 0, 0),
(5765, 850, 11, 1, 0, 0, 0, 0, 0),
(5766, 850, 12, 1, 0, 0, 0, 0, 0),
(5770, 852, 9, 1, 0, 0, 0, 0, 0),
(5771, 852, 10, 1, 0, 0, 0, 0, 0),
(5772, 852, 11, 1, 0, 0, 0, 0, 0),
(5773, 852, 12, 1, 0, 0, 0, 0, 0),
(5777, 853, 9, 1, 0, 0, 0, 0, 0),
(5778, 853, 10, 1, 0, 0, 0, 0, 0),
(5779, 853, 11, 1, 0, 0, 0, 0, 0),
(5780, 853, 12, 1, 0, 0, 0, 0, 0),
(5784, 855, 9, 1, 0, 0, 0, 0, 0),
(5785, 855, 10, 1, 0, 0, 0, 0, 0),
(5786, 855, 11, 1, 0, 0, 0, 0, 0),
(5787, 855, 12, 1, 0, 0, 0, 0, 0),
(5791, 854, 9, 1, 0, 0, 0, 0, 0),
(5792, 854, 10, 1, 0, 0, 0, 0, 0),
(5793, 854, 11, 1, 0, 0, 0, 0, 0),
(5794, 854, 12, 1, 0, 0, 0, 0, 0),
(5798, 856, 9, 1, 0, 0, 0, 0, 0),
(5799, 856, 10, 1, 0, 0, 0, 0, 0),
(5800, 856, 11, 1, 0, 0, 0, 0, 0),
(5801, 856, 12, 1, 0, 0, 0, 0, 0),
(5805, 857, 9, 1, 0, 0, 0, 0, 0),
(5806, 857, 10, 1, 0, 0, 0, 0, 0),
(5807, 857, 11, 1, 0, 0, 0, 0, 0),
(5808, 857, 12, 1, 0, 0, 0, 0, 0),
(5812, 858, 9, 1, 0, 0, 0, 0, 0),
(5813, 858, 10, 1, 0, 0, 0, 0, 0),
(5814, 858, 11, 1, 0, 0, 0, 0, 0),
(5815, 858, 12, 1, 0, 0, 0, 0, 0),
(5819, 859, 9, 1, 0, 0, 0, 0, 0),
(5820, 859, 10, 1, 0, 0, 0, 0, 0),
(5821, 859, 11, 1, 0, 0, 0, 0, 0),
(5822, 859, 12, 1, 0, 0, 0, 0, 0),
(5826, 860, 9, 1, 0, 0, 0, 0, 0),
(5827, 860, 10, 1, 0, 0, 0, 0, 0),
(5828, 860, 11, 1, 0, 0, 0, 0, 0),
(5829, 860, 12, 1, 0, 0, 0, 0, 0),
(5833, 861, 9, 1, 0, 0, 0, 0, 0),
(5834, 861, 10, 1, 0, 0, 0, 0, 0),
(5835, 861, 11, 1, 0, 0, 0, 0, 0),
(5836, 861, 12, 1, 0, 0, 0, 0, 0),
(5840, 862, 9, 1, 0, 0, 0, 0, 0),
(5841, 862, 10, 1, 0, 0, 0, 0, 0),
(5842, 862, 11, 1, 0, 0, 0, 0, 0),
(5843, 862, 12, 1, 0, 0, 0, 0, 0),
(5847, 864, 9, 1, 0, 0, 0, 0, 0),
(5848, 864, 10, 1, 0, 0, 0, 0, 0),
(5849, 864, 11, 1, 0, 0, 0, 0, 0),
(5850, 864, 12, 1, 0, 0, 0, 0, 0),
(5854, 863, 9, 1, 0, 0, 0, 0, 0),
(5855, 863, 10, 1, 0, 0, 0, 0, 0),
(5856, 863, 11, 1, 0, 0, 0, 0, 0),
(5857, 863, 12, 1, 0, 0, 0, 0, 0),
(5861, 865, 9, 1, 0, 0, 0, 0, 0),
(5862, 865, 10, 1, 0, 0, 0, 0, 0),
(5863, 865, 11, 1, 0, 0, 0, 0, 0),
(5864, 865, 12, 1, 0, 0, 0, 0, 0),
(5868, 868, 9, 1, 0, 0, 0, 0, 0),
(5869, 868, 10, 1, 0, 0, 0, 0, 0),
(5870, 868, 11, 1, 0, 0, 0, 0, 0),
(5871, 868, 12, 1, 0, 0, 0, 0, 0),
(5875, 869, 9, 1, 0, 0, 0, 0, 0),
(5876, 869, 10, 1, 0, 0, 0, 0, 0),
(5877, 869, 11, 1, 0, 0, 0, 0, 0),
(5878, 869, 12, 1, 0, 0, 0, 0, 0),
(5882, 870, 9, 1, 0, 0, 0, 0, 0),
(5883, 870, 10, 1, 0, 0, 0, 0, 0),
(5884, 870, 11, 1, 0, 0, 0, 0, 0),
(5885, 870, 12, 1, 0, 0, 0, 0, 0),
(5889, 871, 9, 1, 0, 0, 0, 0, 0),
(5890, 871, 10, 1, 0, 0, 0, 0, 0),
(5891, 871, 11, 1, 0, 0, 0, 0, 0),
(5892, 871, 12, 1, 0, 0, 0, 0, 0),
(5896, 872, 9, 1, 0, 0, 0, 0, 0),
(5897, 872, 10, 1, 0, 0, 0, 0, 0),
(5898, 872, 11, 1, 0, 0, 0, 0, 0),
(5899, 872, 12, 1, 0, 0, 0, 0, 0),
(5903, 873, 9, 1, 0, 0, 0, 0, 0),
(5904, 873, 10, 1, 0, 0, 0, 0, 0),
(5905, 873, 11, 1, 0, 0, 0, 0, 0),
(5906, 873, 12, 1, 0, 0, 0, 0, 0),
(5910, 874, 9, 1, 0, 0, 0, 0, 0),
(5911, 874, 10, 1, 0, 0, 0, 0, 0),
(5912, 874, 11, 1, 0, 0, 0, 0, 0),
(5913, 874, 12, 1, 0, 0, 0, 0, 0),
(5917, 875, 9, 1, 0, 0, 0, 0, 0),
(5918, 875, 10, 1, 0, 0, 0, 0, 0),
(5919, 875, 11, 1, 0, 0, 0, 0, 0),
(5920, 875, 12, 1, 0, 0, 0, 0, 0),
(5924, 876, 9, 1, 0, 0, 0, 0, 0),
(5925, 876, 10, 1, 0, 0, 0, 0, 0),
(5926, 876, 11, 1, 0, 0, 0, 0, 0),
(5927, 876, 12, 1, 0, 0, 0, 0, 0),
(5931, 877, 9, 1, 0, 0, 0, 0, 0),
(5932, 877, 10, 1, 0, 0, 0, 0, 0),
(5933, 877, 11, 1, 0, 0, 0, 0, 0),
(5934, 877, 12, 1, 0, 0, 0, 0, 0),
(5938, 878, 9, 1, 0, 0, 0, 0, 0),
(5939, 878, 10, 1, 0, 0, 0, 0, 0),
(5940, 878, 11, 1, 0, 0, 0, 0, 0),
(5941, 878, 12, 1, 0, 0, 0, 0, 0),
(5945, 879, 9, 1, 0, 0, 0, 0, 0),
(5946, 879, 10, 1, 0, 0, 0, 0, 0),
(5947, 879, 11, 1, 0, 0, 0, 0, 0),
(5948, 879, 12, 1, 0, 0, 0, 0, 0),
(5952, 880, 9, 1, 0, 0, 0, 0, 0),
(5953, 880, 10, 1, 0, 0, 0, 0, 0),
(5954, 880, 11, 1, 0, 0, 0, 0, 0),
(5955, 880, 12, 1, 0, 0, 0, 0, 0),
(5959, 881, 9, 1, 0, 0, 0, 0, 0),
(5960, 881, 10, 1, 0, 0, 0, 0, 0),
(5961, 881, 11, 1, 0, 0, 0, 0, 0),
(5962, 881, 12, 1, 0, 0, 0, 0, 0),
(5966, 882, 9, 1, 0, 0, 0, 0, 0),
(5967, 882, 10, 1, 0, 0, 0, 0, 0),
(5968, 882, 11, 1, 0, 0, 0, 0, 0),
(5969, 882, 12, 1, 0, 0, 0, 0, 0),
(5973, 883, 9, 1, 0, 0, 0, 0, 0),
(5974, 883, 10, 1, 0, 0, 0, 0, 0),
(5975, 883, 11, 1, 0, 0, 0, 0, 0),
(5976, 883, 12, 1, 0, 0, 0, 0, 0),
(5980, 884, 9, 1, 0, 0, 0, 0, 0),
(5981, 884, 10, 1, 0, 0, 0, 0, 0),
(5982, 884, 11, 1, 0, 0, 0, 0, 0),
(5983, 884, 12, 1, 0, 0, 0, 0, 0),
(5987, 885, 9, 1, 0, 0, 0, 0, 0),
(5988, 885, 10, 1, 0, 0, 0, 0, 0),
(5989, 885, 11, 1, 0, 0, 0, 0, 0),
(5990, 885, 12, 1, 0, 0, 0, 0, 0),
(5994, 886, 9, 1, 0, 0, 0, 0, 0),
(5995, 886, 10, 1, 0, 0, 0, 0, 0),
(5996, 886, 11, 1, 0, 0, 0, 0, 0),
(5997, 886, 12, 1, 0, 0, 0, 0, 0),
(6001, 887, 9, 1, 0, 0, 0, 0, 0),
(6002, 887, 10, 1, 0, 0, 0, 0, 0),
(6003, 887, 11, 1, 0, 0, 0, 0, 0),
(6004, 887, 12, 1, 0, 0, 0, 0, 0),
(6008, 888, 9, 1, 0, 0, 0, 0, 0),
(6009, 888, 10, 1, 0, 0, 0, 0, 0),
(6010, 888, 11, 1, 0, 0, 0, 0, 0),
(6011, 888, 12, 1, 0, 0, 0, 0, 0),
(6015, 889, 9, 1, 0, 0, 0, 0, 0),
(6016, 889, 10, 1, 0, 0, 0, 0, 0),
(6017, 889, 11, 1, 0, 0, 0, 0, 0),
(6018, 889, 12, 1, 0, 0, 0, 0, 0),
(6022, 891, 9, 1, 0, 0, 0, 0, 0),
(6023, 891, 10, 1, 0, 0, 0, 0, 0),
(6024, 891, 11, 1, 0, 0, 0, 0, 0),
(6025, 891, 12, 1, 0, 0, 0, 0, 0),
(6029, 892, 9, 1, 0, 0, 0, 0, 0),
(6030, 892, 10, 1, 0, 0, 0, 0, 0),
(6031, 892, 11, 1, 0, 0, 0, 0, 0),
(6032, 892, 12, 1, 0, 0, 0, 0, 0),
(6036, 894, 9, 1, 0, 0, 0, 0, 0),
(6037, 894, 10, 1, 0, 0, 0, 0, 0),
(6038, 894, 11, 1, 0, 0, 0, 0, 0),
(6039, 894, 12, 1, 0, 0, 0, 0, 0),
(6043, 895, 9, 1, 0, 0, 0, 0, 0),
(6044, 895, 10, 1, 0, 0, 0, 0, 0),
(6045, 895, 11, 1, 0, 0, 0, 0, 0),
(6046, 895, 12, 1, 0, 0, 0, 0, 0),
(6050, 896, 9, 1, 0, 0, 0, 0, 0),
(6051, 896, 10, 1, 0, 0, 0, 0, 0),
(6052, 896, 11, 1, 0, 0, 0, 0, 0),
(6053, 896, 12, 1, 0, 0, 0, 0, 0),
(6057, 897, 9, 1, 0, 0, 0, 0, 0),
(6058, 897, 10, 1, 0, 0, 0, 0, 0),
(6059, 897, 11, 1, 0, 0, 0, 0, 0),
(6060, 897, 12, 1, 0, 0, 0, 0, 0),
(6064, 898, 9, 1, 0, 0, 0, 0, 0),
(6065, 898, 10, 1, 0, 0, 0, 0, 0),
(6066, 898, 11, 1, 0, 0, 0, 0, 0),
(6067, 898, 12, 1, 0, 0, 0, 0, 0),
(6071, 899, 9, 1, 0, 0, 0, 0, 0),
(6072, 899, 10, 1, 0, 0, 0, 0, 0),
(6073, 899, 11, 1, 0, 0, 0, 0, 0),
(6074, 899, 12, 1, 0, 0, 0, 0, 0),
(6078, 900, 9, 1, 0, 0, 0, 0, 0),
(6079, 900, 10, 1, 0, 0, 0, 0, 0),
(6080, 900, 11, 1, 0, 0, 0, 0, 0),
(6081, 900, 12, 1, 0, 0, 0, 0, 0),
(6085, 901, 9, 1, 0, 0, 0, 0, 0),
(6086, 901, 10, 1, 0, 0, 0, 0, 0),
(6087, 901, 11, 1, 0, 0, 0, 0, 0),
(6088, 901, 12, 1, 0, 0, 0, 0, 0),
(6092, 902, 9, 1, 0, 0, 0, 0, 0),
(6093, 902, 10, 1, 0, 0, 0, 0, 0),
(6094, 902, 11, 1, 0, 0, 0, 0, 0),
(6095, 902, 12, 1, 0, 0, 0, 0, 0),
(6099, 903, 9, 1, 0, 0, 0, 0, 0),
(6100, 903, 10, 1, 0, 0, 0, 0, 0),
(6101, 903, 11, 1, 0, 0, 0, 0, 0),
(6102, 903, 12, 1, 0, 0, 0, 0, 0),
(6106, 904, 9, 1, 0, 0, 0, 0, 0),
(6107, 904, 10, 1, 0, 0, 0, 0, 0),
(6108, 904, 11, 1, 0, 0, 0, 0, 0),
(6109, 904, 12, 1, 0, 0, 0, 0, 0),
(6113, 905, 9, 1, 0, 0, 0, 0, 0),
(6114, 905, 10, 1, 0, 0, 0, 0, 0),
(6115, 905, 11, 1, 0, 0, 0, 0, 0),
(6116, 905, 12, 1, 0, 0, 0, 0, 0),
(6120, 906, 9, 1, 0, 0, 0, 0, 0),
(6121, 906, 10, 1, 0, 0, 0, 0, 0),
(6122, 906, 11, 1, 0, 0, 0, 0, 0),
(6123, 906, 12, 1, 0, 0, 0, 0, 0),
(6127, 907, 9, 1, 0, 0, 0, 0, 0),
(6128, 907, 10, 1, 0, 0, 0, 0, 0),
(6129, 907, 11, 1, 0, 0, 0, 0, 0),
(6130, 907, 12, 1, 0, 0, 0, 0, 0),
(6134, 908, 9, 1, 0, 0, 0, 0, 0),
(6135, 908, 10, 1, 0, 0, 0, 0, 0),
(6136, 908, 11, 1, 0, 0, 0, 0, 0),
(6137, 908, 12, 1, 0, 0, 0, 0, 0),
(6141, 909, 9, 1, 0, 0, 0, 0, 0),
(6142, 909, 10, 1, 0, 0, 0, 0, 0),
(6143, 909, 11, 1, 0, 0, 0, 0, 0),
(6144, 909, 12, 1, 0, 0, 0, 0, 0),
(6148, 910, 9, 1, 0, 0, 0, 0, 0),
(6149, 910, 10, 1, 0, 0, 0, 0, 0),
(6150, 910, 11, 1, 0, 0, 0, 0, 0),
(6151, 910, 12, 1, 0, 0, 0, 0, 0),
(6155, 911, 9, 1, 0, 0, 0, 0, 0),
(6156, 911, 10, 1, 0, 0, 0, 0, 0),
(6157, 911, 11, 1, 0, 0, 0, 0, 0),
(6158, 911, 12, 1, 0, 0, 0, 0, 0),
(6162, 912, 9, 1, 0, 0, 0, 0, 0),
(6163, 912, 10, 1, 0, 0, 0, 0, 0),
(6164, 912, 11, 1, 0, 0, 0, 0, 0),
(6165, 912, 12, 1, 0, 0, 0, 0, 0),
(6169, 913, 9, 1, 0, 0, 0, 0, 0),
(6170, 913, 10, 1, 0, 0, 0, 0, 0),
(6171, 913, 11, 1, 0, 0, 0, 0, 0),
(6172, 913, 12, 1, 0, 0, 0, 0, 0),
(6176, 914, 9, 1, 0, 0, 0, 0, 0),
(6177, 914, 10, 1, 0, 0, 0, 0, 0),
(6178, 914, 11, 1, 0, 0, 0, 0, 0),
(6179, 914, 12, 1, 0, 0, 0, 0, 0),
(6183, 916, 9, 1, 0, 0, 0, 0, 0),
(6184, 916, 10, 1, 0, 0, 0, 0, 0),
(6185, 916, 11, 1, 0, 0, 0, 0, 0),
(6186, 916, 12, 1, 0, 0, 0, 0, 0),
(6190, 917, 9, 1, 0, 0, 0, 0, 0),
(6191, 917, 10, 1, 0, 0, 0, 0, 0),
(6192, 917, 11, 1, 0, 0, 0, 0, 0),
(6193, 917, 12, 1, 0, 0, 0, 0, 0),
(6197, 918, 9, 1, 0, 0, 0, 0, 0),
(6198, 918, 10, 1, 0, 0, 0, 0, 0),
(6199, 918, 11, 1, 0, 0, 0, 0, 0),
(6200, 918, 12, 1, 0, 0, 0, 0, 0),
(6204, 919, 9, 1, 0, 0, 0, 0, 0),
(6205, 919, 10, 1, 0, 0, 0, 0, 0),
(6206, 919, 11, 1, 0, 0, 0, 0, 0),
(6207, 919, 12, 1, 0, 0, 0, 0, 0),
(6211, 920, 9, 1, 0, 0, 0, 0, 0),
(6212, 920, 10, 1, 0, 0, 0, 0, 0),
(6213, 920, 11, 1, 0, 0, 0, 0, 0),
(6214, 920, 12, 1, 0, 0, 0, 0, 0),
(6218, 921, 9, 1, 0, 0, 0, 0, 0),
(6219, 921, 10, 1, 0, 0, 0, 0, 0),
(6220, 921, 11, 1, 0, 0, 0, 0, 0),
(6221, 921, 12, 1, 0, 0, 0, 0, 0),
(6225, 922, 9, 1, 0, 0, 0, 0, 0),
(6226, 922, 10, 1, 0, 0, 0, 0, 0),
(6227, 922, 11, 1, 0, 0, 0, 0, 0),
(6228, 922, 12, 1, 0, 0, 0, 0, 0),
(6232, 923, 9, 1, 0, 0, 0, 0, 0),
(6233, 923, 10, 1, 0, 0, 0, 0, 0),
(6234, 923, 11, 1, 0, 0, 0, 0, 0),
(6235, 923, 12, 1, 0, 0, 0, 0, 0),
(6239, 924, 9, 1, 0, 0, 0, 0, 0),
(6240, 924, 10, 1, 0, 0, 0, 0, 0),
(6241, 924, 11, 1, 0, 0, 0, 0, 0),
(6242, 924, 12, 1, 0, 0, 0, 0, 0),
(6246, 925, 9, 1, 0, 0, 0, 0, 0),
(6247, 925, 10, 1, 0, 0, 0, 0, 0),
(6248, 925, 11, 1, 0, 0, 0, 0, 0),
(6249, 925, 12, 1, 0, 0, 0, 0, 0),
(6253, 928, 9, 1, 0, 0, 0, 0, 0),
(6254, 928, 10, 1, 0, 0, 0, 0, 0),
(6255, 928, 11, 1, 0, 0, 0, 0, 0),
(6256, 928, 12, 1, 0, 0, 0, 0, 0),
(6260, 929, 9, 1, 0, 0, 0, 0, 0),
(6261, 929, 10, 1, 0, 0, 0, 0, 0),
(6262, 929, 11, 1, 0, 0, 0, 0, 0),
(6263, 929, 12, 1, 0, 0, 0, 0, 0),
(6267, 930, 9, 1, 0, 0, 0, 0, 0),
(6268, 930, 10, 1, 0, 0, 0, 0, 0),
(6269, 930, 11, 1, 0, 0, 0, 0, 0),
(6270, 930, 12, 1, 0, 0, 0, 0, 0),
(6274, 931, 9, 1, 0, 0, 0, 0, 0),
(6275, 931, 10, 1, 0, 0, 0, 0, 0),
(6276, 931, 11, 1, 0, 0, 0, 0, 0),
(6277, 931, 12, 1, 0, 0, 0, 0, 0),
(6281, 932, 9, 1, 0, 0, 0, 0, 0),
(6282, 932, 10, 1, 0, 0, 0, 0, 0),
(6283, 932, 11, 1, 0, 0, 0, 0, 0),
(6284, 932, 12, 1, 0, 0, 0, 0, 0),
(6288, 933, 9, 1, 0, 0, 0, 0, 0),
(6289, 933, 10, 1, 0, 0, 0, 0, 0),
(6290, 933, 11, 1, 0, 0, 0, 0, 0),
(6291, 933, 12, 1, 0, 0, 0, 0, 0),
(6295, 934, 9, 1, 0, 0, 0, 0, 0),
(6296, 934, 10, 1, 0, 0, 0, 0, 0),
(6297, 934, 11, 1, 0, 0, 0, 0, 0),
(6298, 934, 12, 1, 0, 0, 0, 0, 0),
(6302, 935, 9, 1, 0, 0, 0, 0, 0),
(6303, 935, 10, 1, 0, 0, 0, 0, 0),
(6304, 935, 11, 1, 0, 0, 0, 0, 0),
(6305, 935, 12, 1, 0, 0, 0, 0, 0),
(6309, 936, 9, 1, 0, 0, 0, 0, 0),
(6310, 936, 10, 1, 0, 0, 0, 0, 0),
(6311, 936, 11, 1, 0, 0, 0, 0, 0),
(6312, 936, 12, 1, 0, 0, 0, 0, 0),
(6316, 937, 9, 1, 0, 0, 0, 0, 0),
(6317, 937, 10, 1, 0, 0, 0, 0, 0),
(6318, 937, 11, 1, 0, 0, 0, 0, 0),
(6319, 937, 12, 1, 0, 0, 0, 0, 0),
(6323, 938, 9, 1, 0, 0, 0, 0, 0),
(6324, 938, 10, 1, 0, 0, 0, 0, 0),
(6325, 938, 11, 1, 0, 0, 0, 0, 0),
(6326, 938, 12, 1, 0, 0, 0, 0, 0),
(6330, 939, 9, 1, 0, 0, 0, 0, 0),
(6331, 939, 10, 1, 0, 0, 0, 0, 0),
(6332, 939, 11, 1, 0, 0, 0, 0, 0),
(6333, 939, 12, 1, 0, 0, 0, 0, 0),
(6337, 940, 9, 1, 0, 0, 0, 0, 0),
(6338, 940, 10, 1, 0, 0, 0, 0, 0),
(6339, 940, 11, 1, 0, 0, 0, 0, 0),
(6340, 940, 12, 1, 0, 0, 0, 0, 0),
(6344, 941, 9, 1, 0, 0, 0, 0, 0),
(6345, 941, 10, 1, 0, 0, 0, 0, 0),
(6346, 941, 11, 1, 0, 0, 0, 0, 0),
(6347, 941, 12, 1, 0, 0, 0, 0, 0),
(6351, 942, 9, 1, 0, 0, 0, 0, 0),
(6352, 942, 10, 1, 0, 0, 0, 0, 0),
(6353, 942, 11, 1, 0, 0, 0, 0, 0),
(6354, 942, 12, 1, 0, 0, 0, 0, 0),
(6358, 943, 9, 1, 0, 0, 0, 0, 0),
(6359, 943, 10, 1, 0, 0, 0, 0, 0),
(6360, 943, 11, 1, 0, 0, 0, 0, 0),
(6361, 943, 12, 1, 0, 0, 0, 0, 0),
(6365, 944, 9, 1, 0, 0, 0, 0, 0),
(6366, 944, 10, 1, 0, 0, 0, 0, 0),
(6367, 944, 11, 1, 0, 0, 0, 0, 0),
(6368, 944, 12, 1, 0, 0, 0, 0, 0),
(6372, 945, 9, 1, 0, 0, 0, 0, 0),
(6373, 945, 10, 1, 0, 0, 0, 0, 0),
(6374, 945, 11, 1, 0, 0, 0, 0, 0),
(6375, 945, 12, 1, 0, 0, 0, 0, 0),
(6379, 946, 9, 1, 0, 0, 0, 0, 0),
(6380, 946, 10, 1, 0, 0, 0, 0, 0),
(6381, 946, 11, 1, 0, 0, 0, 0, 0),
(6382, 946, 12, 1, 0, 0, 0, 0, 0),
(6386, 947, 9, 1, 0, 0, 0, 0, 0),
(6387, 947, 10, 1, 0, 0, 0, 0, 0),
(6388, 947, 11, 1, 0, 0, 0, 0, 0),
(6389, 947, 12, 1, 0, 0, 0, 0, 0),
(6393, 948, 9, 1, 0, 0, 0, 0, 0),
(6394, 948, 10, 1, 0, 0, 0, 0, 0),
(6395, 948, 11, 1, 0, 0, 0, 0, 0),
(6396, 948, 12, 1, 0, 0, 0, 0, 0),
(6400, 949, 9, 1, 0, 0, 0, 0, 0),
(6401, 949, 10, 1, 0, 0, 0, 0, 0),
(6402, 949, 11, 1, 0, 0, 0, 0, 0),
(6403, 949, 12, 1, 0, 0, 0, 0, 0),
(6407, 950, 9, 1, 0, 0, 0, 0, 0),
(6408, 950, 10, 1, 0, 0, 0, 0, 0),
(6409, 950, 11, 1, 0, 0, 0, 0, 0),
(6410, 950, 12, 1, 0, 0, 0, 0, 0),
(6414, 951, 9, 1, 0, 0, 0, 0, 0),
(6415, 951, 10, 1, 0, 0, 0, 0, 0),
(6416, 951, 11, 1, 0, 0, 0, 0, 0),
(6417, 951, 12, 1, 0, 0, 0, 0, 0),
(6421, 952, 9, 1, 0, 0, 0, 0, 0),
(6422, 952, 10, 1, 0, 0, 0, 0, 0),
(6423, 952, 11, 1, 0, 0, 0, 0, 0),
(6424, 952, 12, 1, 0, 0, 0, 0, 0),
(6428, 953, 9, 1, 0, 0, 0, 0, 0),
(6429, 953, 10, 1, 0, 0, 0, 0, 0),
(6430, 953, 11, 1, 0, 0, 0, 0, 0),
(6431, 953, 12, 1, 0, 0, 0, 0, 0),
(6435, 956, 9, 1, 0, 0, 0, 0, 0),
(6436, 956, 10, 1, 0, 0, 0, 0, 0),
(6437, 956, 11, 1, 0, 0, 0, 0, 0),
(6438, 956, 12, 1, 0, 0, 0, 0, 0),
(6442, 957, 9, 1, 0, 0, 0, 0, 0),
(6443, 957, 10, 1, 0, 0, 0, 0, 0),
(6444, 957, 11, 1, 0, 0, 0, 0, 0),
(6445, 957, 12, 1, 0, 0, 0, 0, 0),
(6449, 958, 9, 1, 0, 0, 0, 0, 0),
(6450, 958, 10, 1, 0, 0, 0, 0, 0),
(6451, 958, 11, 1, 0, 0, 0, 0, 0),
(6452, 958, 12, 1, 0, 0, 0, 0, 0),
(6456, 959, 9, 1, 0, 0, 0, 0, 0),
(6457, 959, 10, 1, 0, 0, 0, 0, 0),
(6458, 959, 11, 1, 0, 0, 0, 0, 0),
(6459, 959, 12, 1, 0, 0, 0, 0, 0),
(6463, 960, 9, 1, 0, 0, 0, 0, 0),
(6464, 960, 10, 1, 0, 0, 0, 0, 0),
(6465, 960, 11, 1, 0, 0, 0, 0, 0),
(6466, 960, 12, 1, 0, 0, 0, 0, 0),
(6470, 961, 9, 1, 0, 0, 0, 0, 0),
(6471, 961, 10, 1, 0, 0, 0, 0, 0),
(6472, 961, 11, 1, 0, 0, 0, 0, 0),
(6473, 961, 12, 1, 0, 0, 0, 0, 0),
(6477, 962, 9, 1, 0, 0, 0, 0, 0),
(6478, 962, 10, 1, 0, 0, 0, 0, 0),
(6479, 962, 11, 1, 0, 0, 0, 0, 0),
(6480, 962, 12, 1, 0, 0, 0, 0, 0);

-- --------------------------------------------------------

--
-- Estructura de tabla para la tabla `respaldos`
--

DROP TABLE IF EXISTS `respaldos`;
CREATE TABLE `respaldos` (
  `id_respaldo` int(11) NOT NULL,
  `nombre_archivo` varchar(150) NOT NULL,
  `peso` varchar(20) NOT NULL,
  `fecha_creacion` datetime NOT NULL,
  `idUsuario` int(255) NOT NULL
) ENGINE=InnoDB DEFAULT CHARSET=utf8 COLLATE=utf8_spanish2_ci;

-- --------------------------------------------------------

--
-- Estructura de tabla para la tabla `roles`
--

DROP TABLE IF EXISTS `roles`;
CREATE TABLE `roles` (
  `id_rol` int(255) NOT NULL,
  `nombre_rol` varchar(35) NOT NULL,
  `nivel_rol` tinyint(1) NOT NULL DEFAULT 3,
  `estatus` tinyint(1) NOT NULL DEFAULT 1
) ENGINE=InnoDB DEFAULT CHARSET=utf8 COLLATE=utf8_spanish2_ci;

--
-- Volcado de datos para la tabla `roles`
--

INSERT INTO `roles` (`id_rol`, `nombre_rol`, `nivel_rol`, `estatus`) VALUES
(1, 'Super Usuario', 1, 1),
(2, 'Administrador', 2, 1),
(9, 'Entrenador', 3, 1);

-- --------------------------------------------------------

--
-- Estructura de tabla para la tabla `usuarios`
--

DROP TABLE IF EXISTS `usuarios`;
CREATE TABLE `usuarios` (
  `idUsuario` int(255) NOT NULL,
  `cedulaUsuario` varchar(10) NOT NULL,
  `nombreUsuario` varchar(35) NOT NULL,
  `apellidoUsuario` varchar(35) NOT NULL,
  `foto` varchar(255) DEFAULT 'default.png',
  `telefonoUsuario` varchar(15) NOT NULL,
  `contraseña` varchar(255) NOT NULL,
  `correo` varchar(60) NOT NULL,
  `id_rol` int(255) NOT NULL,
  `estatus` tinyint(1) NOT NULL DEFAULT 1,
  `bloqueo` tinyint(2) NOT NULL DEFAULT 1
) ENGINE=InnoDB DEFAULT CHARSET=utf8 COLLATE=utf8_spanish2_ci;

--
-- Volcado de datos para la tabla `usuarios`
--

INSERT INTO `usuarios` (`idUsuario`, `cedulaUsuario`, `nombreUsuario`, `apellidoUsuario`, `foto`, `telefonoUsuario`, `contraseña`, `correo`, `id_rol`, `estatus`, `bloqueo`) VALUES
(1, '12345678', 'Admin', 'Admin', 'default.png', '0000-0000000', '$2y$10$z9rD8xGPyg4.JegVpLgfi.WEi2HPKEKGvOQYRDZfZPqwlzxRqS.y.', 'admin@gmail.com', 1, 1, 1),
(25, '29506932', 'Moises', 'Torrellas', 'default.png', '0415-6548585', '$2y$10$nbHVdqm0D.1BxZfSNqSCgu3xJIZKG6ZqTuea6nW6DLpcALyW8jAw6', 'moitcj@gmail.com', 9, 1, 1),
(26, '1000000', 'Nombre', 'Apellido', 'default.png', '0414-0000000', '$2y$10$PZAbjpd9Kl76u4SXWusjceOxciAmyBGGLBdpbu2htLMecn248LDh6', 'usuario1000000@cannibal.com', 9, 1, 1),
(27, '1000002', 'Nombre', 'Apellido', 'default.png', '0414-0000002', '$2y$10$xJB6J5cgQ9CVIFU/U42oFeiJlDEm25PgsnVRSGSa6ghpeRRFfYs3m', 'usuario1000002@cannibal.com', 9, 1, 1),
(28, '1000001', 'Nombre', 'Apellido', 'default.png', '0414-0000001', '$2y$10$Z..VqUObTiRbfHIaAgviRuO34RCuI9FRX0GyTrX/SHm.cVAWmVJz.', 'usuario1000001@cannibal.com', 9, 1, 1),
(29, '1000003', 'Nombre', 'Apellido', 'default.png', '0414-0000003', '$2y$10$zh4p3o0XwvsuM0LtiFSagOHawBQ8FTzb5X7VjN1zrlUjwGKRhWTCa', 'usuario1000003@cannibal.com', 9, 1, 1),
(30, '1000004', 'Nombre', 'Apellido', 'default.png', '0414-0000004', '$2y$10$YpN21N7AVKIIhbgQzZlzfO7LtLMQExu9FR89E1ts2NRLHZ7RKJQ6S', 'usuario1000004@cannibal.com', 9, 1, 1),
(31, '1000005', 'Nombre', 'Apellido', 'default.png', '0414-0000005', '$2y$10$pM3uPC/I9jvv3nuTVDgvLOpBYv9sbiyRGDgYVzKVo2/J3EnkWJS2i', 'usuario1000005@cannibal.com', 9, 1, 1),
(32, '1000007', 'Nombre', 'Apellido', 'default.png', '0414-0000007', '$2y$10$p6ctD9Oquc9iLAKgUEhVGeFLbYVZ9pLOO1Qrs3/88/QYn6EWSLlNq', 'usuario1000007@cannibal.com', 9, 1, 1),
(33, '1000006', 'Nombre', 'Apellido', 'default.png', '0414-0000006', '$2y$10$T/PP4FnabFJirPaY4ms8XuKKdEnGZbXJfrGZF3YU2z4T.qX4D8IPy', 'usuario1000006@cannibal.com', 9, 1, 1),
(34, '1000008', 'Nombre', 'Apellido', 'default.png', '0414-0000008', '$2y$10$MX/9ec7RIGBZLlLQ5zCEdedfT3Kdc7Eou0IyxBIUWtPNvudHikX46', 'usuario1000008@cannibal.com', 9, 1, 1),
(35, '1000009', 'Nombre', 'Apellido', 'default.png', '0414-0000009', '$2y$10$YagRxyN6uHFUD2d/0jg6HO01IiCMbNkvA7Dj02nc8Zki94XNE6/XG', 'usuario1000009@cannibal.com', 9, 1, 1),
(36, '1000010', 'Nombre', 'Apellido', 'default.png', '0414-0000010', '$2y$10$CVRu.5wPgcWVddD9wPGpEeNEIzn7dMlJI6YCYLYpd6.oBAeaTBcHO', 'usuario1000010@cannibal.com', 9, 1, 1),
(37, '1000011', 'Nombre', 'Apellido', 'default.png', '0414-0000011', '$2y$10$XRNs6biD8E2f3sAz9Gk3S.KiKGs4Ay05XTsBEBuE3nYHfeLSVxvYq', 'usuario1000011@cannibal.com', 9, 1, 1),
(38, '1000012', 'Nombre', 'Apellido', 'default.png', '0414-0000012', '$2y$10$tXvVXwZn8dVgLXUkP8v2c.IADKLP5lXgN8TgMqB/zHYk7mrqt5A26', 'usuario1000012@cannibal.com', 9, 1, 1),
(39, '1000013', 'Nombre', 'Apellido', 'default.png', '0414-0000013', '$2y$10$KbGRJFnIwXa5bdZuhJGIw.u/bCDHQhwvNCgJJDl/n.2iOjmbkdr/m', 'usuario1000013@cannibal.com', 9, 1, 1),
(40, '1000014', 'Nombre', 'Apellido', 'default.png', '0414-0000014', '$2y$10$LPUHtPGHw9p1tQ7rxfztfuwnDeXkpPn.R0rk3EjbhgFrvSKC3h8m6', 'usuario1000014@cannibal.com', 9, 1, 1),
(41, '1000015', 'Nombre', 'Apellido', 'default.png', '0414-0000015', '$2y$10$uluvtYudI7VuHYo1CSz4w.n5Wytry9ZbYPg3CemLccXC5v05jvVai', 'usuario1000015@cannibal.com', 9, 1, 1),
(42, '1000016', 'Nombre', 'Apellido', 'default.png', '0414-0000016', '$2y$10$wO2VcD8tJ1CmnT.qO9f5IOpx9AbcL2cE6gyBcFAmrZKk/4YtbHTqC', 'usuario1000016@cannibal.com', 9, 1, 1),
(43, '1000017', 'Nombre', 'Apellido', 'default.png', '0414-0000017', '$2y$10$BM/fXvPT1ayGBVkIvmhczOX4gX2f4VQK3qLuu0bDYoszq4V1MP9yq', 'usuario1000017@cannibal.com', 9, 1, 1),
(44, '1000018', 'Nombre', 'Apellido', 'default.png', '0414-0000018', '$2y$10$y.7Sl5r9tsfnOaI27J7mkemcCOB4DDj5d5AvGAUga/u.DQ.3j1jJG', 'usuario1000018@cannibal.com', 9, 1, 1),
(45, '1000019', 'Nombre', 'Apellido', 'default.png', '0414-0000019', '$2y$10$DWa69z9xW3iGK/o1f3CkK.l0I2nEmVywtxwPTywAq3rzLiQKv.X2C', 'usuario1000019@cannibal.com', 9, 1, 1),
(46, '1000020', 'Nombre', 'Apellido', 'default.png', '0414-0000020', '$2y$10$Oez/o9Y8bXYAUH./oQ.04uRhLHSzCrtiqsZb3z/KUqj1jpsruKL56', 'usuario1000020@cannibal.com', 9, 1, 1),
(47, '1000021', 'Nombre', 'Apellido', 'default.png', '0414-0000021', '$2y$10$foNh.4AeZtRfyq4m30xw9.vFJMPnUYEHetqXxDDg9b9Acssqeqrg.', 'usuario1000021@cannibal.com', 9, 1, 1),
(48, '1000022', 'Nombre', 'Apellido', 'default.png', '0414-0000022', '$2y$10$nUXyoYRO9SUQxiIDBBYjz.vJri0exJspn1Kq2U2ossU4lG0w//EEi', 'usuario1000022@cannibal.com', 9, 1, 1),
(49, '1000025', 'Nombre', 'Apellido', 'default.png', '0414-0000025', '$2y$10$.VqJlbeLgCHc1amAA9IH..s6OmIy2KBw7M8vvi9SpABDDHhsJKqsC', 'usuario1000025@cannibal.com', 9, 1, 1),
(50, '1000026', 'Nombre', 'Apellido', 'default.png', '0414-0000026', '$2y$10$Lj/ta46OXWuIv1OAEY23seCXauJeTcyXEETSxXdk.esQwhTp34AnS', 'usuario1000026@cannibal.com', 9, 1, 1),
(52, '1000023', 'Nombre', 'Apellido', 'default.png', '0414-0000023', '$2y$10$LTTdsoK6E97e51pUAtRc7O.fRns86ZweWoKrr.sd9Pa1fJe7fGomW', 'usuario1000023@cannibal.com', 9, 1, 1),
(53, '1000027', 'Nombre', 'Apellido', 'default.png', '0414-0000027', '$2y$10$6di8IBDP93DSOgqwYM0ZxeQ9ibAZDVluXB6uBH/saCW2Xxg2es6ze', 'usuario1000027@cannibal.com', 9, 1, 1),
(54, '1000030', 'Nombre', 'Apellido', 'default.png', '0414-0000030', '$2y$10$MQUriKsG9M6oJ8.LBv3cZesAn01qo95s/OhCT98CM1bc3eUPG2.2.', 'usuario1000030@cannibal.com', 9, 1, 1),
(55, '1000028', 'Nombre', 'Apellido', 'default.png', '0414-0000028', '$2y$10$yELyrv3G4zx9SCiRgg697.e/HB4eePQAx5L1yBUlo0T76uPzsuazm', 'usuario1000028@cannibal.com', 9, 1, 1),
(56, '1000029', 'Nombre', 'Apellido', 'default.png', '0414-0000029', '$2y$10$rYlIBfyZyf0mk08AqH/8Ce4PLoVKx5DW7XVDxgcYDGRPICaj2gNnu', 'usuario1000029@cannibal.com', 9, 1, 1),
(57, '1000031', 'Nombre', 'Apellido', 'default.png', '0414-0000031', '$2y$10$LnlZJXt9nXh6jXADrwNL5.90tWrt41Ain5o.i8KvpaHVBc435aGcm', 'usuario1000031@cannibal.com', 9, 1, 1),
(58, '1000032', 'Nombre', 'Apellido', 'default.png', '0414-0000032', '$2y$10$d7E7OTmkfHGvpUAbFE4oGuFsWvSbk9VKk7KO8ui2y3lYtNzQQbIMu', 'usuario1000032@cannibal.com', 9, 1, 1),
(59, '1000033', 'Nombre', 'Apellido', 'default.png', '0414-0000033', '$2y$10$P452MNwuoG5P5CNQSb/8LuTjHTngVNFHh5cmazSMFgGPa6tRsU8Eq', 'usuario1000033@cannibal.com', 9, 1, 1),
(60, '1000037', 'Nombre', 'Apellido', 'default.png', '0414-0000037', '$2y$10$FP3qhmrGiMT1GuIXKSUpYOgxe2C9oSGvkjWPNEDNd0.QwNxHH4Qua', 'usuario1000037@cannibal.com', 9, 1, 1),
(61, '1000035', 'Nombre', 'Apellido', 'default.png', '0414-0000035', '$2y$10$4E8bWhLnSMKHfTMEsqp5BeQTmwcsQ47AiHt.rA8l.262UZ.1zK8Dy', 'usuario1000035@cannibal.com', 9, 1, 1),
(62, '1000036', 'Nombre', 'Apellido', 'default.png', '0414-0000036', '$2y$10$1HmYxJZrkVmOA8vEjGnoQeP3.X3gSA8jNqBKednwBZTOtqnmctn0G', 'usuario1000036@cannibal.com', 9, 1, 1),
(63, '1000034', 'Nombre', 'Apellido', 'default.png', '0414-0000034', '$2y$10$WmuaX0uJoVgz40NlMJJEAuAQTLp0XsTKlmEVOjoE4sFkuxGysWapq', 'usuario1000034@cannibal.com', 9, 1, 1),
(64, '1000038', 'Nombre', 'Apellido', 'default.png', '0414-0000038', '$2y$10$sLEy82mzYVFZhIDt7n4GBuwdAPe3ijbxDqkdQ0WgwteVL1RGVWsAa', 'usuario1000038@cannibal.com', 9, 1, 1),
(65, '1000039', 'Nombre', 'Apellido', 'default.png', '0414-0000039', '$2y$10$..Tf/hyNcnIxC3S1wVCxv.oOw1DRKKvCzqxpOOBVaoYflS9xBzJ7i', 'usuario1000039@cannibal.com', 9, 1, 1),
(66, '1000040', 'Nombre', 'Apellido', 'default.png', '0414-0000040', '$2y$10$aPaI4tiNW7Kk6ecJCmuosOjK/K3xmY6VVUQQQaK0hp1dx2IuDcmHq', 'usuario1000040@cannibal.com', 9, 1, 1),
(67, '1000043', 'Nombre', 'Apellido', 'default.png', '0414-0000043', '$2y$10$5dGkPKqS/34sWLMT.GL.PO.VfDuAZnF0.fo9arlA8YuocBF818uOW', 'usuario1000043@cannibal.com', 9, 1, 1),
(68, '1000042', 'Nombre', 'Apellido', 'default.png', '0414-0000042', '$2y$10$M06BHAKh73nTlp5cKED.yuUdScnD5AosC8zI1Ep8h4hlyIa8ZctB.', 'usuario1000042@cannibal.com', 9, 1, 1),
(69, '1000041', 'Nombre', 'Apellido', 'default.png', '0414-0000041', '$2y$10$rx4y3734I1VChkBBvHwvleuRYDsKyWqW2FUEV.ZjaWPI5Zubggoay', 'usuario1000041@cannibal.com', 9, 1, 1),
(70, '1000044', 'Nombre', 'Apellido', 'default.png', '0414-0000044', '$2y$10$MVBW9eQ.O0MKa.2r1JFDZ.AqkRe5m0ITTBjVRoShb5Ivvb5OILwx.', 'usuario1000044@cannibal.com', 9, 1, 1),
(71, '1000045', 'Nombre', 'Apellido', 'default.png', '0414-0000045', '$2y$10$suZrgCF0/xsLcD1IVjvBS.9m.A.Gu2mGNKSPslXg.iHbg.A2NXV5W', 'usuario1000045@cannibal.com', 9, 1, 1),
(72, '1000046', 'Nombre', 'Apellido', 'default.png', '0414-0000046', '$2y$10$thiPBP18Mb97YONfMYhzie9S0.de8ma1aSlJsjziks3FzH08fCC4.', 'usuario1000046@cannibal.com', 9, 1, 1),
(73, '1000048', 'Nombre', 'Apellido', 'default.png', '0414-0000048', '$2y$10$qQQyWkb0P/5.GLRQ47jFn.uaW6h2oHRYJApQxVvn3y9J8vFqlQZty', 'usuario1000048@cannibal.com', 9, 1, 1),
(74, '1000047', 'Nombre', 'Apellido', 'default.png', '0414-0000047', '$2y$10$lCDYmumdCFYkylcXHkGj6.hV1DT5NpEM/hKAx824pBePl/vEx8uWG', 'usuario1000047@cannibal.com', 9, 1, 1),
(75, '1000049', 'Nombre', 'Apellido', 'default.png', '0414-0000049', '$2y$10$I52SJNYjR9lL/iw4f9Lyse/9vTn.OAWtNzgU0STtd0EzPZAWJNzCi', 'usuario1000049@cannibal.com', 9, 1, 1),
(76, '1000051', 'Nombre', 'Apellido', 'default.png', '0414-0000051', '$2y$10$EWSVjW4gGSi9acHrcxKRjeAt.WNBrD7DsTMshx7ddPtvzIUAWWJCi', 'usuario1000051@cannibal.com', 9, 1, 1),
(77, '1000052', 'Nombre', 'Apellido', 'default.png', '0414-0000052', '$2y$10$T12ZBUGNiKBlkrNJC7laV.X63A74eB3Wnql3a7.wNKgA6Or/ByXYi', 'usuario1000052@cannibal.com', 9, 1, 1),
(78, '1000050', 'Nombre', 'Apellido', 'default.png', '0414-0000050', '$2y$10$1a5PGmqEfkGbPExUme28EuzcMr1pKssjZBvdKuKbvs7ckVbMbqtUO', 'usuario1000050@cannibal.com', 9, 1, 1),
(79, '1000053', 'Nombre', 'Apellido', 'default.png', '0414-0000053', '$2y$10$pWSv22w5FkddHWMtB1m9puRZ6yM4Zpi7cNdCGL5VRdV2MImsufjJC', 'usuario1000053@cannibal.com', 9, 1, 1),
(80, '1000055', 'Nombre', 'Apellido', 'default.png', '0414-0000055', '$2y$10$b6tvQjlw6d3DJ9YiyDbtL.oluxwc9TEbRqTJ5R/V1Wi6AFU78zucy', 'usuario1000055@cannibal.com', 9, 1, 1),
(81, '1000056', 'Nombre', 'Apellido', 'default.png', '0414-0000056', '$2y$10$cRlBkD7tjwBCRZtRK9Cp.eqzE6JPVLPbR8Ki9cahDuwgxgq3XtKcS', 'usuario1000056@cannibal.com', 9, 1, 1),
(82, '1000054', 'Nombre', 'Apellido', 'default.png', '0414-0000054', '$2y$10$Z47fTPFYCU0iSQXN2gYh.ujY5xdn3thgJPkx9xDJ/.2UNUcfq0RzW', 'usuario1000054@cannibal.com', 9, 1, 1),
(83, '1000057', 'Nombre', 'Apellido', 'default.png', '0414-0000057', '$2y$10$Nn4m52S593rwMSjoZXf.Eu60TFX2An6gPE4mlVNmPMkUDjX1v0XXS', 'usuario1000057@cannibal.com', 9, 1, 1),
(84, '1000058', 'Nombre', 'Apellido', 'default.png', '0414-0000058', '$2y$10$cYNtHbIL41PHdoshy3jCOePM0R6DHE2nZip5P/ht/XDA1MXLcGog2', 'usuario1000058@cannibal.com', 9, 1, 1),
(85, '1000060', 'Nombre', 'Apellido', 'default.png', '0414-0000060', '$2y$10$s5ecwLM2Kv29iRGsXWOH.uiv4C53fQcVud0rbXHmZoNi2fWnnk2rO', 'usuario1000060@cannibal.com', 9, 1, 1),
(86, '1000059', 'Nombre', 'Apellido', 'default.png', '0414-0000059', '$2y$10$kpWvizvbYMhEKnZb.7yYzeh534xpOCAiAWRtDMvqRrMj//jjx2sd6', 'usuario1000059@cannibal.com', 9, 1, 1),
(87, '1000061', 'Nombre', 'Apellido', 'default.png', '0414-0000061', '$2y$10$LbvBRuwKFes86fo2WkJeqeDMcNUOdCZeyRFYyHrlezwM0mnolQwtq', 'usuario1000061@cannibal.com', 9, 1, 1),
(88, '1000062', 'Nombre', 'Apellido', 'default.png', '0414-0000062', '$2y$10$tqkDOxAQJyrG1rlKKMVo0OZyjGNFp9KP9WpQW45MFe1C0/jhABBXW', 'usuario1000062@cannibal.com', 9, 1, 1),
(89, '1000063', 'Nombre', 'Apellido', 'default.png', '0414-0000063', '$2y$10$b8ZoZv1wd86sMutTPyKN3uOvgtKoPgA2zHATbd4IM/zOupm3Mg4Xi', 'usuario1000063@cannibal.com', 9, 1, 1),
(90, '1000065', 'Nombre', 'Apellido', 'default.png', '0414-0000065', '$2y$10$AWorpN4DZQ6b6crdj7F4n.FDiFShPds2Xu.e1KiyC/WetlEMNkERG', 'usuario1000065@cannibal.com', 9, 1, 1),
(91, '1000066', 'Nombre', 'Apellido', 'default.png', '0414-0000066', '$2y$10$ITJ0HURmMcg1HWY.dmca2OA70KLGEJCbmSvvmiIAdWl3pUVObK4XS', 'usuario1000066@cannibal.com', 9, 1, 1),
(92, '1000067', 'Nombre', 'Apellido', 'default.png', '0414-0000067', '$2y$10$3i7MgG1hBP5CdyuKpd69fe/GVuJznP6RX3le57M4AJKTtuK56aDne', 'usuario1000067@cannibal.com', 9, 1, 1),
(93, '1000064', 'Nombre', 'Apellido', 'default.png', '0414-0000064', '$2y$10$8THpr1i/jkOXWbb6HO8AZuue1LRayruzeS14GOHeNh6kMkJDcE/.i', 'usuario1000064@cannibal.com', 9, 1, 1),
(94, '1000068', 'Nombre', 'Apellido', 'default.png', '0414-0000068', '$2y$10$SQ2vPxFCHAzRhAtKuuyVAOLn.C1XgeWCnojnhbj1Vh5nJRU/hzQNa', 'usuario1000068@cannibal.com', 9, 1, 1),
(95, '1000070', 'Nombre', 'Apellido', 'default.png', '0414-0000070', '$2y$10$Tnh0nhN8jJfIdH/xh/tZ6ui8IwFQTMHWny1gjxzdEbC0gj63c8dcG', 'usuario1000070@cannibal.com', 9, 1, 1),
(96, '1000069', 'Nombre', 'Apellido', 'default.png', '0414-0000069', '$2y$10$cArWv/f9AJowlKorzzNkhe5ixhyZldGNNscD8/fwneSdcyGbaRuUC', 'usuario1000069@cannibal.com', 9, 1, 1),
(97, '1000071', 'Nombre', 'Apellido', 'default.png', '0414-0000071', '$2y$10$4UWuVor6YNNhn/1joFCij.S2qjfhSLRI3fITOSAvVIFbmKMtNgDRG', 'usuario1000071@cannibal.com', 9, 1, 1),
(98, '1000072', 'Nombre', 'Apellido', 'default.png', '0414-0000072', '$2y$10$wsX.HAIgRex5dawEmqhf2.50OUzJ1rjyNdGeHNPNP3bvmw1PVfeHC', 'usuario1000072@cannibal.com', 9, 1, 1),
(99, '1000073', 'Nombre', 'Apellido', 'default.png', '0414-0000073', '$2y$10$S7cIm6Od8aAl.GvE7azu/u8HzdK1yx1GLdDshXi.YkBBNQkjyYm6y', 'usuario1000073@cannibal.com', 9, 1, 1),
(100, '1000074', 'Nombre', 'Apellido', 'default.png', '0414-0000074', '$2y$10$UMkqp0wk8kewOee9eRFqyO7wXHILmPu7S9eo8zpUTibcjo6vaxwCK', 'usuario1000074@cannibal.com', 9, 1, 1),
(101, '1000075', 'Nombre', 'Apellido', 'default.png', '0414-0000075', '$2y$10$w.0arBiPesIxinGr3EAInuetsXXr6GZimQSYgHOVC1GrRg83/YK5S', 'usuario1000075@cannibal.com', 9, 1, 1),
(102, '1000076', 'Nombre', 'Apellido', 'default.png', '0414-0000076', '$2y$10$ZQJ5zuxXRdZ7r8Kkz.wFI.4rGeTEOvBFekR0i3c5sVdYc4wBKL2nS', 'usuario1000076@cannibal.com', 9, 1, 1),
(103, '1000078', 'Nombre', 'Apellido', 'default.png', '0414-0000078', '$2y$10$lmlKnDA22VRlmu.ZH/tbeuNrJ1K339.MoSVw26ARjilyPBConGhEO', 'usuario1000078@cannibal.com', 9, 1, 1),
(104, '1000077', 'Nombre', 'Apellido', 'default.png', '0414-0000077', '$2y$10$BqdH1KTeXIXJC.vs2KvnvegYbZavKNNvag2vM.DG8p1GjKZ68rQ/G', 'usuario1000077@cannibal.com', 9, 1, 1),
(105, '1000079', 'Nombre', 'Apellido', 'default.png', '0414-0000079', '$2y$10$1I/q6Ui.ycVcEOIQqC83BeDzusONTyisF6.altYdW4xpUUb7o7zDO', 'usuario1000079@cannibal.com', 9, 1, 1),
(106, '1000080', 'Nombre', 'Apellido', 'default.png', '0414-0000080', '$2y$10$5.ouCc1VpaXMuVssz4Uh2utV.zHyePg6pcCojkA9m3Gk/9bRpEAtS', 'usuario1000080@cannibal.com', 9, 1, 1),
(107, '1000082', 'Nombre', 'Apellido', 'default.png', '0414-0000082', '$2y$10$UHSfZkrdg6rnpsis0bXJfeSCZKxajNpfwYsvUQT9WJw.ILgzoB1tC', 'usuario1000082@cannibal.com', 9, 1, 1),
(108, '1000081', 'Nombre', 'Apellido', 'default.png', '0414-0000081', '$2y$10$2jkvHjzUIajKCltRPkfX.OVjYHvWZFJj7tZr6GvLuO7SLByJBhXb.', 'usuario1000081@cannibal.com', 9, 1, 1),
(109, '1000083', 'Nombre', 'Apellido', 'default.png', '0414-0000083', '$2y$10$.qduxRT.D8ffd8TpiUid7uz36R9LYpD93kOPKPK3ssTTI/9owQXPC', 'usuario1000083@cannibal.com', 9, 1, 1),
(110, '1000084', 'Nombre', 'Apellido', 'default.png', '0414-0000084', '$2y$10$56zquuaXmYGAXbSz1NJUxOzjdi4IqIAc52VclbZq1RE5Z8FdGKHD6', 'usuario1000084@cannibal.com', 9, 1, 1),
(111, '1000085', 'Nombre', 'Apellido', 'default.png', '0414-0000085', '$2y$10$DfhrtHZlMvS/AvdvdJ6gAOyjzFlPROCe9/g5XLPtOAMJTELXCGdMK', 'usuario1000085@cannibal.com', 9, 1, 1),
(112, '1000086', 'Nombre', 'Apellido', 'default.png', '0414-0000086', '$2y$10$20frZElDQQ3Ukhs35L6XtOaisa7sy31Hgeb4mfD/RCF0OtdN5qqZy', 'usuario1000086@cannibal.com', 9, 1, 1),
(113, '1000087', 'Nombre', 'Apellido', 'default.png', '0414-0000087', '$2y$10$sYxpHAJvF/SLRhO/43rn5uImRlQjhA7OjK1fFaBP3RKqAPbYnWczO', 'usuario1000087@cannibal.com', 9, 1, 1),
(114, '1000088', 'Nombre', 'Apellido', 'default.png', '0414-0000088', '$2y$10$nc79ax9at9cWq4ODQuFdDeRmqulXPg3RL.8xi/23ac96yHODPmhgW', 'usuario1000088@cannibal.com', 9, 1, 1),
(115, '1000089', 'Nombre', 'Apellido', 'default.png', '0414-0000089', '$2y$10$QjbhWwaAdHj7htiHXr1RtuN91iagDKvCxZOq8hjtGB12Q8/O9EsLe', 'usuario1000089@cannibal.com', 9, 1, 1),
(116, '1000090', 'Nombre', 'Apellido', 'default.png', '0414-0000090', '$2y$10$5soW8R8ZC.kPiHdPbeeImevVoDB8CUpirctt0tzTdARxniBPjz78G', 'usuario1000090@cannibal.com', 9, 1, 1),
(117, '1000091', 'Nombre', 'Apellido', 'default.png', '0414-0000091', '$2y$10$IGzz5iXmEYBsG5EzrFG78OrZEFNlNaHE4rZe9cehndd6.7F/XkmRW', 'usuario1000091@cannibal.com', 9, 1, 1),
(118, '1000092', 'Nombre', 'Apellido', 'default.png', '0414-0000092', '$2y$10$YpWwd1ly/1efm3bzlK0I..pmrmzhHBZBB452GiDmQzo0oqV02bXWi', 'usuario1000092@cannibal.com', 9, 1, 1),
(119, '1000095', 'Nombre', 'Apellido', 'default.png', '0414-0000095', '$2y$10$Xe21JaZpWgd67AAUYpD38u8BVoK3iy0Kk6E0yshNiquc211gbl.oq', 'usuario1000095@cannibal.com', 9, 1, 1),
(120, '1000094', 'Nombre', 'Apellido', 'default.png', '0414-0000094', '$2y$10$pN0354yd8Sx4YtdQWMjPI.jJePuOCqgybOsxHz723iWuSR3uWIV1i', 'usuario1000094@cannibal.com', 9, 1, 1),
(121, '1000093', 'Nombre', 'Apellido', 'default.png', '0414-0000093', '$2y$10$8m3Z3L6kK.jJsAFKvhUPnOo/Ldl52zi8WYutO7DN7jmh/g0uiw2vC', 'usuario1000093@cannibal.com', 9, 1, 1),
(122, '1000096', 'Nombre', 'Apellido', 'default.png', '0414-0000096', '$2y$10$SFp1luyaw1QKffVtYBtlm.GkuUn1kUDYtrqof/C414mqY7uQqI33.', 'usuario1000096@cannibal.com', 9, 1, 1),
(123, '1000098', 'Nombre', 'Apellido', 'default.png', '0414-0000098', '$2y$10$FhDFUPfeiVhD4q2xyuI1e.UvarP6Oh6nejT1othUTikS3TeQHOwZS', 'usuario1000098@cannibal.com', 9, 1, 1),
(124, '1000097', 'Nombre', 'Apellido', 'default.png', '0414-0000097', '$2y$10$eJxijyl2rvXTzemfwRpkT.nGUzchyq.0PURPnduw7luIUWB/isnEC', 'usuario1000097@cannibal.com', 9, 1, 1),
(125, '1000100', 'Nombre', 'Apellido', 'default.png', '0414-0000100', '$2y$10$s4nRFl3LPbXWPvPMsNYmJuy9uB87lF1JfKvzaT4vGa8ZgC7jmXZra', 'usuario1000100@cannibal.com', 9, 1, 1),
(126, '1000101', 'Nombre', 'Apellido', 'default.png', '0414-0000101', '$2y$10$stxGZAUkXnsOigbovc9Q8u707o/uQZ3dsDDT22vJH55ACJW.mtuUC', 'usuario1000101@cannibal.com', 9, 1, 1),
(127, '1000099', 'Nombre', 'Apellido', 'default.png', '0414-0000099', '$2y$10$CXCjTH0cmWlPS/inWD11G.pGESCIWtbsc7F1PC/55jRhT/OAFjSaq', 'usuario1000099@cannibal.com', 9, 1, 1),
(128, '1000102', 'Nombre', 'Apellido', 'default.png', '0414-0000102', '$2y$10$OgX2xUM.KuwYmlD/ZXYPlOVacdN8o4d7USQ/XG1Da1IY9Cu6RkQDi', 'usuario1000102@cannibal.com', 9, 1, 1),
(129, '1000103', 'Nombre', 'Apellido', 'default.png', '0414-0000103', '$2y$10$3GbNFX1og.VQctvm8VYRj.WIzLO/5JJ5U3zT.s482lpN30jgFDApS', 'usuario1000103@cannibal.com', 9, 1, 1),
(130, '1000107', 'Nombre', 'Apellido', 'default.png', '0414-0000107', '$2y$10$p3kLE4WsbWjJsYPeMdejmuM32kLpeq9HCbjAt33e8cg5xZBObzdpe', 'usuario1000107@cannibal.com', 9, 1, 1),
(131, '1000104', 'Nombre', 'Apellido', 'default.png', '0414-0000104', '$2y$10$CfqYJP9eecfU7p8iJ957Ge4yyyGTlwIcSHM0x5TBjd6kfECDJkvlW', 'usuario1000104@cannibal.com', 9, 1, 1),
(132, '1000105', 'Nombre', 'Apellido', 'default.png', '0414-0000105', '$2y$10$/cVLZSva3EryIrAsvnO7MewzKQ0gji5sFlqNTcjd8IAEqTpJuQ622', 'usuario1000105@cannibal.com', 9, 1, 1),
(133, '1000106', 'Nombre', 'Apellido', 'default.png', '0414-0000106', '$2y$10$ybbAtwr2eQYAPWU0.1gnPujxTSByI6a/oWG/TTgDvMJTBI1wsSv9e', 'usuario1000106@cannibal.com', 9, 1, 1),
(134, '1000110', 'Nombre', 'Apellido', 'default.png', '0414-0000110', '$2y$10$S2p1KbHIBpzaoMQcXT9zLu8m9eyJLImDCkUR1DZpBX6fMwOtk0DVy', 'usuario1000110@cannibal.com', 9, 1, 1),
(135, '1000109', 'Nombre', 'Apellido', 'default.png', '0414-0000109', '$2y$10$ZdllQ6s26BYnyuxVjEYd8uu62/9epJaKX4gMnZ7ttIJL8j6wjQvO2', 'usuario1000109@cannibal.com', 9, 1, 1),
(136, '1000108', 'Nombre', 'Apellido', 'default.png', '0414-0000108', '$2y$10$NssY72u3YjC0jwhq8ll1eu5xcL8e4KHCre.tFXn6t7V4c5omx/mmC', 'usuario1000108@cannibal.com', 9, 1, 1),
(137, '1000112', 'Nombre', 'Apellido', 'default.png', '0414-0000112', '$2y$10$QZsE/zPP1znZiOcxDI5DY.BT8ZEpLSkzJkd4bq8ZEl5DS3EUa/H5u', 'usuario1000112@cannibal.com', 9, 1, 1),
(138, '1000111', 'Nombre', 'Apellido', 'default.png', '0414-0000111', '$2y$10$HGjouWZP.SQLChtL/Q0YseDP7COYHteLlEzDD6A.SJ8UUwQ4jr5Qy', 'usuario1000111@cannibal.com', 9, 1, 1),
(139, '1000114', 'Nombre', 'Apellido', 'default.png', '0414-0000114', '$2y$10$nXpR/UE2A09Rppjvzj05BOskKVMBYRbtR5fRl/BIwX/xV/MPyykNa', 'usuario1000114@cannibal.com', 9, 1, 1),
(140, '1000113', 'Nombre', 'Apellido', 'default.png', '0414-0000113', '$2y$10$AhLy/3QNlIpeMpXjs18hBemE1W/yuXqJf77kTLPSLVn3onMCZnu82', 'usuario1000113@cannibal.com', 9, 1, 1),
(141, '1000116', 'Nombre', 'Apellido', 'default.png', '0414-0000116', '$2y$10$FxjU5TA8PCKmjMs9EJTvh.1fC5rhAs3rmynlgyvOfubdztWV7aCbS', 'usuario1000116@cannibal.com', 9, 1, 1),
(142, '1000115', 'Nombre', 'Apellido', 'default.png', '0414-0000115', '$2y$10$iDTtW8RKlglvsYN5e65os.EQ8yvzzIZ9PqENjkAa7YqlGx90zzjfu', 'usuario1000115@cannibal.com', 9, 1, 1),
(143, '1000118', 'Nombre', 'Apellido', 'default.png', '0414-0000118', '$2y$10$gvoHMVrfhxm7LmKe.GL.Muw1XKSjaLQWdM0JfXnA5vbCznfXgk2xi', 'usuario1000118@cannibal.com', 9, 1, 1),
(147, '1000120', 'Nombre', 'Apellido', 'default.png', '0414-0000120', '$2y$10$Tg.iQYnmvVrkRaA5Od/44.cV9z4buh5aRBs62lyQr5KrN0pL8sQMS', 'usuario1000120@cannibal.com', 9, 1, 1),
(148, '1000122', 'Nombre', 'Apellido', 'default.png', '0414-0000122', '$2y$10$wLGxL1bjMtcYT3hTd7dXju3QpZXoANdVo1JuWnsz1Fe2g4Ff9jDlC', 'usuario1000122@cannibal.com', 9, 1, 1),
(149, '1000123', 'Nombre', 'Apellido', 'default.png', '0414-0000123', '$2y$10$DCBzI7rduAQQs3PCZobN6.P/UY37Zihfr6huYWkZwWrVrog6W7ID6', 'usuario1000123@cannibal.com', 9, 1, 1),
(150, '1000124', 'Nombre', 'Apellido', 'default.png', '0414-0000124', '$2y$10$ctOPHXoLbDmUWGnz9t2riehKARGPMNhCZ5/JRtG6Cwwy8AH3aLFbG', 'usuario1000124@cannibal.com', 9, 1, 1),
(151, '1000125', 'Nombre', 'Apellido', 'default.png', '0414-0000125', '$2y$10$KrnlZ3.dKuZFAyL1lhQbAeZa1Nkky1igsKshJ/7NjwggRjEfVG5ia', 'usuario1000125@cannibal.com', 9, 1, 1),
(152, '1000126', 'Nombre', 'Apellido', 'default.png', '0414-0000126', '$2y$10$ES1OD/FUTzEGsulhLVapKO3Vlux6jTmkY7il48iJNiEXCwGJ64npq', 'usuario1000126@cannibal.com', 9, 1, 1),
(153, '1000128', 'Nombre', 'Apellido', 'default.png', '0414-0000128', '$2y$10$6QZOpHx9lsKlQG12X8.zG./yxLImUubDKwxYRLX89mPr0.IasLsqi', 'usuario1000128@cannibal.com', 9, 1, 1),
(154, '1000130', 'Nombre', 'Apellido', 'default.png', '0414-0000130', '$2y$10$nvVsgumGQlo6pFDhbKixvOZlBh7y2PIDGeTTOA53BdZgN0PIbArXu', 'usuario1000130@cannibal.com', 9, 1, 1),
(155, '1000129', 'Nombre', 'Apellido', 'default.png', '0414-0000129', '$2y$10$NB45.xzGKdEGqqAdlT.Wnedo/4ADADm/159o1tdMsr5sHWKifJIK6', 'usuario1000129@cannibal.com', 9, 1, 1),
(156, '1000127', 'Nombre', 'Apellido', 'default.png', '0414-0000127', '$2y$10$lvcbafn3B4s8jkm8Tqop5.6NJtudoxdx9xU9iwnQLTqnf2/sJzlBm', 'usuario1000127@cannibal.com', 9, 1, 1),
(157, '1000132', 'Nombre', 'Apellido', 'default.png', '0414-0000132', '$2y$10$RGGGMxRpWfsgfVtVEGcrg.HV61tvLZ1kKMcp5iORc1YVOhgh3hNXq', 'usuario1000132@cannibal.com', 9, 1, 1),
(158, '1000131', 'Nombre', 'Apellido', 'default.png', '0414-0000131', '$2y$10$b5peVNKunbSbuH6gAtji4exINq.ELweVHrsoWITaizTJvqD3WyFn2', 'usuario1000131@cannibal.com', 9, 1, 1),
(159, '1000133', 'Nombre', 'Apellido', 'default.png', '0414-0000133', '$2y$10$O4aKVGOLf3iY3fZRhiwq0eOg2A5xTT6zQM31Ewj2LNC7siA8ChP.e', 'usuario1000133@cannibal.com', 9, 1, 1),
(160, '1000134', 'Nombre', 'Apellido', 'default.png', '0414-0000134', '$2y$10$9JIIepg78hY4AmLEwifnY.WQHofrI4PfIJQbh8ovkWQGrYKa8Dy/C', 'usuario1000134@cannibal.com', 9, 1, 1),
(161, '1000137', 'Nombre', 'Apellido', 'default.png', '0414-0000137', '$2y$10$3ZzusHMVg64..NzUgGo1KOa60X9/vCljgLVAXkG4mR24Rp2h3eRo6', 'usuario1000137@cannibal.com', 9, 1, 1),
(162, '1000138', 'Nombre', 'Apellido', 'default.png', '0414-0000138', '$2y$10$A.0adfc6pDk0rGqWmTds3e3IVfvGgL.yDK2dxE8znYWeWeghd3viq', 'usuario1000138@cannibal.com', 9, 1, 1),
(163, '1000139', 'Nombre', 'Apellido', 'default.png', '0414-0000139', '$2y$10$044x7pKsco1eyJkO7tNFvee55l7mxYYxz/.QtY/O0XqI1ck4u/GWC', 'usuario1000139@cannibal.com', 9, 1, 1),
(164, '1000135', 'Nombre', 'Apellido', 'default.png', '0414-0000135', '$2y$10$c9pzDwuoz7KwlHu2yXU5cuEdiX1CO5xqOAP.DEsc0CTugSwp.i/pe', 'usuario1000135@cannibal.com', 9, 1, 1),
(165, '1000136', 'Nombre', 'Apellido', 'default.png', '0414-0000136', '$2y$10$q4vKn0YYZ4jdSgDNHzZBMuLNFocBVgKjholAymkhJVmLFXB.DoAn2', 'usuario1000136@cannibal.com', 9, 1, 1),
(166, '1000140', 'Nombre', 'Apellido', 'default.png', '0414-0000140', '$2y$10$DmpSoz3ve8JIsnZTBFkPwOXEZO9LQgysQ0YkWvqBJrV98Jogjn2MC', 'usuario1000140@cannibal.com', 9, 1, 1),
(167, '1000141', 'Nombre', 'Apellido', 'default.png', '0414-0000141', '$2y$10$J9IMaqAnbdC9Opx.1rIbeueMX0Z3Js6P/PdvMWVArUlscCliGDPLe', 'usuario1000141@cannibal.com', 9, 1, 1),
(168, '1000142', 'Nombre', 'Apellido', 'default.png', '0414-0000142', '$2y$10$IPa3EdAIoiJH./Ju3u.SSebXP15BbAOBoZRsmUWlt3XSFd7QaMvrW', 'usuario1000142@cannibal.com', 9, 1, 1),
(169, '1000143', 'Nombre', 'Apellido', 'default.png', '0414-0000143', '$2y$10$vHAX2SOhYB0TKrwNMeJVBOwFzQTMF3itthgB0UrFpKif4S2Fkljk.', 'usuario1000143@cannibal.com', 9, 1, 1),
(170, '1000146', 'Nombre', 'Apellido', 'default.png', '0414-0000146', '$2y$10$JRHCr88Tr1nX165tTz0nye12pjIaAxhb6z22uwP6raHSDXFUU3IE2', 'usuario1000146@cannibal.com', 9, 1, 1),
(171, '1000147', 'Nombre', 'Apellido', 'default.png', '0414-0000147', '$2y$10$PuFKDJzAOGEU2hQ6UKA4POBfxUeaSCxJvG9Uf/EGDG4yCp/g1M4di', 'usuario1000147@cannibal.com', 9, 1, 1),
(172, '1000145', 'Nombre', 'Apellido', 'default.png', '0414-0000145', '$2y$10$Jqyyoe3Mwr9vtvHOFv4GlewpKlaMYSztxONXlTkBPwZbbFhpXq1KS', 'usuario1000145@cannibal.com', 9, 1, 1),
(173, '1000144', 'Nombre', 'Apellido', 'default.png', '0414-0000144', '$2y$10$jEJADulxYqFqzxNCGWkpa.x1pzm8ssb.MoUMjtCN1bDlebZUA3FJ.', 'usuario1000144@cannibal.com', 9, 1, 1),
(174, '1000149', 'Nombre', 'Apellido', 'default.png', '0414-0000149', '$2y$10$44QFy.tEGt3h2VqccMrGmezmAdYhVR5YPC9XmSn.xSFMmYyGF7p46', 'usuario1000149@cannibal.com', 9, 1, 1),
(175, '1000148', 'Nombre', 'Apellido', 'default.png', '0414-0000148', '$2y$10$1pJvvGlKtctqfQMCLSiae.nZcPfhjVMyix8VHptoC5ROTxtrZtMWG', 'usuario1000148@cannibal.com', 9, 1, 1),
(176, '1000150', 'Nombre', 'Apellido', 'default.png', '0414-0000150', '$2y$10$QyOatUwcgGWYMvF04Nz88.VKuhF1okmSkG80Y9yfiQCPikROwqWL2', 'usuario1000150@cannibal.com', 9, 1, 1),
(177, '1000153', 'Nombre', 'Apellido', 'default.png', '0414-0000153', '$2y$10$GfQK/bqrgu8U.TbNBj8Qdewdl94eu9RxpUQpWhpoX5pD4ayriKz5.', 'usuario1000153@cannibal.com', 9, 1, 1),
(178, '1000151', 'Nombre', 'Apellido', 'default.png', '0414-0000151', '$2y$10$VX97DkVu6obX0ozhkMMMkOiQ3rlB6R2InWsUXOvBh2tTUnlAwFbaO', 'usuario1000151@cannibal.com', 9, 1, 1),
(179, '1000152', 'Nombre', 'Apellido', 'default.png', '0414-0000152', '$2y$10$BMv8FAmtpvxUJ8QnJSogNeBygkeICzKryvHONXQpg9Pi/uK.FW0vK', 'usuario1000152@cannibal.com', 9, 1, 1),
(180, '1000154', 'Nombre', 'Apellido', 'default.png', '0414-0000154', '$2y$10$giSpRa/NPPPZCT5vnbDy1OQeu/fWPticvPvZTao/RdbJ0f7xkuV2C', 'usuario1000154@cannibal.com', 9, 1, 1),
(181, '1000156', 'Nombre', 'Apellido', 'default.png', '0414-0000156', '$2y$10$WbsDQtUusFVwnWLLQrVLeuyBEzpK4c1LHOPx9CbXlxjgcglmIiFEy', 'usuario1000156@cannibal.com', 9, 1, 1),
(182, '1000155', 'Nombre', 'Apellido', 'default.png', '0414-0000155', '$2y$10$bN2ygMo5pHlXvywruYoAdee.jHHe6qmrPELGBoGZrt6ZN2R2otmpa', 'usuario1000155@cannibal.com', 9, 1, 1),
(183, '1000158', 'Nombre', 'Apellido', 'default.png', '0414-0000158', '$2y$10$okAnj7UGOvyzkzwyzaTeROKSWGoS1cEisq42YAp/FKbG9MHyZzjyG', 'usuario1000158@cannibal.com', 9, 1, 1),
(184, '1000157', 'Nombre', 'Apellido', 'default.png', '0414-0000157', '$2y$10$ZlkTejEPe53LAP6O8zoIjucSS8JD7.7sClGpfGpz.FnnDFKlDxAHi', 'usuario1000157@cannibal.com', 9, 1, 1),
(185, '1000159', 'Nombre', 'Apellido', 'default.png', '0414-0000159', '$2y$10$ECSU6h12E0Rg19YhguQ.n.MAkX9HpaEJWGXI0Ft64iVKBS8yZk7Fu', 'usuario1000159@cannibal.com', 9, 1, 1),
(186, '1000160', 'Nombre', 'Apellido', 'default.png', '0414-0000160', '$2y$10$vd3MuypKz0Gak3as0i7UGOIoaJ4qrM1CT76rf6sKpQlHx4Gagjg8y', 'usuario1000160@cannibal.com', 9, 1, 1),
(187, '1000161', 'Nombre', 'Apellido', 'default.png', '0414-0000161', '$2y$10$Bgqdd6CUwPeKGPMFlvWfRubZC5QheNKfbCBtfolQmfYfHOtFzbWa6', 'usuario1000161@cannibal.com', 9, 1, 1),
(188, '1000163', 'Nombre', 'Apellido', 'default.png', '0414-0000163', '$2y$10$ApFwUnRDKkoP.voPi7MxZuERPWUL.Uuqa2fmekq72WgZQkZnxVweG', 'usuario1000163@cannibal.com', 9, 1, 1),
(189, '1000166', 'Nombre', 'Apellido', 'default.png', '0414-0000166', '$2y$10$MFs3tAOC336c9.F7p3piIe.Typx9NI6ONbsxoWejtwTq2dO3an1ii', 'usuario1000166@cannibal.com', 9, 1, 1),
(190, '1000165', 'Nombre', 'Apellido', 'default.png', '0414-0000165', '$2y$10$UUMSGgvDOzZFaPxFlgXuxuqKJwmUQlRSsj43kdPb7ThxuuyWCiw3G', 'usuario1000165@cannibal.com', 9, 1, 1),
(191, '1000164', 'Nombre', 'Apellido', 'default.png', '0414-0000164', '$2y$10$7zl9jTssURfSeL9ssp7DuuTkZ7ku3ha2D4hJWQH.OlFyLp1p.xbRy', 'usuario1000164@cannibal.com', 9, 1, 1),
(192, '1000162', 'Nombre', 'Apellido', 'default.png', '0414-0000162', '$2y$10$891xzIsiRfnlRYks6pW7VuVqsucx9RoadnyZeCdhgzRKOVyVaLtt6', 'usuario1000162@cannibal.com', 9, 1, 1),
(193, '1000167', 'Nombre', 'Apellido', 'default.png', '0414-0000167', '$2y$10$y5CmxuqH5.6n3IRoznKDQOblBQ.w49rT7YI6Mka7hkIN5XpSZFN2O', 'usuario1000167@cannibal.com', 9, 1, 1),
(194, '1000171', 'Nombre', 'Apellido', 'default.png', '0414-0000171', '$2y$10$UAz1A4qlIb6M5xMwpFKQf.Tk/RHW.wqK0M0DK5/y9GffqeuxNpHwa', 'usuario1000171@cannibal.com', 9, 1, 1),
(195, '1000168', 'Nombre', 'Apellido', 'default.png', '0414-0000168', '$2y$10$sKI6GdYdWk1tmXmZYTgwJ.OYsXkUuFTSB6MWvKNXUUb53I2pB3qwK', 'usuario1000168@cannibal.com', 9, 1, 1),
(196, '1000169', 'Nombre', 'Apellido', 'default.png', '0414-0000169', '$2y$10$MFOQMKq4bEgbAu25OCeG0u8A0RQz4NszuYq2XnG2P6wNcgoHfihuK', 'usuario1000169@cannibal.com', 9, 1, 1),
(197, '1000173', 'Nombre', 'Apellido', 'default.png', '0414-0000173', '$2y$10$DGnCQagyAhAiC5EMWMweLuEGvsWME0nnPrPQsonwbTvDm2asff.rW', 'usuario1000173@cannibal.com', 9, 1, 1),
(198, '1000174', 'Nombre', 'Apellido', 'default.png', '0414-0000174', '$2y$10$6ZcLWfFMQ.BOxgMc9Qk8TOktm0sgZao0Hmsnbq1Jf00wM8Hhv8MGy', 'usuario1000174@cannibal.com', 9, 1, 1),
(199, '1000175', 'Nombre', 'Apellido', 'default.png', '0414-0000175', '$2y$10$nkLiSsMsQEkyBHiEimdtOugJBN5dD1IqVy61Te8j69YYoCK11Ia.u', 'usuario1000175@cannibal.com', 9, 1, 1),
(200, '1000170', 'Nombre', 'Apellido', 'default.png', '0414-0000170', '$2y$10$HDucGC2HTD4EMz3QAKhw9OHB3.pJxt4ZxZbpMJN40c69754fyZXgW', 'usuario1000170@cannibal.com', 9, 1, 1),
(201, '1000172', 'Nombre', 'Apellido', 'default.png', '0414-0000172', '$2y$10$r.hhlhDTfI/lH5NYbJorD.zHIrQ60JO6sjdwVs4CH5DODrk6reLeO', 'usuario1000172@cannibal.com', 9, 1, 1),
(202, '1000176', 'Nombre', 'Apellido', 'default.png', '0414-0000176', '$2y$10$exdytW8oij6e1A182HwinO.n/6kyoZkNiBkjVebRvgJJjZ2FI3hiS', 'usuario1000176@cannibal.com', 9, 1, 1),
(203, '1000178', 'Nombre', 'Apellido', 'default.png', '0414-0000178', '$2y$10$qbDjWblv/AJ6A6WIsx9RK.f9IMNYCtvkWJr7NvlvmDzcoaPiux5Wu', 'usuario1000178@cannibal.com', 9, 1, 1),
(204, '1000181', 'Nombre', 'Apellido', 'default.png', '0414-0000181', '$2y$10$rOt5Ve0Fh0O0r9mL9W60ueY2BfBKCzYeBEYCwsw5kxC2Jor5IMD6e', 'usuario1000181@cannibal.com', 9, 1, 1),
(205, '1000183', 'Nombre', 'Apellido', 'default.png', '0414-0000183', '$2y$10$XIRlVaBWDNLB2jn7epDsE.8DxTEobhpepVMYoYxRYSV7362iq0wWe', 'usuario1000183@cannibal.com', 9, 1, 1),
(206, '1000177', 'Nombre', 'Apellido', 'default.png', '0414-0000177', '$2y$10$33tXdCj1WqwpK7a/nVa1NuKTQMol1qDVc4DmoPy/pBN4xuE6mUCDa', 'usuario1000177@cannibal.com', 9, 1, 1),
(207, '1000182', 'Nombre', 'Apellido', 'default.png', '0414-0000182', '$2y$10$eowZoiukhXK5BYzHfAyPa.H6vwHgeUD4IaytrGGz.4IY4mFK6abLu', 'usuario1000182@cannibal.com', 9, 1, 1),
(208, '1000179', 'Nombre', 'Apellido', 'default.png', '0414-0000179', '$2y$10$n3RYeqo5GQpC/ofR.IlUAOjX1EgHjpEO1MwT6OLaH92j5hPjnwSga', 'usuario1000179@cannibal.com', 9, 1, 1),
(209, '1000180', 'Nombre', 'Apellido', 'default.png', '0414-0000180', '$2y$10$oNpZwK9dl7R9amuN7gSp8u1x0sdSLbh1eiHqh6o6cjIuTXK2H9jt6', 'usuario1000180@cannibal.com', 9, 1, 1),
(210, '1000184', 'Nombre', 'Apellido', 'default.png', '0414-0000184', '$2y$10$9npZ5tDbCuuEYRH.AAYSoevvNxaso.INR/cMCoyiQ2gS/krBPcO66', 'usuario1000184@cannibal.com', 9, 1, 1),
(211, '1000185', 'Nombre', 'Apellido', 'default.png', '0414-0000185', '$2y$10$IV7.bzRHPYag.bYLbemhkuP9CTH1vK0igqGpgn0NXb0ZPNS3TwPWO', 'usuario1000185@cannibal.com', 9, 1, 1),
(212, '1000186', 'Nombre', 'Apellido', 'default.png', '0414-0000186', '$2y$10$0PUy2JCez68bQIiLushPCuShegEJVZC2bkXdgQToMcrZuxZNsxJT.', 'usuario1000186@cannibal.com', 9, 1, 1),
(213, '1000187', 'Nombre', 'Apellido', 'default.png', '0414-0000187', '$2y$10$YgYydJv27YUix9i16.d82u385JcadGVEsCdkK.9N2p3evVy333zbu', 'usuario1000187@cannibal.com', 9, 1, 1),
(214, '1000189', 'Nombre', 'Apellido', 'default.png', '0414-0000189', '$2y$10$wIH1M9Bx/3MZ3jsUzwPvtex1lqcoZ.W1.D7Q9.9LXfF2nnZ.aeMLy', 'usuario1000189@cannibal.com', 9, 1, 1),
(215, '1000188', 'Nombre', 'Apellido', 'default.png', '0414-0000188', '$2y$10$y8b52qtUeFkw5q0KN90R1.l9AJIlHD89hFWXET5356Gsmt3NSlEuq', 'usuario1000188@cannibal.com', 9, 1, 1),
(216, '1000191', 'Nombre', 'Apellido', 'default.png', '0414-0000191', '$2y$10$9SaNVtUuYMjLHzmlhuNOyOb/kKSf6wiX/kwRxCEvQzb3a8eJIkKQC', 'usuario1000191@cannibal.com', 9, 1, 1),
(217, '1000190', 'Nombre', 'Apellido', 'default.png', '0414-0000190', '$2y$10$yYsY4HOn2Es1CjNtcj5.teoHVMOq6w8AWlxWB3uFdnDK.xMLjNBxC', 'usuario1000190@cannibal.com', 9, 1, 1),
(218, '1000192', 'Nombre', 'Apellido', 'default.png', '0414-0000192', '$2y$10$vjtqcdHQupLPlpAZHfxO9OuZOmpP5ns3csOKEP1s78aWGZS7UqWfy', 'usuario1000192@cannibal.com', 9, 1, 1),
(219, '1000194', 'Nombre', 'Apellido', 'default.png', '0414-0000194', '$2y$10$a6dRJdvesej/4vxYk/ppPO4XLeuFP2BUAkcJr6whwsR8h7.FdpAQG', 'usuario1000194@cannibal.com', 9, 1, 1),
(220, '1000193', 'Nombre', 'Apellido', 'default.png', '0414-0000193', '$2y$10$CKCmINpSp0dD//rH.tAuQe1V6zW4FB8LiWkMPO3oWc3JvVXb/9.Ru', 'usuario1000193@cannibal.com', 9, 1, 1),
(221, '1000198', 'Nombre', 'Apellido', 'default.png', '0414-0000198', '$2y$10$ey9Oa1Izr0LVkvk9ASGKeudxErqbPqKdCJudsaBt0YspUn9V0P3xW', 'usuario1000198@cannibal.com', 9, 1, 1),
(222, '1000197', 'Nombre', 'Apellido', 'default.png', '0414-0000197', '$2y$10$VuBq42VZ9XkCVf3oRjCrbOll8AtGdTMUbeHWBy0dTSGrd8j982fVS', 'usuario1000197@cannibal.com', 9, 1, 1),
(223, '1000195', 'Nombre', 'Apellido', 'default.png', '0414-0000195', '$2y$10$T1yvwpV5sDER5JlKyFiwbugbQ9BXGEexSQgRTWIgv2mQSza4y9OTa', 'usuario1000195@cannibal.com', 9, 1, 1),
(224, '1000199', 'Nombre', 'Apellido', 'default.png', '0414-0000199', '$2y$10$17YfCwkOg0ElW1VHfORZ/.zplQMqX5BpG991N1P1apK5jTETsPLYK', 'usuario1000199@cannibal.com', 9, 1, 1),
(225, '1000196', 'Nombre', 'Apellido', 'default.png', '0414-0000196', '$2y$10$N20Cbjv9zzRGk5zYF8rZ3OXEZWCABD/kooBOM.XF4SsiHDBPx9Kz6', 'usuario1000196@cannibal.com', 9, 1, 1),
(226, '1000200', 'Nombre', 'Apellido', 'default.png', '0414-0000200', '$2y$10$yP7G36jW0DmF2Cv.uRM2beS5oQEPvILwGW4jBRb0vXnJOVMReC.fC', 'usuario1000200@cannibal.com', 9, 1, 1),
(227, '1000201', 'Nombre', 'Apellido', 'default.png', '0414-0000201', '$2y$10$F2HoaNXkyC27N2W.qbjLVOAEck8AprpvvlCGrtaFoYF4ahdrFpgTm', 'usuario1000201@cannibal.com', 9, 1, 1),
(228, '1000202', 'Nombre', 'Apellido', 'default.png', '0414-0000202', '$2y$10$oTyy/IsmbpU5Obju2Y12b.QseE4eCOuMtMVCKD/z6s4nJIwwZbT3S', 'usuario1000202@cannibal.com', 9, 1, 1),
(229, '1000205', 'Nombre', 'Apellido', 'default.png', '0414-0000205', '$2y$10$G466aqnaKquRM90ids0RQOZQIrDXmnsv4oad/6s0hui.ojfPH0zsW', 'usuario1000205@cannibal.com', 9, 1, 1),
(230, '1000206', 'Nombre', 'Apellido', 'default.png', '0414-0000206', '$2y$10$K26gZNayb84.mpEsNlA0gOQqRRw1oe2AMmPbpV/9Ne3ggX2lfjU2G', 'usuario1000206@cannibal.com', 9, 1, 1),
(231, '1000208', 'Nombre', 'Apellido', 'default.png', '0414-0000208', '$2y$10$f967DFTicc3vtb3f0vmOBOLMACvlXnxPp3/OlpCIK44BHuTO1WVUO', 'usuario1000208@cannibal.com', 9, 1, 1),
(232, '1000203', 'Nombre', 'Apellido', 'default.png', '0414-0000203', '$2y$10$z4UbSlm6zXcxiHKrqxXtIeX5gASYKqS9/NoYyUFKbuZV7A4Tv2d7a', 'usuario1000203@cannibal.com', 9, 1, 1),
(233, '1000204', 'Nombre', 'Apellido', 'default.png', '0414-0000204', '$2y$10$EdMVoAFb9shkKj79mEWqCOsbhhz3Cvduv8s3CnKud7CZdw2fq6s.S', 'usuario1000204@cannibal.com', 9, 1, 1),
(234, '1000210', 'Nombre', 'Apellido', 'default.png', '0414-0000210', '$2y$10$JVbDCKgpRol2uCFGoLl5ReOenL/2QxP9SLviGtvssVRvgSolz/./y', 'usuario1000210@cannibal.com', 9, 1, 1),
(235, '1000207', 'Nombre', 'Apellido', 'default.png', '0414-0000207', '$2y$10$mx4eH9nlqO5XSp8UmTKi/.cmSIgyo/lEiFU8Ck37xWNyemU9f2hu6', 'usuario1000207@cannibal.com', 9, 1, 1),
(236, '1000209', 'Nombre', 'Apellido', 'default.png', '0414-0000209', '$2y$10$eeGnLyplC426QplO3gB1BeWHBjDAx88lApRYUuLeQDgHQqNsr35d6', 'usuario1000209@cannibal.com', 9, 1, 1),
(237, '1000211', 'Nombre', 'Apellido', 'default.png', '0414-0000211', '$2y$10$NC00qb/6eGKPLRCNIUaf2On.EVxJxFfBlg16v.NJon16WN96eQ97G', 'usuario1000211@cannibal.com', 9, 1, 1),
(238, '1000213', 'Nombre', 'Apellido', 'default.png', '0414-0000213', '$2y$10$RsxOxM36.P3RHIUhBzU.x.MdAkiz4RXtVRvFNS0RXGbbLtXE/CGjO', 'usuario1000213@cannibal.com', 9, 1, 1),
(239, '1000214', 'Nombre', 'Apellido', 'default.png', '0414-0000214', '$2y$10$R/fz4u.e291yurKjMjoimu1zRS0CWSd93rTOyo6ECE4Jo/Y/0RsTa', 'usuario1000214@cannibal.com', 9, 1, 1),
(240, '1000215', 'Nombre', 'Apellido', 'default.png', '0414-0000215', '$2y$10$r5ekqwcemJI0JO4W2.mFAOEmGGM16VkMpTEg6Mp8YCkbn6o5nP6VC', 'usuario1000215@cannibal.com', 9, 1, 1),
(241, '1000212', 'Nombre', 'Apellido', 'default.png', '0414-0000212', '$2y$10$Z/iwGgoBfuMIoMGY4BdlO.x1Me8X6tpFBaxfQTHeYl36EuphGBI5e', 'usuario1000212@cannibal.com', 9, 1, 1),
(242, '1000216', 'Nombre', 'Apellido', 'default.png', '0414-0000216', '$2y$10$n.Suo8sSxT1YjKNtZF8w.O9p4isZxCbSoqyw4V4dF4nYXV3wMCDse', 'usuario1000216@cannibal.com', 9, 1, 1),
(243, '1000218', 'Nombre', 'Apellido', 'default.png', '0414-0000218', '$2y$10$cfimZM9Q7gBPDo0Xz.NpKuFEU5l31JY00cQhhc7LwNAo1gVcVugKq', 'usuario1000218@cannibal.com', 9, 1, 1),
(244, '1000217', 'Nombre', 'Apellido', 'default.png', '0414-0000217', '$2y$10$74uBto6KlHN1lmIdRWpoCuInzGr74JLt5JQDP0KEFconfBcWeQ9Ce', 'usuario1000217@cannibal.com', 9, 1, 1),
(245, '1000219', 'Nombre', 'Apellido', 'default.png', '0414-0000219', '$2y$10$CffAHX71P8DaR5A7X9ALNeTnjKXtz58ezGbY6koPmu91ptsZBXkJC', 'usuario1000219@cannibal.com', 9, 1, 1),
(246, '1000220', 'Nombre', 'Apellido', 'default.png', '0414-0000220', '$2y$10$UdVfKA4JdP5o80udk9La4OOTYfAvKjIxCR1BLmanT2b1JcGwHkqzO', 'usuario1000220@cannibal.com', 9, 1, 1),
(247, '1000222', 'Nombre', 'Apellido', 'default.png', '0414-0000222', '$2y$10$9KDO3hM1Xd0WG6DyAK5QyOB65uAfVS1enJEQiqwrTTFluYqQtcUo2', 'usuario1000222@cannibal.com', 9, 1, 1),
(248, '1000223', 'Nombre', 'Apellido', 'default.png', '0414-0000223', '$2y$10$5Dm2Nkz41c5u.OPJ3UCk/OzPG8yEHO3SNUfAS4N2VMyKxrUTTLdgi', 'usuario1000223@cannibal.com', 9, 1, 1),
(249, '1000221', 'Nombre', 'Apellido', 'default.png', '0414-0000221', '$2y$10$K382PIoIlTwjdteJxQGP/e7fWwfKXMVdScG6d55NQueD6Rw7mSjgq', 'usuario1000221@cannibal.com', 9, 1, 1),
(250, '1000224', 'Nombre', 'Apellido', 'default.png', '0414-0000224', '$2y$10$oXQ4a5mH1Io33bm1NLFx6uUYbAv2Pl.dvb2BiZrpcoegatqtVgOCO', 'usuario1000224@cannibal.com', 9, 1, 1),
(251, '1000227', 'Nombre', 'Apellido', 'default.png', '0414-0000227', '$2y$10$ooY8HGa570Y/a2OmOMu12ezPlNgznNwXAABOiSL6v/Dcn1d2YAdrC', 'usuario1000227@cannibal.com', 9, 1, 1),
(252, '1000225', 'Nombre', 'Apellido', 'default.png', '0414-0000225', '$2y$10$0.PQ.8XfXkeJC0DooXCgZuo9Dow4/wenY0YEpyy9OrsGWLJAgmry.', 'usuario1000225@cannibal.com', 9, 1, 1),
(253, '1000226', 'Nombre', 'Apellido', 'default.png', '0414-0000226', '$2y$10$3K1UI0Mc8Vb7Lxhqtjh.m.FNke6Y9RgJlaN0f3.SA2ms0EsktI5cK', 'usuario1000226@cannibal.com', 9, 1, 1),
(254, '1000228', 'Nombre', 'Apellido', 'default.png', '0414-0000228', '$2y$10$FTmzcXqKD2ZbyBK.NAB.kOouDQRWVFFv1xnRKLfAb5RQycZUP2cI2', 'usuario1000228@cannibal.com', 9, 1, 1),
(255, '1000231', 'Nombre', 'Apellido', 'default.png', '0414-0000231', '$2y$10$2CBcH5XInnhYksWua6h.bejN5g/HW0cTeioR7EtonZ8pRtFY1ZAzy', 'usuario1000231@cannibal.com', 9, 1, 1),
(256, '1000232', 'Nombre', 'Apellido', 'default.png', '0414-0000232', '$2y$10$.TdaNRYzRZZGi7Zrs24i.e1L81Lo80sG/x0c4qi8QNvcT/X3nerim', 'usuario1000232@cannibal.com', 9, 1, 1),
(257, '1000230', 'Nombre', 'Apellido', 'default.png', '0414-0000230', '$2y$10$r46EAsaAI7S9GddgzRofRuWVjn7OGFjqUe5X28opIN7GjrUzXbR9i', 'usuario1000230@cannibal.com', 9, 1, 1),
(258, '1000229', 'Nombre', 'Apellido', 'default.png', '0414-0000229', '$2y$10$EFKGwQFQeZUePLRo9tmmT.izjNUj.wUpmKvxYh3nXfkVB.rti4WCW', 'usuario1000229@cannibal.com', 9, 1, 1),
(259, '1000234', 'Nombre', 'Apellido', 'default.png', '0414-0000234', '$2y$10$d/RNdG6ydAgOn0aHJb.4pOhTLe5qdBSkZwkp172EqgxKIbACgGjby', 'usuario1000234@cannibal.com', 9, 1, 1),
(260, '1000235', 'Nombre', 'Apellido', 'default.png', '0414-0000235', '$2y$10$5.dkt4M9h8cVoQtpJb3PYeBELuvRRP8W7lTlWSzn8LDEmsh6FELj.', 'usuario1000235@cannibal.com', 9, 1, 1),
(261, '1000233', 'Nombre', 'Apellido', 'default.png', '0414-0000233', '$2y$10$9XlU4/yZ7GZ1jSrI9ihK0.wpOgcFHiSC7tZcVd/fP2Fja7HC4AOSi', 'usuario1000233@cannibal.com', 9, 1, 1),
(262, '1000236', 'Nombre', 'Apellido', 'default.png', '0414-0000236', '$2y$10$vpuV.KCRpEoLRuGhH/AOz.BIe3/kfw.duxWgeuSQBSoCQKQFN5p0m', 'usuario1000236@cannibal.com', 9, 1, 1),
(263, '1000239', 'Nombre', 'Apellido', 'default.png', '0414-0000239', '$2y$10$fgjxxMNdJE2zv84rIB1fMuE3NdkBj/mDcghlxslFcuHQKgNeen89S', 'usuario1000239@cannibal.com', 9, 1, 1),
(264, '1000237', 'Nombre', 'Apellido', 'default.png', '0414-0000237', '$2y$10$n9qMO5g95r2xkPZf8cvjheLuA6AsuI/eE0oQAp.aa1/u99pq5LXbO', 'usuario1000237@cannibal.com', 9, 1, 1),
(265, '1000240', 'Nombre', 'Apellido', 'default.png', '0414-0000240', '$2y$10$h33mhWp6giipkGoNQj701.UVskfua9vZpZGsoL/EX0V7wGiVv1RPu', 'usuario1000240@cannibal.com', 9, 1, 1),
(266, '1000243', 'Nombre', 'Apellido', 'default.png', '0414-0000243', '$2y$10$ZhreEHkzPOhILkKh.mxmK.Hf2tBFIUGL5469DVjOfBv9K.EbDuwO6', 'usuario1000243@cannibal.com', 9, 1, 1),
(267, '1000244', 'Nombre', 'Apellido', 'default.png', '0414-0000244', '$2y$10$Sp/YDAy..LTmW7hkYmpSPuwBcXngF8PriTfyRAR8cakjorv1gIgq.', 'usuario1000244@cannibal.com', 9, 1, 1),
(268, '1000238', 'Nombre', 'Apellido', 'default.png', '0414-0000238', '$2y$10$t/wjsI49tU6gxE7lkci9gOIaSFNG0kSMjOxxuHeZp8kmhsivzTqYW', 'usuario1000238@cannibal.com', 9, 1, 1),
(269, '1000241', 'Nombre', 'Apellido', 'default.png', '0414-0000241', '$2y$10$lneEM5oEkXm5C95VQ48AHuSPGjnFRDyPNYEBgtch/110tr4Wa7VPG', 'usuario1000241@cannibal.com', 9, 1, 1),
(270, '1000242', 'Nombre', 'Apellido', 'default.png', '0414-0000242', '$2y$10$muSCS4rEENMheai3RBtuVeW27iRdY85q9VtI6W4yY92pFXZIJZqp.', 'usuario1000242@cannibal.com', 9, 1, 1),
(271, '1000245', 'Nombre', 'Apellido', 'default.png', '0414-0000245', '$2y$10$FaMDvJYM7rrkBJyXJF/wzO7ZBuvn6vhrwdcpDreB3neJ4qiWUGOq2', 'usuario1000245@cannibal.com', 9, 1, 1),
(272, '1000247', 'Nombre', 'Apellido', 'default.png', '0414-0000247', '$2y$10$75q2K619SJmD871SHbiCO.ykWp8Ti7RaygKgZ/cinzMzKi3Fuq5li', 'usuario1000247@cannibal.com', 9, 1, 1),
(273, '1000248', 'Nombre', 'Apellido', 'default.png', '0414-0000248', '$2y$10$OdLu1njqmHesuHus1iuK7ulwLS9dnJKwab0nyRnNk6AVv711PBUDG', 'usuario1000248@cannibal.com', 9, 1, 1),
(274, '1000246', 'Nombre', 'Apellido', 'default.png', '0414-0000246', '$2y$10$yQ9dGy8lHU3qEobNCl5aP.SsfxOmhK1cwgpALRbDUrdmgrUPdzc.6', 'usuario1000246@cannibal.com', 9, 1, 1),
(275, '1000249', 'Nombre', 'Apellido', 'default.png', '0414-0000249', '$2y$10$FrX14NdnIS0LAsudrYou/eeodQlfZewSjUP35.WnHSFIvB6mPK4Pe', 'usuario1000249@cannibal.com', 9, 1, 1),
(276, '1000250', 'Nombre', 'Apellido', 'default.png', '0414-0000250', '$2y$10$sNQiSAxrvJ00KlOxMIaDUu.xkjm0G15rVJe94JP/nsnX/lnro9qdy', 'usuario1000250@cannibal.com', 9, 1, 1),
(277, '1000251', 'Nombre', 'Apellido', 'default.png', '0414-0000251', '$2y$10$mP3AKEpYhzVSZ1QLTQybGOVmpbBAuW/XJXy57ABhnibt67jwfldmO', 'usuario1000251@cannibal.com', 9, 1, 1),
(278, '1000253', 'Nombre', 'Apellido', 'default.png', '0414-0000253', '$2y$10$NY10PTDCxGitz/e..iIc9ejWHLTx4DMOkW6ChYx24bB61t5mig2G.', 'usuario1000253@cannibal.com', 9, 1, 1),
(279, '1000252', 'Nombre', 'Apellido', 'default.png', '0414-0000252', '$2y$10$9oDskJYE.9YwpRs.RF1DeuasBq8D2M1Q6pn6VFidwmqXMf8q3gq.m', 'usuario1000252@cannibal.com', 9, 1, 1),
(280, '1000256', 'Nombre', 'Apellido', 'default.png', '0414-0000256', '$2y$10$9gKmZTfYOvoVl.wLrOtGluwMmrlrOHkGoccpi6mCH7ZOtMsFfAQnC', 'usuario1000256@cannibal.com', 9, 1, 1),
(281, '1000255', 'Nombre', 'Apellido', 'default.png', '0414-0000255', '$2y$10$icbNizR9URmPVEioZnh3TuV2740oRv89.PynLL6W0AA8kimFXarm2', 'usuario1000255@cannibal.com', 9, 1, 1),
(282, '1000254', 'Nombre', 'Apellido', 'default.png', '0414-0000254', '$2y$10$kyxOf2yAgdM90VyGDeyZMuzwxsO1sB7isOVXeuYBb.cvjBPs6YDOi', 'usuario1000254@cannibal.com', 9, 1, 1),
(283, '1000260', 'Nombre', 'Apellido', 'default.png', '0414-0000260', '$2y$10$C0rMZaL.0X47doUJdCukB.7pk/R2LqX5JnwEv9B2ARgLxSihFdYru', 'usuario1000260@cannibal.com', 9, 1, 1),
(284, '1000259', 'Nombre', 'Apellido', 'default.png', '0414-0000259', '$2y$10$wM74K42H1LjB35Xe0xrJGe5VD2OWR1Wy.26CR2I2z/9vdIIw5ZVlu', 'usuario1000259@cannibal.com', 9, 1, 1),
(285, '1000261', 'Nombre', 'Apellido', 'default.png', '0414-0000261', '$2y$10$O.9TxrTHMJpaHSXmexdWBeOHvEWmPyaOfhuDSDk3ZJUGgepJWn1Q2', 'usuario1000261@cannibal.com', 9, 1, 1),
(286, '1000257', 'Nombre', 'Apellido', 'default.png', '0414-0000257', '$2y$10$MHR93rCPairBxBlUvR2dC.0U/spFMrCZOM7lBlKfnzUrd/HyEYFN6', 'usuario1000257@cannibal.com', 9, 1, 1),
(287, '1000258', 'Nombre', 'Apellido', 'default.png', '0414-0000258', '$2y$10$nnwmFCccNApvt2TNfinIauIA/nhGmANCnzrtTKh7n5Hzms62/.5sO', 'usuario1000258@cannibal.com', 9, 1, 1),
(288, '1000264', 'Nombre', 'Apellido', 'default.png', '0414-0000264', '$2y$10$ynxn3g16KzVlN3XlFnxafuGUu5eJMdY/08TpRLZdYD4lSwxS..Vmq', 'usuario1000264@cannibal.com', 9, 1, 1),
(289, '1000266', 'Nombre', 'Apellido', 'default.png', '0414-0000266', '$2y$10$M.8ZjUUcU6Axx1.LFDZag.GmXaThEN5XEqAww94Gl2DIaTUS1srji', 'usuario1000266@cannibal.com', 9, 1, 1),
(290, '1000262', 'Nombre', 'Apellido', 'default.png', '0414-0000262', '$2y$10$Q61DD1jW7tllSbm3YJAvXOYJJUDzX/aeJgKWKWDiBMb7aktXYRRgS', 'usuario1000262@cannibal.com', 9, 1, 1),
(291, '1000263', 'Nombre', 'Apellido', 'default.png', '0414-0000263', '$2y$10$oRg.tS01vUcL.PZgtbsz5.UZ7unN7o0s13q5x72m3aI2L/a6/spUm', 'usuario1000263@cannibal.com', 9, 1, 1),
(292, '1000268', 'Nombre', 'Apellido', 'default.png', '0414-0000268', '$2y$10$R3YBouvEMGydne4UySfao.WAEt6CtrW1YQ0LMxZz1ystJjRt22CHy', 'usuario1000268@cannibal.com', 9, 1, 1),
(293, '1000267', 'Nombre', 'Apellido', 'default.png', '0414-0000267', '$2y$10$fWzgJtS5KgUEg1RUKWwtB.tfdCmlGoSKEF2k8oV85S80lSMhvPPtG', 'usuario1000267@cannibal.com', 9, 1, 1),
(294, '1000265', 'Nombre', 'Apellido', 'default.png', '0414-0000265', '$2y$10$dSHPSYVHujIkgaFb4.smCO8Tpih/fXFXRREyF5ynpuJ8O7m.kIbAq', 'usuario1000265@cannibal.com', 9, 1, 1),
(295, '1000269', 'Nombre', 'Apellido', 'default.png', '0414-0000269', '$2y$10$FaoKs2k/.8q5H4MEGi9JE.4XC06Dkaf8EJLAdNJa2kWxiRhqCqnHC', 'usuario1000269@cannibal.com', 9, 1, 1),
(296, '1000270', 'Nombre', 'Apellido', 'default.png', '0414-0000270', '$2y$10$arf2B0roRMvCOcFkQXAOYegDM3pyKJqAD1mt/tNOojaTGBhYhWGjq', 'usuario1000270@cannibal.com', 9, 1, 1),
(297, '1000272', 'Nombre', 'Apellido', 'default.png', '0414-0000272', '$2y$10$v0LtmGh4PhLPLEkJQLCFdutXq7Hk.RQPYUsJYduQw5ewukGSmlPlu', 'usuario1000272@cannibal.com', 9, 1, 1),
(298, '1000271', 'Nombre', 'Apellido', 'default.png', '0414-0000271', '$2y$10$AXaHVKe.sIA3X0scBjMtEeFy0vA.5k9m9oyLHx/CCmyfBmUFMqDRm', 'usuario1000271@cannibal.com', 9, 1, 1),
(299, '1000277', 'Nombre', 'Apellido', 'default.png', '0414-0000277', '$2y$10$kpr2/pO0oJRCwyAljE2vJ.vLov7cQP1FFXc4umwhCayaRrp6iIsWi', 'usuario1000277@cannibal.com', 9, 1, 1),
(300, '1000276', 'Nombre', 'Apellido', 'default.png', '0414-0000276', '$2y$10$vONc2rrWvJ1/6wCFpIn4j.SNv6pPtDjMZgvqxmRFdJ5I5hGrZoH2O', 'usuario1000276@cannibal.com', 9, 1, 1),
(301, '1000273', 'Nombre', 'Apellido', 'default.png', '0414-0000273', '$2y$10$TQCY.T76EHkrpC4SXlzkz.liByc2TZx2BCpoLJxLHgjSvfKZjuxCe', 'usuario1000273@cannibal.com', 9, 1, 1),
(302, '1000275', 'Nombre', 'Apellido', 'default.png', '0414-0000275', '$2y$10$1tOGdc05BownExZlvVmOHuNkKK0w.QpxC33K00DrCApOhExBdJxjW', 'usuario1000275@cannibal.com', 9, 1, 1),
(303, '1000274', 'Nombre', 'Apellido', 'default.png', '0414-0000274', '$2y$10$N6duU.cW0Fx59fq./NklneLxONwEXDIynIXOAd11NPPN9w5VIwVdq', 'usuario1000274@cannibal.com', 9, 1, 1),
(304, '1000278', 'Nombre', 'Apellido', 'default.png', '0414-0000278', '$2y$10$iTBamwe3sqDumgkZbn5R3.b6pPqqa6b1gSTNWk/DyQk2Lf9n60c72', 'usuario1000278@cannibal.com', 9, 1, 1),
(305, '1000279', 'Nombre', 'Apellido', 'default.png', '0414-0000279', '$2y$10$YUvZW2q8HZjWU5N4O3qfc.8/RhWOGjSEiCUbPpEfJUxuaqgkBVOgq', 'usuario1000279@cannibal.com', 9, 1, 1),
(306, '1000280', 'Nombre', 'Apellido', 'default.png', '0414-0000280', '$2y$10$tU.gDLQxkltNTjqQkiaxsuIWm2IdDXDkFfzxKHSLJkCgwVHkQkokm', 'usuario1000280@cannibal.com', 9, 1, 1),
(307, '1000281', 'Nombre', 'Apellido', 'default.png', '0414-0000281', '$2y$10$l3zdjHbfWJqDAgVTr9t7ROD92YN7.lAZn331bNGsWRk1PBkVTKa3i', 'usuario1000281@cannibal.com', 9, 1, 1),
(308, '1000283', 'Nombre', 'Apellido', 'default.png', '0414-0000283', '$2y$10$tmgRbNbZwQJsxA.YBRjaQuVphc/GWKPE9T3ChoI/1iMll7n47ABtq', 'usuario1000283@cannibal.com', 9, 1, 1),
(309, '1000284', 'Nombre', 'Apellido', 'default.png', '0414-0000284', '$2y$10$uYWicwCquFXk67AhL8l6O.akLMOddBhaftEJlIzlgOVqyJeZNFWly', 'usuario1000284@cannibal.com', 9, 1, 1),
(310, '1000282', 'Nombre', 'Apellido', 'default.png', '0414-0000282', '$2y$10$SYtqo4TprnsWp9tAqKB.ceFcLn9gIeJIqb/1x.oFH41nuIeM47FFu', 'usuario1000282@cannibal.com', 9, 1, 1),
(311, '1000288', 'Nombre', 'Apellido', 'default.png', '0414-0000288', '$2y$10$oeznmg4rFV841xbtty.cLexHZzUQTnws0k9wbiLllBDizDyAEyWx6', 'usuario1000288@cannibal.com', 9, 1, 1),
(312, '1000287', 'Nombre', 'Apellido', 'default.png', '0414-0000287', '$2y$10$bmkf689tYsUwOaY9mpkMzOUTUEtFFKbO0YPmUOq0xHRNH7MsZkN2.', 'usuario1000287@cannibal.com', 9, 1, 1),
(313, '1000286', 'Nombre', 'Apellido', 'default.png', '0414-0000286', '$2y$10$1JX1O2oEXwFeoRA5pHXyGuT63rtfKKATkRhwNI3aOl.TBduNqJDHq', 'usuario1000286@cannibal.com', 9, 1, 1),
(314, '1000285', 'Nombre', 'Apellido', 'default.png', '0414-0000285', '$2y$10$VqADB5aXNy1BF0.UizWiRupIDzNURRW2dy3K45yF6izzVQzttZvsu', 'usuario1000285@cannibal.com', 9, 1, 1),
(315, '1000289', 'Nombre', 'Apellido', 'default.png', '0414-0000289', '$2y$10$b9FhQ7pdLrrzpl4FaRq.ReJ6b8Idmvw84HcBWmN04HnThXCCGaoD6', 'usuario1000289@cannibal.com', 9, 1, 1);
INSERT INTO `usuarios` (`idUsuario`, `cedulaUsuario`, `nombreUsuario`, `apellidoUsuario`, `foto`, `telefonoUsuario`, `contraseña`, `correo`, `id_rol`, `estatus`, `bloqueo`) VALUES
(316, '1000291', 'Nombre', 'Apellido', 'default.png', '0414-0000291', '$2y$10$JpRZf5iBoNqJOp5TzX3hrOGbIhn9yxgNUd1vcPpW.dz/C7ptS1.Xe', 'usuario1000291@cannibal.com', 9, 1, 1),
(317, '1000290', 'Nombre', 'Apellido', 'default.png', '0414-0000290', '$2y$10$5GxzmEd9i3sPhGBEl5jPc.OYy4/SeE.ar71SpIi1PZ1QkMhmyk0TG', 'usuario1000290@cannibal.com', 9, 1, 1),
(318, '1000294', 'Nombre', 'Apellido', 'default.png', '0414-0000294', '$2y$10$O1WHkNAnEEXejHYXpH15ge5qrLQh9omKn0jkY3Lbx5Hk9p3xmWG0S', 'usuario1000294@cannibal.com', 9, 1, 1),
(319, '1000292', 'Nombre', 'Apellido', 'default.png', '0414-0000292', '$2y$10$MCvIOP5/zPW3Lv92CBCGe./66zZA/Qg91SsdpuYipsVkW5EkNb4v6', 'usuario1000292@cannibal.com', 9, 1, 1),
(320, '1000295', 'Nombre', 'Apellido', 'default.png', '0414-0000295', '$2y$10$yIHQVWI4ZjuwOYgveS4QluyiY9vSsZkA3iFAlK6KXpfvx3/gdCyfe', 'usuario1000295@cannibal.com', 9, 1, 1),
(321, '1000293', 'Nombre', 'Apellido', 'default.png', '0414-0000293', '$2y$10$5cIkzYxN4m44ZSJD44w3W.QsojEa2jIVKymUXJYoVqJDOtp0YA9iS', 'usuario1000293@cannibal.com', 9, 1, 1),
(322, '1000296', 'Nombre', 'Apellido', 'default.png', '0414-0000296', '$2y$10$V5zzzS02qtrTRh0KrGs8KexWOT2mOQtWRuBGqCiCzoCGm0XagfOS6', 'usuario1000296@cannibal.com', 9, 1, 1),
(323, '1000297', 'Nombre', 'Apellido', 'default.png', '0414-0000297', '$2y$10$2oCapXh3BM6epCBb26qJOuYfICxYNWNtkKqAAnZWyfWnYuyhVg04m', 'usuario1000297@cannibal.com', 9, 1, 1),
(324, '1000298', 'Nombre', 'Apellido', 'default.png', '0414-0000298', '$2y$10$lHn1CXkXIOWnrNVoOeJEROCSdBVHG6stQlXJT8GmaYH6UJXUAJdSe', 'usuario1000298@cannibal.com', 9, 1, 1),
(325, '1000300', 'Nombre', 'Apellido', 'default.png', '0414-0000300', '$2y$10$Bw7PCCL9GY/zKfgHp4ule.VhPd0EteadsKA87/MLN0r5EnTSiFRMW', 'usuario1000300@cannibal.com', 9, 1, 1),
(326, '1000303', 'Nombre', 'Apellido', 'default.png', '0414-0000303', '$2y$10$tS5RFQ6rwZedlnQ15Hq0Neh1XiCe7PtAd1SVrUhCvL5L0xpRZkd5q', 'usuario1000303@cannibal.com', 9, 1, 1),
(327, '1000302', 'Nombre', 'Apellido', 'default.png', '0414-0000302', '$2y$10$mRXrnzC5NEFb4M.ApzcIjuP0NbtrAw/.ubsBpb7t75tdFaH0J5yuS', 'usuario1000302@cannibal.com', 9, 1, 1),
(328, '1000299', 'Nombre', 'Apellido', 'default.png', '0414-0000299', '$2y$10$pu62NLRDqMnIUWLBC/UGT.p3d0bqIkUeBEH0Sj0vMPqQEEmPNY7ym', 'usuario1000299@cannibal.com', 9, 1, 1),
(329, '1000304', 'Nombre', 'Apellido', 'default.png', '0414-0000304', '$2y$10$hcww8o44btuM/0MV6ihoMersEUeFI1Lyw45R4O9ColJgkYvc.ahgy', 'usuario1000304@cannibal.com', 9, 1, 1),
(330, '1000301', 'Nombre', 'Apellido', 'default.png', '0414-0000301', '$2y$10$d7Q7MqQnJYV6Sqilvdytge2yrKfMMFYxm.wnDpiw5.RqWY4zx7kVe', 'usuario1000301@cannibal.com', 9, 1, 1),
(331, '1000305', 'Nombre', 'Apellido', 'default.png', '0414-0000305', '$2y$10$6mHIoxMzebkzjV9qMPC4h.4vN2A9re.KZbmcR0lzuOo4HPbkLnoZy', 'usuario1000305@cannibal.com', 9, 1, 1),
(332, '1000306', 'Nombre', 'Apellido', 'default.png', '0414-0000306', '$2y$10$dR0lCvXbPFXBrweNStzfBOzcw/e4mqiC1eO1s8ytqO2SgSngEDsZi', 'usuario1000306@cannibal.com', 9, 1, 1),
(333, '1000308', 'Nombre', 'Apellido', 'default.png', '0414-0000308', '$2y$10$HNcp4s9M1HchjiJHCOAbVeQLMxv/H5Av11q1ob57T24LmVN2Qd5B2', 'usuario1000308@cannibal.com', 9, 1, 1),
(334, '1000307', 'Nombre', 'Apellido', 'default.png', '0414-0000307', '$2y$10$6DJ8tQUgiAVh5pUzhr7PkuOrCdbvBmL81Lk/XzBss3PJSE/kBh/zO', 'usuario1000307@cannibal.com', 9, 1, 1),
(335, '1000310', 'Nombre', 'Apellido', 'default.png', '0414-0000310', '$2y$10$EedrEFUz.j0NJe4fMyZCE.RAABqQ8Ox4f29Y983Zksu7MA.8Kpuc.', 'usuario1000310@cannibal.com', 9, 1, 1),
(336, '1000311', 'Nombre', 'Apellido', 'default.png', '0414-0000311', '$2y$10$SxjwetGYVG8r/nB4Z40Z5.ygpQK4HDD0ot80.4HOPySJEskbaxGpC', 'usuario1000311@cannibal.com', 9, 1, 1),
(337, '1000309', 'Nombre', 'Apellido', 'default.png', '0414-0000309', '$2y$10$4HqPsIrMA/59QgtzauSQX.t0aX.oVQz.OiF5qhgcTqqkrJGrtPETK', 'usuario1000309@cannibal.com', 9, 1, 1),
(338, '1000312', 'Nombre', 'Apellido', 'default.png', '0414-0000312', '$2y$10$HOGObasDt6GL.bWApmX8sOGMB8a6eYRAR40E/OWfpjAfAkqfYIy.W', 'usuario1000312@cannibal.com', 9, 1, 1),
(339, '1000313', 'Nombre', 'Apellido', 'default.png', '0414-0000313', '$2y$10$bCq6yZTcQvKIOYn5pIWquei9TKbCxA2XBShzyPITzMgGwfsrEP9tq', 'usuario1000313@cannibal.com', 9, 1, 1),
(340, '1000314', 'Nombre', 'Apellido', 'default.png', '0414-0000314', '$2y$10$0ZiQ.DhilMoUkU9Y/GzGxuK14A5pB2owGCEmudQdg4PUcP4XJrO72', 'usuario1000314@cannibal.com', 9, 1, 1),
(341, '1000315', 'Nombre', 'Apellido', 'default.png', '0414-0000315', '$2y$10$clEQB95YvDL1jKRrZjxa6e3SrsYkStrNWhU9hLZb5YDcDykgo0W5q', 'usuario1000315@cannibal.com', 9, 1, 1),
(342, '1000319', 'Nombre', 'Apellido', 'default.png', '0414-0000319', '$2y$10$CzxBhZskt/jQ2VnOOMElBevY4/1h5wYEwU2aQNv7gjfkXYXvya7f6', 'usuario1000319@cannibal.com', 9, 1, 1),
(343, '1000320', 'Nombre', 'Apellido', 'default.png', '0414-0000320', '$2y$10$lOdWigPOx05uvLBgktiB3e5kqeM9YWRVBytE2BE5FE1hA6LAgTeGu', 'usuario1000320@cannibal.com', 9, 1, 1),
(344, '1000321', 'Nombre', 'Apellido', 'default.png', '0414-0000321', '$2y$10$OpyOkkcZWAWVSSIj9E5Gq.8YljKhoGQgC7SqMIT/n9RsCZIGnOpoy', 'usuario1000321@cannibal.com', 9, 1, 1),
(345, '1000318', 'Nombre', 'Apellido', 'default.png', '0414-0000318', '$2y$10$7iSAaja6XBmoMjEMsXV2H.TchW2HqZ6iiJClcyh3CEW0rmrtLGE3a', 'usuario1000318@cannibal.com', 9, 1, 1),
(346, '1000316', 'Nombre', 'Apellido', 'default.png', '0414-0000316', '$2y$10$VyySbwUkVzfPWqSSG5jT5OJ6xvZZrQBaitfPjYRlXRhVPEH4Bg/ze', 'usuario1000316@cannibal.com', 9, 1, 1),
(347, '1000317', 'Nombre', 'Apellido', 'default.png', '0414-0000317', '$2y$10$5oIf/O2uTKvGcEQoApODmulFtQSPI66fKlg7Km4Lv5UYWNfkOM0ke', 'usuario1000317@cannibal.com', 9, 1, 1),
(348, '1000322', 'Nombre', 'Apellido', 'default.png', '0414-0000322', '$2y$10$CNkX.7UeoHjdOfwKRieUHODT07bsfsf4npE/ZPVvN.ECp3o./eJR6', 'usuario1000322@cannibal.com', 9, 1, 1),
(349, '1000323', 'Nombre', 'Apellido', 'default.png', '0414-0000323', '$2y$10$jS6ooql3YBZeJDEiGsOZiuhFanvx4vWulhB1rnOAcNC.rAsaHetIC', 'usuario1000323@cannibal.com', 9, 1, 1),
(350, '1000324', 'Nombre', 'Apellido', 'default.png', '0414-0000324', '$2y$10$KipUgAwp4Jl.qROOm7nntuEAVou4.Vk2eJJyTtvr3/dUapyocjqTa', 'usuario1000324@cannibal.com', 9, 1, 1),
(351, '1000325', 'Nombre', 'Apellido', 'default.png', '0414-0000325', '$2y$10$2jSAgHJqARHDhRr9uofFJOsRDwEA2JdsO6WO6oRph2BmnW53i10zC', 'usuario1000325@cannibal.com', 9, 1, 1),
(352, '1000328', 'Nombre', 'Apellido', 'default.png', '0414-0000328', '$2y$10$ugJwY2EZu5AAXqaeLld/iOEE7cOXUM3haXjvZVKatbKji2KKqnT7C', 'usuario1000328@cannibal.com', 9, 1, 1),
(353, '1000327', 'Nombre', 'Apellido', 'default.png', '0414-0000327', '$2y$10$L8kw/BXXUKfwQz4SfXlqXOusSAqRfUq6p6valXowzWQDw9X2lbwW6', 'usuario1000327@cannibal.com', 9, 1, 1),
(354, '1000326', 'Nombre', 'Apellido', 'default.png', '0414-0000326', '$2y$10$GYQNqTsGceb15UWZHtsQy.LQGgGvsIXLVrWebkdzsQyn41DwY3SXO', 'usuario1000326@cannibal.com', 9, 1, 1),
(355, '1000330', 'Nombre', 'Apellido', 'default.png', '0414-0000330', '$2y$10$6it.n625S42WgzJO6U229OcbAUUb8n4tFGqgKTGRhveHbQr/mUpEG', 'usuario1000330@cannibal.com', 9, 1, 1),
(356, '1000332', 'Nombre', 'Apellido', 'default.png', '0414-0000332', '$2y$10$zRvcZCKzXzhbTAa2e/iIj.uLuZuzy9nc5mmao26ZorLHb.AV29zZC', 'usuario1000332@cannibal.com', 9, 1, 1),
(357, '1000331', 'Nombre', 'Apellido', 'default.png', '0414-0000331', '$2y$10$2dZIRts.gn6s718h3m45VeTHIY6.tjqGqbNHHmm7BRy6.KDdYjGSG', 'usuario1000331@cannibal.com', 9, 1, 1),
(358, '1000329', 'Nombre', 'Apellido', 'default.png', '0414-0000329', '$2y$10$/8/rvBMqg9GbBuwwZDN.uuviPbvvvG9WqgtsRagF2.emfh3bXvwuy', 'usuario1000329@cannibal.com', 9, 1, 1),
(359, '1000333', 'Nombre', 'Apellido', 'default.png', '0414-0000333', '$2y$10$aovOc86/fQywK/vkvEyCsOUD0.cJE5NvCGrzr5xhjlidYHIvUhkH2', 'usuario1000333@cannibal.com', 9, 1, 1),
(360, '1000334', 'Nombre', 'Apellido', 'default.png', '0414-0000334', '$2y$10$L1J2aq7il73UoLd6uIbVouj9BLkWL26S9.wEs1dHHtlcclGuEZbpC', 'usuario1000334@cannibal.com', 9, 1, 1),
(361, '1000336', 'Nombre', 'Apellido', 'default.png', '0414-0000336', '$2y$10$/kXSaLkjTD06tzcmjM1UHu1cxrngKrMLtJkDr1JYa4NY.8SYQXMGC', 'usuario1000336@cannibal.com', 9, 1, 1),
(362, '1000335', 'Nombre', 'Apellido', 'default.png', '0414-0000335', '$2y$10$U0NiC.Q6qTDBQpXC/HjoheklMPEs6Yoggr.53J9.UqPesdPFKe4Y.', 'usuario1000335@cannibal.com', 9, 1, 1),
(363, '1000337', 'Nombre', 'Apellido', 'default.png', '0414-0000337', '$2y$10$EaDITSmBSZopW1kaXbGbbuqjr1EibbSnD5izq.7E4i3b8Xmw.swzK', 'usuario1000337@cannibal.com', 9, 1, 1),
(364, '1000338', 'Nombre', 'Apellido', 'default.png', '0414-0000338', '$2y$10$msm2fGp07HK9VbnclmUgbeDAuKT8GqIiavi6GxhKtSA6YXEo.jLqu', 'usuario1000338@cannibal.com', 9, 1, 1),
(365, '1000340', 'Nombre', 'Apellido', 'default.png', '0414-0000340', '$2y$10$hzBB3Hvu2fZZ5PDdArSu/OsnsxTJRHSpOh4rYLj7DD3qefKQHUHTy', 'usuario1000340@cannibal.com', 9, 1, 1),
(366, '1000341', 'Nombre', 'Apellido', 'default.png', '0414-0000341', '$2y$10$tcpMF6CFv6xfq2jd0C1Waep9PfEQRpoFzbg72zYsieBKKaoVfN1Ne', 'usuario1000341@cannibal.com', 9, 1, 1),
(367, '1000339', 'Nombre', 'Apellido', 'default.png', '0414-0000339', '$2y$10$qXgTjILaw91U7fKX.QRy6uj6DINbGvLDunO0h7xJC4eedOoPCsCEC', 'usuario1000339@cannibal.com', 9, 1, 1),
(368, '1000342', 'Nombre', 'Apellido', 'default.png', '0414-0000342', '$2y$10$Knk07kVyQ3BBGy7UXbTr4.Oy8I8GaQaPsTwzQwG8RyS9MUSN5EPA.', 'usuario1000342@cannibal.com', 9, 1, 1),
(369, '1000345', 'Nombre', 'Apellido', 'default.png', '0414-0000345', '$2y$10$11X1s4uuq7OBLU3OMFIz9O4ug/FuXODA2Ld8kHLjMTlmBZ0Ps5hAy', 'usuario1000345@cannibal.com', 9, 1, 1),
(370, '1000347', 'Nombre', 'Apellido', 'default.png', '0414-0000347', '$2y$10$epCD65HJdLmSxRiwtmQX7.XbQaLyH3.Qs1mj.ChB.W4flpSDBkLJW', 'usuario1000347@cannibal.com', 9, 1, 1),
(371, '1000348', 'Nombre', 'Apellido', 'default.png', '0414-0000348', '$2y$10$6duxBYClWfEbC3NkCMhJnuN1F2vlxfzsR/kzwp4vnMZTOgkPvOb7C', 'usuario1000348@cannibal.com', 9, 1, 1),
(372, '1000343', 'Nombre', 'Apellido', 'default.png', '0414-0000343', '$2y$10$gyIcGboURJTcfwArWPYnSeftWuV00t01WtFkhlQj44uDOwU8.ZD4W', 'usuario1000343@cannibal.com', 9, 1, 1),
(373, '1000344', 'Nombre', 'Apellido', 'default.png', '0414-0000344', '$2y$10$mcUssStDcp5IbmhDorY5quFp2xiIHb741d7k54bhYRrgiTRT0KGF6', 'usuario1000344@cannibal.com', 9, 1, 1),
(374, '1000346', 'Nombre', 'Apellido', 'default.png', '0414-0000346', '$2y$10$kwr9Fuke9U9FhKA6Psn7d.2MbDtwUeo.T4dGVS5XSp72pshJu7Uga', 'usuario1000346@cannibal.com', 9, 1, 1),
(375, '1000349', 'Nombre', 'Apellido', 'default.png', '0414-0000349', '$2y$10$ecWUedRiyugtMlz4KByTjugkYsNTct2gAxr08NLgWDxf9SpeP.fvu', 'usuario1000349@cannibal.com', 9, 1, 1),
(376, '1000350', 'Nombre', 'Apellido', 'default.png', '0414-0000350', '$2y$10$p7y5KYn7Neh5zyy7/zWaDuLJTE2yPTyoVTPM2HtgFEeYt3TJxY0pK', 'usuario1000350@cannibal.com', 9, 1, 1),
(377, '1000353', 'Nombre', 'Apellido', 'default.png', '0414-0000353', '$2y$10$fKs3Zlp4jiNGMouyFKCVMugGFc7UZnO6LFbI1POOLpKGQozrlI7Nu', 'usuario1000353@cannibal.com', 9, 1, 1),
(378, '1000351', 'Nombre', 'Apellido', 'default.png', '0414-0000351', '$2y$10$esLurfMdS/Fm23ejyP/1XehM9nAGT4tpxb1coUaTdQu4Khelu69DW', 'usuario1000351@cannibal.com', 9, 1, 1),
(379, '1000352', 'Nombre', 'Apellido', 'default.png', '0414-0000352', '$2y$10$K0WjLD5uDavwBTQ21Q/MGOZXJju5r6VD.nYGgk2uGOevrPpePlWoy', 'usuario1000352@cannibal.com', 9, 1, 1),
(380, '1000354', 'Nombre', 'Apellido', 'default.png', '0414-0000354', '$2y$10$Rk4vRTArX5cU0lKUv2dCcu8wujQTpG/9YD7LTZiUXmQVjTg3HvzhS', 'usuario1000354@cannibal.com', 9, 1, 1),
(381, '1000355', 'Nombre', 'Apellido', 'default.png', '0414-0000355', '$2y$10$lBnlgE7m6cVJQbjT82kFZeuFdPMq3M8alqrq7QnQVfhfgBK/5nYPG', 'usuario1000355@cannibal.com', 9, 1, 1),
(382, '1000359', 'Nombre', 'Apellido', 'default.png', '0414-0000359', '$2y$10$V6GpAYNqZ/0jG55R7KAZXuG7IMB4rVjyAzoTrS7bVD4S4Dd.w2Yvy', 'usuario1000359@cannibal.com', 9, 1, 1),
(383, '1000356', 'Nombre', 'Apellido', 'default.png', '0414-0000356', '$2y$10$I./8iPzGx.v2fgOtTtxr8uvjASz7Qe6y4PTdMFgpEyI9W71kejBQW', 'usuario1000356@cannibal.com', 9, 1, 1),
(384, '1000357', 'Nombre', 'Apellido', 'default.png', '0414-0000357', '$2y$10$p4iPfuASj4Svtqw5osWH6epmsfHorcovmWhZNDiw.zcSNSbe7F8nO', 'usuario1000357@cannibal.com', 9, 1, 1),
(385, '1000358', 'Nombre', 'Apellido', 'default.png', '0414-0000358', '$2y$10$rmLU9l0cfA4l3tQszGLeiOAeXk7T22NDF7JwDkW2rB/HFYzugf4HS', 'usuario1000358@cannibal.com', 9, 1, 1),
(386, '1000361', 'Nombre', 'Apellido', 'default.png', '0414-0000361', '$2y$10$l6WX/jUmWO1yVlxAC1LWeewssrpMZ.9iEkZu2WKagWnzy3lRsgyhW', 'usuario1000361@cannibal.com', 9, 1, 1),
(387, '1000364', 'Nombre', 'Apellido', 'default.png', '0414-0000364', '$2y$10$eaw0L9MA3/.9/y0RQ2YqTOJ8uPOUoJJBzalc/U2JN3P.UVLvNwUNu', 'usuario1000364@cannibal.com', 9, 1, 1),
(388, '1000365', 'Nombre', 'Apellido', 'default.png', '0414-0000365', '$2y$10$QtcgjVGXfU/Fj3.O1g9TWenQPItsx5Ng7xfAEWeA0gdA7c6pmdizC', 'usuario1000365@cannibal.com', 9, 1, 1),
(389, '1000362', 'Nombre', 'Apellido', 'default.png', '0414-0000362', '$2y$10$FS9WDbMytxKqaBnnsgT3Fe1vkXuqryOjlKYaure.bJ0tZ/DgD8m6G', 'usuario1000362@cannibal.com', 9, 1, 1),
(390, '1000360', 'Nombre', 'Apellido', 'default.png', '0414-0000360', '$2y$10$R1O1TGIWEd/PjOe0jADeAO7fhXIPs03m4Tb0LvDg8XfXDrYt.Xbcq', 'usuario1000360@cannibal.com', 9, 1, 1),
(391, '1000363', 'Nombre', 'Apellido', 'default.png', '0414-0000363', '$2y$10$hb2Wo6JCL.6z.IfuLNlzWusxj49YXmgo6rLlXLMKsVGvpeVbGbNQy', 'usuario1000363@cannibal.com', 9, 1, 1),
(392, '1000366', 'Nombre', 'Apellido', 'default.png', '0414-0000366', '$2y$10$emmAS7RbIOQcvoEuhYux9.uEVRtaQqUhJAVFHJgU/U5U3O/STlqru', 'usuario1000366@cannibal.com', 9, 1, 1),
(393, '1000367', 'Nombre', 'Apellido', 'default.png', '0414-0000367', '$2y$10$J.hoBAJAV.KZQ5SGXcMV.u6NNA05MZ.P0OF.5ElG2UAaVkenKuCr6', 'usuario1000367@cannibal.com', 9, 1, 1),
(394, '1000368', 'Nombre', 'Apellido', 'default.png', '0414-0000368', '$2y$10$0QfANfHjdjAf.SSYKpO.eO9jujad981SaITeLRXdrcWMVGzo8e4eS', 'usuario1000368@cannibal.com', 9, 1, 1),
(395, '1000370', 'Nombre', 'Apellido', 'default.png', '0414-0000370', '$2y$10$RUby0.hfyabGS3ob1cGjQu7nJ0RlN.x6MESFSp8X.jKRO.6tIO7Cq', 'usuario1000370@cannibal.com', 9, 1, 1),
(396, '1000371', 'Nombre', 'Apellido', 'default.png', '0414-0000371', '$2y$10$8p8BrSutVpBHq7Kfivp7Qe0H/FEYEG0wbdrA0LEkiyyanpu/hyv0C', 'usuario1000371@cannibal.com', 9, 1, 1),
(397, '1000369', 'Nombre', 'Apellido', 'default.png', '0414-0000369', '$2y$10$YfFwpwAu5sovGb/Siou2M.Cf//bDQvaQwUCX3WRN7cUqvKFWyTB7y', 'usuario1000369@cannibal.com', 9, 1, 1),
(398, '1000372', 'Nombre', 'Apellido', 'default.png', '0414-0000372', '$2y$10$ZJFp11.QWq9gIwJXHeVyDOBsvqY2sNqlgZDxMA10/OQeIhBuFqJ7m', 'usuario1000372@cannibal.com', 9, 1, 1),
(399, '1000375', 'Nombre', 'Apellido', 'default.png', '0414-0000375', '$2y$10$kmJCvvjUf3beYO3VGr2ZPOubynQufEWRhBNBFBJrUhwwNrJ.47FMa', 'usuario1000375@cannibal.com', 9, 1, 1),
(400, '1000373', 'Nombre', 'Apellido', 'default.png', '0414-0000373', '$2y$10$Yi8jD9/ek4N2/tAR7OM1MuDBwNkmDhBS073pkk.NcpeF4BhgujQK.', 'usuario1000373@cannibal.com', 9, 1, 1),
(401, '1000374', 'Nombre', 'Apellido', 'default.png', '0414-0000374', '$2y$10$l2cTV52t48jTS3O5aQgTS.JWt0nbjSBh6izg68zwf0zHAW.fGiWsy', 'usuario1000374@cannibal.com', 9, 1, 1),
(402, '1000376', 'Nombre', 'Apellido', 'default.png', '0414-0000376', '$2y$10$UURA6uUfQ57pjG6L/zlSQOYStqxUSt2mT0Tgj5f2j8UQP87HxgpxS', 'usuario1000376@cannibal.com', 9, 1, 1),
(403, '1000379', 'Nombre', 'Apellido', 'default.png', '0414-0000379', '$2y$10$HnucYdoLKerf/S3iBPIISOaEnLJTCDR1w7/eDPnYLp7T.8aynEoES', 'usuario1000379@cannibal.com', 9, 1, 1),
(404, '1000380', 'Nombre', 'Apellido', 'default.png', '0414-0000380', '$2y$10$0wapE1CeeEoOG/KAv.Eone0P4EUwuB296ZLUQ2QvEtw4CTD40ph4S', 'usuario1000380@cannibal.com', 9, 1, 1),
(405, '1000382', 'Nombre', 'Apellido', 'default.png', '0414-0000382', '$2y$10$/d.vfob7KvfnjuD60p13uerK83DYN2yZddgG9HPSC7U3eTFHWI/Nm', 'usuario1000382@cannibal.com', 9, 1, 1),
(406, '1000377', 'Nombre', 'Apellido', 'default.png', '0414-0000377', '$2y$10$OcARkKClgefYuveTwBCvZOkknl0Al6Ddy4n.QjyqlY/lKZtWn18ou', 'usuario1000377@cannibal.com', 9, 1, 1),
(407, '1000381', 'Nombre', 'Apellido', 'default.png', '0414-0000381', '$2y$10$gcO7pSw6CUAfubsoGBcF2eCB2Kdjhk6tcEvlRo14GEz4bUoF4//GO', 'usuario1000381@cannibal.com', 9, 1, 1),
(408, '1000378', 'Nombre', 'Apellido', 'default.png', '0414-0000378', '$2y$10$myitCfMpDOFjWN5trlsRieHQAXy3tEeAhnswZxQUndYwGu8Jw5/k2', 'usuario1000378@cannibal.com', 9, 1, 1),
(409, '1000384', 'Nombre', 'Apellido', 'default.png', '0414-0000384', '$2y$10$DeYlvwnLnxcdjhnaGG91HecHd7byZANb/nv6JoqU0dEQD55gCCxxi', 'usuario1000384@cannibal.com', 9, 1, 1),
(410, '1000383', 'Nombre', 'Apellido', 'default.png', '0414-0000383', '$2y$10$hYuHkfDm4LZ3eQgq1KJKa.nyiXF34Thln1bbXFM8oG4Hf24zGmDpS', 'usuario1000383@cannibal.com', 9, 1, 1),
(411, '1000386', 'Nombre', 'Apellido', 'default.png', '0414-0000386', '$2y$10$QZmIDOdg8pP0uEzO8./NfuFNHvoLkeF9jzfZm5RAVVZ2s.seEWDNa', 'usuario1000386@cannibal.com', 9, 1, 1),
(412, '1000385', 'Nombre', 'Apellido', 'default.png', '0414-0000385', '$2y$10$hj2o9wdIXNQNkShOsQCkqOLGmDaItZsow6GZ7h2zAMk5//lYxpz5.', 'usuario1000385@cannibal.com', 9, 1, 1),
(413, '1000389', 'Nombre', 'Apellido', 'default.png', '0414-0000389', '$2y$10$z/9v0qfI7T0CUVUonAMBoO.suuwLTxEaqFTpo0h9ypjhVk5nUJObe', 'usuario1000389@cannibal.com', 9, 1, 1),
(414, '1000387', 'Nombre', 'Apellido', 'default.png', '0414-0000387', '$2y$10$Zp2JZsRs905b15v5RA7FWOMFbgzSXF..6qJ/lcpvySDvD0gJUQEWa', 'usuario1000387@cannibal.com', 9, 1, 1),
(415, '1000388', 'Nombre', 'Apellido', 'default.png', '0414-0000388', '$2y$10$HfA0XA/5PeDERgQQACLvg.1nRUkarZ7W4oSP1GCTKs9Vu6sIeTYEi', 'usuario1000388@cannibal.com', 9, 1, 1),
(416, '1000393', 'Nombre', 'Apellido', 'default.png', '0414-0000393', '$2y$10$8GXkJ219w8Kv14zL2bWxCOwqyGhBhyLisv4DXJ5n4rSEXhtnaX8Ju', 'usuario1000393@cannibal.com', 9, 1, 1),
(417, '1000390', 'Nombre', 'Apellido', 'default.png', '0414-0000390', '$2y$10$U.qG2e74YVGW5K1y.g2JReY2IsVpyG8b5XzkjP1azpf3Dv3LKUR7y', 'usuario1000390@cannibal.com', 9, 1, 1),
(418, '1000391', 'Nombre', 'Apellido', 'default.png', '0414-0000391', '$2y$10$Ex7tiCJyIxbm2RBaZXAIGO7XLvKDxEgCScC2IfbluWKg/z.Vjfbci', 'usuario1000391@cannibal.com', 9, 1, 1),
(419, '1000392', 'Nombre', 'Apellido', 'default.png', '0414-0000392', '$2y$10$WbTbYIneVaAVCloMKla0zewu1BnhiCmkamJo6cArLXJmQzKKCAMna', 'usuario1000392@cannibal.com', 9, 1, 1),
(420, '1000398', 'Nombre', 'Apellido', 'default.png', '0414-0000398', '$2y$10$nSxuOnFU0F8njRvmXTUy9euBdh79es4g3bNOH.4jspZq2RUFiKjse', 'usuario1000398@cannibal.com', 9, 1, 1),
(421, '1000394', 'Nombre', 'Apellido', 'default.png', '0414-0000394', '$2y$10$dO0pOl.ejePnDNatKfE7UuX7cvY19Py8RzSjIBhqgiH.5Mg/RwUrS', 'usuario1000394@cannibal.com', 9, 1, 1),
(422, '1000397', 'Nombre', 'Apellido', 'default.png', '0414-0000397', '$2y$10$FyzTJ7S45xD.vS01k8TtyeH79SnfkX/3fg45w.lmQG19iqO9AMEfO', 'usuario1000397@cannibal.com', 9, 1, 1),
(423, '1000399', 'Nombre', 'Apellido', 'default.png', '0414-0000399', '$2y$10$0dGxXoU8IhSITRLrC3fvY.wCbbQXH3BEfyP93T8rkygmN1e4kZIoG', 'usuario1000399@cannibal.com', 9, 1, 1),
(424, '1000395', 'Nombre', 'Apellido', 'default.png', '0414-0000395', '$2y$10$NfncsjU7dAwRkDSKDZM0c.z4XCUdYmBrRe7v/X6XsVTmpcA1t9cru', 'usuario1000395@cannibal.com', 9, 1, 1),
(425, '1000396', 'Nombre', 'Apellido', 'default.png', '0414-0000396', '$2y$10$nboyMzJK30JktjtgJkfUyOLiQbDle48wofNbLNkQuJosfp2jM6YSW', 'usuario1000396@cannibal.com', 9, 1, 1),
(426, '1000400', 'Nombre', 'Apellido', 'default.png', '0414-0000400', '$2y$10$3Ph2OiYS7swd0zNY0Gj.y.QcXExyATI5Xt3MhNvLSDZ/qOl9s3wDq', 'usuario1000400@cannibal.com', 9, 1, 1),
(427, '1000401', 'Nombre', 'Apellido', 'default.png', '0414-0000401', '$2y$10$9Y0oSO.MQYDkk.3q4nD9tOLlqzYweMDGLJIDqsiKwpqZW/aHMP7gm', 'usuario1000401@cannibal.com', 9, 1, 1),
(428, '1000402', 'Nombre', 'Apellido', 'default.png', '0414-0000402', '$2y$10$H4PKQjjzhkDunTSVXYYG7us8vS6P491jLDa/qjWW2thTpMSa1PcvC', 'usuario1000402@cannibal.com', 9, 1, 1),
(429, '1000403', 'Nombre', 'Apellido', 'default.png', '0414-0000403', '$2y$10$Hk1IJKpIuNDGPVoCxSYooOhMGqaf7kbT8ORECfGpqd5t6BRRkVD/G', 'usuario1000403@cannibal.com', 9, 1, 1),
(430, '1000407', 'Nombre', 'Apellido', 'default.png', '0414-0000407', '$2y$10$VVc1Gx9MWTFmP7H6rv7acOIg9WZBloqFgYgFh8FKth6IFvBM3t1Lu', 'usuario1000407@cannibal.com', 9, 1, 1),
(431, '1000405', 'Nombre', 'Apellido', 'default.png', '0414-0000405', '$2y$10$ynAWNgfc9GRvMXGP71wmcOO/ObUxXmDZWWPX1mkWXoSLzbPOM3a0i', 'usuario1000405@cannibal.com', 9, 1, 1),
(432, '1000404', 'Nombre', 'Apellido', 'default.png', '0414-0000404', '$2y$10$XWX8Q9m6ThFduydIMBe7U.9Z0tJjcOo0l9QaZ7IiuOE8jGg4.ZAPC', 'usuario1000404@cannibal.com', 9, 1, 1),
(433, '1000406', 'Nombre', 'Apellido', 'default.png', '0414-0000406', '$2y$10$4hBWmLHFAJ9WUfRwzvzetu96d7HYyvS5U6IgEri3/3qYkru69AlAS', 'usuario1000406@cannibal.com', 9, 1, 1),
(434, '1000409', 'Nombre', 'Apellido', 'default.png', '0414-0000409', '$2y$10$.3D9CW2e3bUIiNQeth9atOeu9MeH4PpP9il4j3ZbxdlPN2Tj8uRie', 'usuario1000409@cannibal.com', 9, 1, 1),
(435, '1000410', 'Nombre', 'Apellido', 'default.png', '0414-0000410', '$2y$10$ZCSg2YK.keN8XJKyBRXf2u010DLLb7sxtJ6cfxhZwhN8a2Mlz75XK', 'usuario1000410@cannibal.com', 9, 1, 1),
(436, '1000408', 'Nombre', 'Apellido', 'default.png', '0414-0000408', '$2y$10$yK7eJNKgedGbUTtQJVMsneaG4pzTzM.B7oO.42pwWvLMRfwi2Vs4S', 'usuario1000408@cannibal.com', 9, 1, 1),
(437, '1000414', 'Nombre', 'Apellido', 'default.png', '0414-0000414', '$2y$10$LwLmo5m8ITy1k.omcqmbCOdowWQXMYd4tmXXDzcSDlBcZKck/88.i', 'usuario1000414@cannibal.com', 9, 1, 1),
(438, '1000415', 'Nombre', 'Apellido', 'default.png', '0414-0000415', '$2y$10$4vs7MPt8sxYqykb6IiY7Ueqw1n3OmxW.5mlw.MD9m4bfqoethCp.u', 'usuario1000415@cannibal.com', 9, 1, 1),
(439, '1000416', 'Nombre', 'Apellido', 'default.png', '0414-0000416', '$2y$10$oD2qvHlicMMqtfJKfmpgpOVEScAIGyb0RxGNwLQLMaHnpj1pplIom', 'usuario1000416@cannibal.com', 9, 1, 1),
(440, '1000411', 'Nombre', 'Apellido', 'default.png', '0414-0000411', '$2y$10$31OlgZtsVaCcIlLWN29/8.kZ5KPQLTdhHV..dG.SrU1xOpnpGWWyK', 'usuario1000411@cannibal.com', 9, 1, 1),
(441, '1000412', 'Nombre', 'Apellido', 'default.png', '0414-0000412', '$2y$10$033nwdgf1y5PgOOktJQOne/iXx5I2U.SW37xzMp2QybURpx27piP2', 'usuario1000412@cannibal.com', 9, 1, 1),
(442, '1000413', 'Nombre', 'Apellido', 'default.png', '0414-0000413', '$2y$10$LKX4Ql7JtkhjLmKdODyMt.6MAyWQMTBQYSC/KEQ6qeCu0gY2fdRp6', 'usuario1000413@cannibal.com', 9, 1, 1),
(443, '1000417', 'Nombre', 'Apellido', 'default.png', '0414-0000417', '$2y$10$RLTViuwnd9eSEW6ZP7S4ZefCbyoP63LShCFXS7f9mvqrbibvpTO1W', 'usuario1000417@cannibal.com', 9, 1, 1),
(444, '1000419', 'Nombre', 'Apellido', 'default.png', '0414-0000419', '$2y$10$w79cLEW3X6nxzLBu2LD6ceJekPugjfgal1QBFPz.dFtVzndcV5ePG', 'usuario1000419@cannibal.com', 9, 1, 1),
(445, '1000418', 'Nombre', 'Apellido', 'default.png', '0414-0000418', '$2y$10$ItOHn1ACkuPsFU0DoMH0D.B.7rTkybB07TjnPyJwpNzM84zONXsom', 'usuario1000418@cannibal.com', 9, 1, 1),
(446, '1000421', 'Nombre', 'Apellido', 'default.png', '0414-0000421', '$2y$10$M8LrV5Y17/Pni9p0ThXACuwatJa1KbeehSw/DNdgEeBS1dQqk99lC', 'usuario1000421@cannibal.com', 9, 1, 1),
(447, '1000422', 'Nombre', 'Apellido', 'default.png', '0414-0000422', '$2y$10$pfFtUeeUO4dvwyvxEmnM2OGrI5YvFbn0IODLAQh8nbgYb.2/q4WtK', 'usuario1000422@cannibal.com', 9, 1, 1),
(448, '1000423', 'Nombre', 'Apellido', 'default.png', '0414-0000423', '$2y$10$Pa/DF.ctT1ej/9TWdsKs2OMdBmUTEtLCyaiIbG4.wmrRsq09nXW5G', 'usuario1000423@cannibal.com', 9, 1, 1),
(449, '1000420', 'Nombre', 'Apellido', 'default.png', '0414-0000420', '$2y$10$AWCb3ayarMVBG.cWlJ.eI.Cx0cI9bJJRlRTFqs/utmXRLpumgZDQK', 'usuario1000420@cannibal.com', 9, 1, 1),
(450, '1000425', 'Nombre', 'Apellido', 'default.png', '0414-0000425', '$2y$10$aFBTSBxS.rbP4/nNHH74gebWTePICEKJ7nwxpIGnw5qNjwO48iBey', 'usuario1000425@cannibal.com', 9, 1, 1),
(451, '1000424', 'Nombre', 'Apellido', 'default.png', '0414-0000424', '$2y$10$xWmv6wJBKoE/gRkr5Kl9PO6JqtK8a4ez/FsE7Dj4HXS9e.6aCY06C', 'usuario1000424@cannibal.com', 9, 1, 1),
(452, '1000426', 'Nombre', 'Apellido', 'default.png', '0414-0000426', '$2y$10$U/lC2LKp.9c63ETLjf/8GO/D2QLCt8X9aQoRGcdKtL8xCjG7r3x.y', 'usuario1000426@cannibal.com', 9, 1, 1),
(453, '1000428', 'Nombre', 'Apellido', 'default.png', '0414-0000428', '$2y$10$.TgwSwxpp.8ikPFqnBMopOlWnKTD3KD7Kyg9wGyiLJ0d8TkRfb/6u', 'usuario1000428@cannibal.com', 9, 1, 1),
(454, '1000427', 'Nombre', 'Apellido', 'default.png', '0414-0000427', '$2y$10$iGD83fJf4nvc8izq4eZgMeZcmk6osxTu4IdTsyCM2NQCdhBwVAJbS', 'usuario1000427@cannibal.com', 9, 1, 1),
(455, '1000430', 'Nombre', 'Apellido', 'default.png', '0414-0000430', '$2y$10$6tnUdawbaCrteJfHLmwyiO/6p/D7ttBOtCklKyzRkOuL3S25oWDiy', 'usuario1000430@cannibal.com', 9, 1, 1),
(456, '1000432', 'Nombre', 'Apellido', 'default.png', '0414-0000432', '$2y$10$gF3hLHKez/BlgiLslCwpH.w8aKvoOUhEyuyhWOJHvD0LOvVjnApqC', 'usuario1000432@cannibal.com', 9, 1, 1),
(457, '1000431', 'Nombre', 'Apellido', 'default.png', '0414-0000431', '$2y$10$qhpgJq40QDq4XOpehT1Koe5FjyFoQLFs8o2Qyoz18qsn0969bA7/.', 'usuario1000431@cannibal.com', 9, 1, 1),
(458, '1000429', 'Nombre', 'Apellido', 'default.png', '0414-0000429', '$2y$10$e6XsjXBWgNMuwXcNDwR4C.68mqz.Jqsrrm5sFwbqraL5xmR6C7duS', 'usuario1000429@cannibal.com', 9, 1, 1),
(459, '1000433', 'Nombre', 'Apellido', 'default.png', '0414-0000433', '$2y$10$MmjMGuvwpHNcCpKc7j4Z0elBLk9qKB0YxupR6X82uQEyKYoPthatK', 'usuario1000433@cannibal.com', 9, 1, 1),
(460, '1000435', 'Nombre', 'Apellido', 'default.png', '0414-0000435', '$2y$10$z5KgCmou4HT0Vvevw.sByuUs2EY4LXTxXHY5G0TLpO9gO9YaN/HLa', 'usuario1000435@cannibal.com', 9, 1, 1),
(461, '1000434', 'Nombre', 'Apellido', 'default.png', '0414-0000434', '$2y$10$VRGJcpuI7rnza2ThlZIqF.CGC5N3/MZeHsrFIQp.oKaikSuJcVaTC', 'usuario1000434@cannibal.com', 9, 1, 1),
(462, '1000436', 'Nombre', 'Apellido', 'default.png', '0414-0000436', '$2y$10$mazPH3OU6T29J/lz463IC.iZme6GlWDVfaTkLtikT9x/TC5r4GVPK', 'usuario1000436@cannibal.com', 9, 1, 1),
(463, '1000437', 'Nombre', 'Apellido', 'default.png', '0414-0000437', '$2y$10$EN8j77B0UN21fBR1F2HGVuxyiesO9XzTDVm0DoCjWHViDnrmWV5J2', 'usuario1000437@cannibal.com', 9, 1, 1),
(464, '1000439', 'Nombre', 'Apellido', 'default.png', '0414-0000439', '$2y$10$Fnum4/iHQLZZK7WgQGe16eJmUhTRf9b9fiS2teeKuIfUoMvPV3JuS', 'usuario1000439@cannibal.com', 9, 1, 1),
(465, '1000440', 'Nombre', 'Apellido', 'default.png', '0414-0000440', '$2y$10$mmBOOYGbGAua6BIIECWv1uvLmftBtXqjdz8l2Oc9M.s8Xu/i3VYAe', 'usuario1000440@cannibal.com', 9, 1, 1),
(466, '1000442', 'Nombre', 'Apellido', 'default.png', '0414-0000442', '$2y$10$Sm50wunW8wq3uDGZ8u6GD.N3UiDl8kYcFeTtg7FQN/CU8ZIcwuODK', 'usuario1000442@cannibal.com', 9, 1, 1),
(467, '1000438', 'Nombre', 'Apellido', 'default.png', '0414-0000438', '$2y$10$GDEvajjcgA/Trl/0KBfbSuHLCIJC.fW/13VT.eOkXJ2lMGWZ7gNai', 'usuario1000438@cannibal.com', 9, 1, 1),
(468, '1000441', 'Nombre', 'Apellido', 'default.png', '0414-0000441', '$2y$10$M1jVUrNQMM.15jW3rONgn.Iz5tV8enROXHARBaV6zA63T5P6BqRGG', 'usuario1000441@cannibal.com', 9, 1, 1),
(469, '1000443', 'Nombre', 'Apellido', 'default.png', '0414-0000443', '$2y$10$VmLcEU/wftkclfTcKE0Mnekx6ttguuvgXzL3ARTOkt517TTlJuAGe', 'usuario1000443@cannibal.com', 9, 1, 1),
(470, '1000444', 'Nombre', 'Apellido', 'default.png', '0414-0000444', '$2y$10$08mevsfkoHaNoez5/afeHuSWnaLwgsiWFkHgD90J6QqyTi9Q7zPWa', 'usuario1000444@cannibal.com', 9, 1, 1),
(471, '1000446', 'Nombre', 'Apellido', 'default.png', '0414-0000446', '$2y$10$5mwF7y5fLZxvuv66c7zXh.bRm6lOxgih7olhwuJ.f2y4Sln2kK9Qe', 'usuario1000446@cannibal.com', 9, 1, 1),
(472, '1000448', 'Nombre', 'Apellido', 'default.png', '0414-0000448', '$2y$10$ohe1G6Dt5LrhNgJbLGSFbeA7lgmhagJn6QA02XAcoah5QVNP5UmQ.', 'usuario1000448@cannibal.com', 9, 1, 1),
(473, '1000445', 'Nombre', 'Apellido', 'default.png', '0414-0000445', '$2y$10$jmVj2YBzzalwtMXlT3sXNu2Z7w5SmqlxRRgbUbpQ69dnQUMR6WZJy', 'usuario1000445@cannibal.com', 9, 1, 1),
(474, '1000447', 'Nombre', 'Apellido', 'default.png', '0414-0000447', '$2y$10$KgoRWyx1Nmc9dcOH9UK1eOAXGYR3sUrcDVG82swaQQohG/utU3XlC', 'usuario1000447@cannibal.com', 9, 1, 1),
(475, '1000449', 'Nombre', 'Apellido', 'default.png', '0414-0000449', '$2y$10$tWCj.lhpXu6VJwt8aM4r2.NlWzGpwhdDz8cI7AODdcTjKP4ljbdsW', 'usuario1000449@cannibal.com', 9, 1, 1),
(476, '1000450', 'Nombre', 'Apellido', 'default.png', '0414-0000450', '$2y$10$uClNiakHICzrYuUq/Jv19O6Q1Yhv6SRSozKHWMDo2EDk5QBMjnSrm', 'usuario1000450@cannibal.com', 9, 1, 1),
(477, '1000451', 'Nombre', 'Apellido', 'default.png', '0414-0000451', '$2y$10$cTisCBl.ghcFe5wXyRak..B2WZzAbUeL5Lvqizjs/gB2NDltvLRZa', 'usuario1000451@cannibal.com', 9, 1, 1),
(478, '1000452', 'Nombre', 'Apellido', 'default.png', '0414-0000452', '$2y$10$JwIViiD0MPffYFYxpoA07.d5aZnoiu9dFBgnaS2sCG8clmrhKlQA2', 'usuario1000452@cannibal.com', 9, 1, 1),
(479, '1000455', 'Nombre', 'Apellido', 'default.png', '0414-0000455', '$2y$10$PpmcQnpd7koTlMkqUkCmbuwunhe1IxTOumeb88Cg95nVBeCFi7Hna', 'usuario1000455@cannibal.com', 9, 1, 1),
(480, '1000453', 'Nombre', 'Apellido', 'default.png', '0414-0000453', '$2y$10$iJhJRFBOjX6X9s4J60PPgudBwWpAxbuRE5MXpMJl6v9a.sFDtFtxm', 'usuario1000453@cannibal.com', 9, 1, 1),
(481, '1000456', 'Nombre', 'Apellido', 'default.png', '0414-0000456', '$2y$10$d8BQivqS8C5fn9YYb3hjqORoszhKuuBpGWs7KruEq2vUrna68I9aO', 'usuario1000456@cannibal.com', 9, 1, 1),
(482, '1000459', 'Nombre', 'Apellido', 'default.png', '0414-0000459', '$2y$10$0j8d0RrGCFDJ8UqCoRQeTeiDn2ouoKl2sA4Kj0SXRkRzi//FwKIGy', 'usuario1000459@cannibal.com', 9, 1, 1),
(483, '1000454', 'Nombre', 'Apellido', 'default.png', '0414-0000454', '$2y$10$xxopZDTntt549efhTpFtQurSgHnU7QjbtIfFeBK/v6PRKQ2GmwQvO', 'usuario1000454@cannibal.com', 9, 1, 1),
(484, '1000460', 'Nombre', 'Apellido', 'default.png', '0414-0000460', '$2y$10$v49WCTWHBZEShWGkN6DxS.VDYT7yAm57g.CIX2QSYpPgrBqckTR.2', 'usuario1000460@cannibal.com', 9, 1, 1),
(485, '1000457', 'Nombre', 'Apellido', 'default.png', '0414-0000457', '$2y$10$oa4AqRshW6RU86O4XI0OvO7qzg7.lNLdI25BmOg2nr.8uNGvcR6he', 'usuario1000457@cannibal.com', 9, 1, 1),
(486, '1000458', 'Nombre', 'Apellido', 'default.png', '0414-0000458', '$2y$10$T1AWPAu329W5wgZA63DNLeHMNdrv7D2QcIA/0c3/Zs5MEsoz91AP.', 'usuario1000458@cannibal.com', 9, 1, 1),
(487, '1000461', 'Nombre', 'Apellido', 'default.png', '0414-0000461', '$2y$10$UpRMzaVwwDTGCg46acdAGuiImh7ucCTgEVux5Pjl9YHWVPNWrbWcm', 'usuario1000461@cannibal.com', 9, 1, 1),
(488, '1000463', 'Nombre', 'Apellido', 'default.png', '0414-0000463', '$2y$10$ePe13UEkGp18B.GjRk13ku3TeyOdOpytOf4oEnpd5a8TZkYEOXWku', 'usuario1000463@cannibal.com', 9, 1, 1),
(489, '1000466', 'Nombre', 'Apellido', 'default.png', '0414-0000466', '$2y$10$V/KD7sPAZ4jitwp53QawkeGBs4rLVDK5kyDqwFhqqEtPA27rNKs.W', 'usuario1000466@cannibal.com', 9, 1, 1),
(490, '1000465', 'Nombre', 'Apellido', 'default.png', '0414-0000465', '$2y$10$RasGTi01GG1oLD3KW1Y72.l1kUG5X/dCtYMqKOp2H8dedVdzz1Sk2', 'usuario1000465@cannibal.com', 9, 1, 1),
(491, '1000462', 'Nombre', 'Apellido', 'default.png', '0414-0000462', '$2y$10$ftDoVK8X91NpY5EpBkEcYepBRbV9FflkGDUKO/Jvz.7a.5cSA6aD2', 'usuario1000462@cannibal.com', 9, 1, 1),
(492, '1000468', 'Nombre', 'Apellido', 'default.png', '0414-0000468', '$2y$10$mzFZ56IhHe5KhJq6Ea02l./O/cNRLJhFKWd9.jCpWFiHxr7sdnqrW', 'usuario1000468@cannibal.com', 9, 1, 1),
(493, '1000464', 'Nombre', 'Apellido', 'default.png', '0414-0000464', '$2y$10$t9BH.wKUFpL.2ZVs8cXKNO1DjIOwiEBJ5vqiuOyKqte7aCpIulSLO', 'usuario1000464@cannibal.com', 9, 1, 1),
(494, '1000467', 'Nombre', 'Apellido', 'default.png', '0414-0000467', '$2y$10$L.F9QfjLOPRj0Nw57Gi0WOuDKjROT.qtAzGCi7YCyGh80b2mQqoQu', 'usuario1000467@cannibal.com', 9, 1, 1),
(495, '1000469', 'Nombre', 'Apellido', 'default.png', '0414-0000469', '$2y$10$/fPzDUSVMlFRbrrgOx6QXudikyNR3R0pLulslW5ZBKktp5PWXcB9u', 'usuario1000469@cannibal.com', 9, 1, 1),
(496, '1000470', 'Nombre', 'Apellido', 'default.png', '0414-0000470', '$2y$10$k8jxuFWMeAhRwQ.U8pvPUe4f5W1QfbMKrNXS.P8MBuBa0dXLDQKRq', 'usuario1000470@cannibal.com', 9, 1, 1),
(497, '1000472', 'Nombre', 'Apellido', 'default.png', '0414-0000472', '$2y$10$G1xyen70b8h0dSlHgbnDpuBi.Tk3o6GcoVA6dSOxH7KncratAPozK', 'usuario1000472@cannibal.com', 9, 1, 1),
(498, '1000473', 'Nombre', 'Apellido', 'default.png', '0414-0000473', '$2y$10$cm2cSK/w9J/X2iqszEkh1.RxAC19CbsyTs1WG7iXNTPFgsYE2u0Pm', 'usuario1000473@cannibal.com', 9, 1, 1),
(499, '1000474', 'Nombre', 'Apellido', 'default.png', '0414-0000474', '$2y$10$I4oK6RB60Eapy4SY0SCOYOLSDWnpUotE61jITihjIDbAbD3H1xymC', 'usuario1000474@cannibal.com', 9, 1, 1),
(500, '1000471', 'Nombre', 'Apellido', 'default.png', '0414-0000471', '$2y$10$7CY17Yrkoob/AsM74JstL.CKw0OQZY2Acg7OXnRs/u5I/DqDcFJTu', 'usuario1000471@cannibal.com', 9, 1, 1),
(501, '1000476', 'Nombre', 'Apellido', 'default.png', '0414-0000476', '$2y$10$83GDMhPrtsh/2gv7Ul1RMu3lCRAS/9kyd2RwXhf98JKPs7kQKtuVC', 'usuario1000476@cannibal.com', 9, 1, 1),
(502, '1000475', 'Nombre', 'Apellido', 'default.png', '0414-0000475', '$2y$10$CmmUYW7qMIZUAi1OYDgV9O145VQtlvJekZw1Osx8Sk25bolBJOCSK', 'usuario1000475@cannibal.com', 9, 1, 1),
(503, '1000477', 'Nombre', 'Apellido', 'default.png', '0414-0000477', '$2y$10$3u5Sri5rjuQFCivsOv1ctOCvlARTE8yoQHExAJgLDVslagkSQ/f1u', 'usuario1000477@cannibal.com', 9, 1, 1),
(504, '1000478', 'Nombre', 'Apellido', 'default.png', '0414-0000478', '$2y$10$c3H0wdOxVffgpDAIqPtc0ehdlPB8WvtGlj9Guzi9oDXFmatNrtU3.', 'usuario1000478@cannibal.com', 9, 1, 1),
(505, '1000481', 'Nombre', 'Apellido', 'default.png', '0414-0000481', '$2y$10$ukD6MkoymG7tnJRWR8Tggu6p/fE8KG2Tk6sIgDWqqoXepvGFhufo2', 'usuario1000481@cannibal.com', 9, 1, 1),
(506, '1000480', 'Nombre', 'Apellido', 'default.png', '0414-0000480', '$2y$10$5z.QUXWPBFRqYOpEuUIIjux9lVyBkHnfhwfwM0oY5jD/i4XoF/9eO', 'usuario1000480@cannibal.com', 9, 1, 1),
(507, '1000479', 'Nombre', 'Apellido', 'default.png', '0414-0000479', '$2y$10$JxtxAiCJ0flMF77evUdgB.jlO/zjuqhujqhZS1u3hJFCc5DKJgdwG', 'usuario1000479@cannibal.com', 9, 1, 1),
(508, '1000482', 'Nombre', 'Apellido', 'default.png', '0414-0000482', '$2y$10$PDWmOmzvK0ijB6ZcUGS0Aen97zAo/ZVIPcaOgV4ydZoL6MYjjon3a', 'usuario1000482@cannibal.com', 9, 1, 1),
(509, '1000483', 'Nombre', 'Apellido', 'default.png', '0414-0000483', '$2y$10$d4OFVDH47l7k3mi0HPVm2eTKukD/Lcne./fWfWdsaaVQoNafaKO9C', 'usuario1000483@cannibal.com', 9, 1, 1),
(510, '1000485', 'Nombre', 'Apellido', 'default.png', '0414-0000485', '$2y$10$3uLcvOpIEtFfZRKHeZKrsOP9lK87yr5JsH5NFgdOUhHVJWDNkc1wG', 'usuario1000485@cannibal.com', 9, 1, 1),
(511, '1000484', 'Nombre', 'Apellido', 'default.png', '0414-0000484', '$2y$10$XbHWHH308pLKk.j/4urTautoFF43ozwrBv8W6HYxIUhkmrwEK7FdG', 'usuario1000484@cannibal.com', 9, 1, 1),
(512, '1000486', 'Nombre', 'Apellido', 'default.png', '0414-0000486', '$2y$10$cOqIpodu3embfUZCp1P.Aeec.UcRYv0uzWesenoOBguKew5saiJMu', 'usuario1000486@cannibal.com', 9, 1, 1),
(513, '1000487', 'Nombre', 'Apellido', 'default.png', '0414-0000487', '$2y$10$jS3aINzMpFsJsf7HSQfG/.gyLj5EDhSLV.e95lURRrt4M0jETcaRm', 'usuario1000487@cannibal.com', 9, 1, 1),
(514, '1000489', 'Nombre', 'Apellido', 'default.png', '0414-0000489', '$2y$10$KtnJPX7LKM.HjhaZtOp5CuVVzXn0.8Hs2nwjvNbmHLIBi6XOu64pC', 'usuario1000489@cannibal.com', 9, 1, 1),
(515, '1000492', 'Nombre', 'Apellido', 'default.png', '0414-0000492', '$2y$10$8/uIGarNnpDd/EFdbSBGo.S1ZarOgv3lKamJQxDZz290uAPzN5lR6', 'usuario1000492@cannibal.com', 9, 1, 1),
(516, '1000493', 'Nombre', 'Apellido', 'default.png', '0414-0000493', '$2y$10$jfbLRAKRLXRGb5iG8tJVkO4.6zn2aMtw3Fxygk51P1HTlO.dykEsa', 'usuario1000493@cannibal.com', 9, 1, 1),
(517, '1000488', 'Nombre', 'Apellido', 'default.png', '0414-0000488', '$2y$10$Ap61KQcLDYeODmlqNq5CmuuC/cu5dCarWouqRjUF6b7z9mwdyv4F.', 'usuario1000488@cannibal.com', 9, 1, 1),
(518, '1000490', 'Nombre', 'Apellido', 'default.png', '0414-0000490', '$2y$10$bq8VfjzXtqVldwvowwB6YuUpN8WHwGsTuMPJDaHJkfc6MPGeWUQLi', 'usuario1000490@cannibal.com', 9, 1, 1),
(519, '1000491', 'Nombre', 'Apellido', 'default.png', '0414-0000491', '$2y$10$ihqQo.NLUBPEnal0vOTKa.7Y9u.IGaFO7evz1Xu7uMflezyHQ..EC', 'usuario1000491@cannibal.com', 9, 1, 1),
(520, '1000494', 'Nombre', 'Apellido', 'default.png', '0414-0000494', '$2y$10$/szgEIXunIzuffx6wpLhvOVUu0n.Y6Pmqcaj3dH17XQ6F.lmIlRpq', 'usuario1000494@cannibal.com', 9, 1, 1),
(521, '1000495', 'Nombre', 'Apellido', 'default.png', '0414-0000495', '$2y$10$SgOueecKnbEWC0YmqLerT.F9kBi/zwCf28ylx8ZCKh5xMYaia3Q.K', 'usuario1000495@cannibal.com', 9, 1, 1),
(522, '1000496', 'Nombre', 'Apellido', 'default.png', '0414-0000496', '$2y$10$n0HONIwrQV.pPhOhERFIa.SEqqrBUkcS2rlG7aBWn6.OVSEtDtH12', 'usuario1000496@cannibal.com', 9, 1, 1),
(523, '1000497', 'Nombre', 'Apellido', 'default.png', '0414-0000497', '$2y$10$gZxlv/FkuvtIXTk3.6kuve53PedOnz7l7h58E5b6AE6cVp5r2BVU2', 'usuario1000497@cannibal.com', 9, 1, 1),
(524, '1000499', 'Nombre', 'Apellido', 'default.png', '0414-0000499', '$2y$10$hfZ7pm51tf.LRVDbWUI73efbu67lup3toqrCdMShQ0SOmthB9Dy56', 'usuario1000499@cannibal.com', 9, 1, 1),
(525, '1000500', 'Nombre', 'Apellido', 'default.png', '0414-0000500', '$2y$10$UjL24CmXnxLdQs6nesgQAubLNG1lGpRTqPMNLtcNZyhm8cmFapji2', 'usuario1000500@cannibal.com', 9, 1, 1),
(526, '1000498', 'Nombre', 'Apellido', 'default.png', '0414-0000498', '$2y$10$2nbiGXpVpg4l0r73e/vNn.cx1ODDpblXJmKlV.PTM/OQGtH3mdHN.', 'usuario1000498@cannibal.com', 9, 1, 1),
(527, '1000504', 'Nombre', 'Apellido', 'default.png', '0414-0000504', '$2y$10$gJUyytiZltPJptUqwJHIpeQh4.jqdYg7ac3aGsQZ2tbsZChHLOTz6', 'usuario1000504@cannibal.com', 9, 1, 1),
(529, '1000502', 'Nombre', 'Apellido', 'default.png', '0414-0000502', '$2y$10$FUQ0HzzKuPCiZsoFBsWktuclRe4IUGADQqjHtVWca8l3SCSqb69xa', 'usuario1000502@cannibal.com', 9, 1, 1),
(530, '1000503', 'Nombre', 'Apellido', 'default.png', '0414-0000503', '$2y$10$LAMjJsIdY8SUuVG7xpfsiuqGYBAqELuCGVdxcaP/llfrDMQ8PasOi', 'usuario1000503@cannibal.com', 9, 1, 1),
(531, '1000505', 'Nombre', 'Apellido', 'default.png', '0414-0000505', '$2y$10$cNqOUaFhoLR8puYeSa7wYe2R9nltgHRfOC6HtOdPH24ALQ9JxuuRq', 'usuario1000505@cannibal.com', 9, 1, 1),
(532, '1000507', 'Nombre', 'Apellido', 'default.png', '0414-0000507', '$2y$10$W21jW6fxaYikbjSUXkkX4OiDBuB.NXNrNMTpj/j1rYs05wI6ixJH2', 'usuario1000507@cannibal.com', 9, 1, 1),
(533, '1000508', 'Nombre', 'Apellido', 'default.png', '0414-0000508', '$2y$10$kTqZC0N4kUvb6cf189kA6us7aXbYqn2OckT52Ao9Tvy43VF5xMXUu', 'usuario1000508@cannibal.com', 9, 1, 1),
(534, '1000509', 'Nombre', 'Apellido', 'default.png', '0414-0000509', '$2y$10$ykoJFeXgJUcZa5XnczV08eABf/Yim8YOd/qUIgfr0aBb.OqMNZgGi', 'usuario1000509@cannibal.com', 9, 1, 1),
(535, '1000506', 'Nombre', 'Apellido', 'default.png', '0414-0000506', '$2y$10$L4Z/a0A6pse5igbxB0T3nOP0vx1HAmsXk5QR2zBE/YcGa9HcStVrG', 'usuario1000506@cannibal.com', 9, 1, 1),
(536, '1000510', 'Nombre', 'Apellido', 'default.png', '0414-0000510', '$2y$10$vBHHIIzhRwK7rhxTQPxhF.QyuLuY.st7bVMNwLtEVNi0sLMPxDTpK', 'usuario1000510@cannibal.com', 9, 1, 1),
(537, '1000511', 'Nombre', 'Apellido', 'default.png', '0414-0000511', '$2y$10$3zg8Igf2Cf1pgwTPWeyKqeSfmsTa0WrATG7n.cM9ln2W26BS/L5WS', 'usuario1000511@cannibal.com', 9, 1, 1),
(538, '1000513', 'Nombre', 'Apellido', 'default.png', '0414-0000513', '$2y$10$hNV1EHMvaoXaXJ8cf7KRsOwJV8azCDK7vMkGmPQ48vEsAB/i1fN22', 'usuario1000513@cannibal.com', 9, 1, 1),
(539, '1000512', 'Nombre', 'Apellido', 'default.png', '0414-0000512', '$2y$10$xkp3em3Xy7qhY.ig5dRwZODYBF.W7tKQ.rVrQyfN6I/bW9ZBa8Oma', 'usuario1000512@cannibal.com', 9, 1, 1),
(540, '1000514', 'Nombre', 'Apellido', 'default.png', '0414-0000514', '$2y$10$gsYsHcqazvXFYwajUMMQ/.Sp2tMXii9/p4EnbQn6FnGsNcAav9KsO', 'usuario1000514@cannibal.com', 9, 1, 1),
(541, '1000516', 'Nombre', 'Apellido', 'default.png', '0414-0000516', '$2y$10$9ISX9gH3uul3DrgDGzvDTuoV2kLE0OeM2f7dVJj.YjFMpNkbcVUBm', 'usuario1000516@cannibal.com', 9, 1, 1),
(542, '1000517', 'Nombre', 'Apellido', 'default.png', '0414-0000517', '$2y$10$0cpPAkQlQ9dXZp8RPiAbwOHqf4hbJFQSxI4yXUDrpDspqnCZg4Bci', 'usuario1000517@cannibal.com', 9, 1, 1),
(543, '1000518', 'Nombre', 'Apellido', 'default.png', '0414-0000518', '$2y$10$yktpVb4Io3SzxMPNWT3YA.yyDPzMxyW7E57PqnyvasEI9j7ly2qFS', 'usuario1000518@cannibal.com', 9, 1, 1),
(544, '1000515', 'Nombre', 'Apellido', 'default.png', '0414-0000515', '$2y$10$ijZuOzLYNrJJ.agVcuaffeLDlOi6kutmG9kc3HD0MMymGymBfhAfS', 'usuario1000515@cannibal.com', 9, 1, 1),
(545, '1000520', 'Nombre', 'Apellido', 'default.png', '0414-0000520', '$2y$10$OGL38htwiPCKdM9DmW8boeR/q1eTm8.NOG5.5y5GmmmNfdP.c/xRS', 'usuario1000520@cannibal.com', 9, 1, 1),
(546, '1000519', 'Nombre', 'Apellido', 'default.png', '0414-0000519', '$2y$10$R6gbnrF6jX89hNz6OI6u7eBiszwz3UwZc77abHWwTTBIRCUOe1UOa', 'usuario1000519@cannibal.com', 9, 1, 1),
(547, '1000521', 'Nombre', 'Apellido', 'default.png', '0414-0000521', '$2y$10$FXPobadmN0GSnyo5fgbpL.LQtFM46/DWgU5x.dnKpL9Me9k/dGrbS', 'usuario1000521@cannibal.com', 9, 1, 1),
(548, '1000522', 'Nombre', 'Apellido', 'default.png', '0414-0000522', '$2y$10$R4Rg09g0p7Fz5Y7lZl4xpe/aF7LtZmLWOHtOzd3CzMH953jh3cpXW', 'usuario1000522@cannibal.com', 9, 1, 1),
(549, '1000525', 'Nombre', 'Apellido', 'default.png', '0414-0000525', '$2y$10$.gsHY.tPOBbl8H38EbC1KuZ2EUYze5gxk6OgsMC35y2TpBeTn1qWO', 'usuario1000525@cannibal.com', 9, 1, 1),
(550, '1000523', 'Nombre', 'Apellido', 'default.png', '0414-0000523', '$2y$10$5SyeLU7dG9x8PhacmJuj6.fq0fwaefZxCUxRBh0xFmGfR8fKW4FE2', 'usuario1000523@cannibal.com', 9, 1, 1),
(551, '1000526', 'Nombre', 'Apellido', 'default.png', '0414-0000526', '$2y$10$MYUPcvalRN.KQXjNC5c5leAbZsAqrsaxh7p3A5oYpMnWMM.lSPvjW', 'usuario1000526@cannibal.com', 9, 1, 1),
(552, '1000524', 'Nombre', 'Apellido', 'default.png', '0414-0000524', '$2y$10$5ENq3oLaLVxcRr/4BHGoP.TP0Oha2xNM7jsGFRoLgtLnTUQcALN2a', 'usuario1000524@cannibal.com', 9, 1, 1),
(553, '1000528', 'Nombre', 'Apellido', 'default.png', '0414-0000528', '$2y$10$s05KHWqBrptdg8T6gyfU6.OnpzAXf18Vqhq.P0xI7wBcUbpZKrNCu', 'usuario1000528@cannibal.com', 9, 1, 1),
(554, '1000527', 'Nombre', 'Apellido', 'default.png', '0414-0000527', '$2y$10$SMmuNTjlKOguN01RMEHCtu65nWtqXdmvJyeiWVAOUw8FjH7WeLBZa', 'usuario1000527@cannibal.com', 9, 1, 1),
(555, '1000529', 'Nombre', 'Apellido', 'default.png', '0414-0000529', '$2y$10$sII/omjTZ2g3m9h6gTO4sOOxtbiajlmaUoZr7SUjHeSSopYcXGyfe', 'usuario1000529@cannibal.com', 9, 1, 1),
(556, '1000530', 'Nombre', 'Apellido', 'default.png', '0414-0000530', '$2y$10$l07HseFPP8x1Wabwporri.Q7Tr.JUaW.kueG7j8NGpmioQe2VPona', 'usuario1000530@cannibal.com', 9, 1, 1),
(557, '1000531', 'Nombre', 'Apellido', 'default.png', '0414-0000531', '$2y$10$6L9hebMSZ4GPyAygb4.2ieKD4FrGCHxeZp1nTJh2nrgbrSIX15zge', 'usuario1000531@cannibal.com', 9, 1, 1),
(558, '1000533', 'Nombre', 'Apellido', 'default.png', '0414-0000533', '$2y$10$Wjo79HM9JxEdHr/0B9sI/OhorrvZ4AJIGVR4jSByrC7Ot.KsRVT/u', 'usuario1000533@cannibal.com', 9, 1, 1),
(559, '1000532', 'Nombre', 'Apellido', 'default.png', '0414-0000532', '$2y$10$UotYrUMhnl7KAx/.45xBXeQm4WYumUGJ19LlLDnkBBcMZgoBiXIsC', 'usuario1000532@cannibal.com', 9, 1, 1),
(560, '1000535', 'Nombre', 'Apellido', 'default.png', '0414-0000535', '$2y$10$lHNeHI30t2Zc49qS/Dex0O.S5RCGpFSwnzkLSDht/4aB/IGORIYnW', 'usuario1000535@cannibal.com', 9, 1, 1),
(561, '1000534', 'Nombre', 'Apellido', 'default.png', '0414-0000534', '$2y$10$O5GLihVAOZCWGUhCxkbqTuocvn6/f3CrtCwJRzK1kEqjTTbfvRKAW', 'usuario1000534@cannibal.com', 9, 1, 1),
(562, '1000537', 'Nombre', 'Apellido', 'default.png', '0414-0000537', '$2y$10$exurZoysvQCF8En3cNIO..Ur2RZOhB6oTuUYUIPVBSjvt0mXghulG', 'usuario1000537@cannibal.com', 9, 1, 1),
(563, '1000536', 'Nombre', 'Apellido', 'default.png', '0414-0000536', '$2y$10$GslzabtzTX0Z/CX0jX1jrO1YFQBLlMkKyzMESlrFcSkv8eeRzMXuu', 'usuario1000536@cannibal.com', 9, 1, 1),
(564, '1000539', 'Nombre', 'Apellido', 'default.png', '0414-0000539', '$2y$10$6HKIjWIv1hfTButheh.HRukzu7pMQGeevwsB.PH3.haKBneMdOE4i', 'usuario1000539@cannibal.com', 9, 1, 1),
(565, '1000538', 'Nombre', 'Apellido', 'default.png', '0414-0000538', '$2y$10$HErOoJu1LspDDWsX0A6ydO/ZrpceFVWGTTJ2SQ02ArDc1GT9ej7tC', 'usuario1000538@cannibal.com', 9, 1, 1),
(566, '1000542', 'Nombre', 'Apellido', 'default.png', '0414-0000542', '$2y$10$og971CfRpnbqa/V2Vc/JQ.8V4Afi8RNxU7xEjphbUTj5I5gJ7VPeu', 'usuario1000542@cannibal.com', 9, 1, 1),
(567, '1000540', 'Nombre', 'Apellido', 'default.png', '0414-0000540', '$2y$10$DptHRreqheqk5ouvFKnJieoJr4pZfQKx2UHQYWGCYRw1LvNFFUiAO', 'usuario1000540@cannibal.com', 9, 1, 1),
(568, '1000541', 'Nombre', 'Apellido', 'default.png', '0414-0000541', '$2y$10$tNM7PcmjYGPxpingW5FzyeyWbpyZksx02ktR9nGNzCgbEKmetnN9m', 'usuario1000541@cannibal.com', 9, 1, 1),
(569, '1000544', 'Nombre', 'Apellido', 'default.png', '0414-0000544', '$2y$10$lVu/SENb3FUYOcOLTjicruyhdaOlLIiIZNnMl7DdUdZe/85XitX/6', 'usuario1000544@cannibal.com', 9, 1, 1),
(570, '1000543', 'Nombre', 'Apellido', 'default.png', '0414-0000543', '$2y$10$gOwxiLO27UOytM9wvMer2uAHysC4QPVpFpR1s.86h9WYlrCkKtjAq', 'usuario1000543@cannibal.com', 9, 1, 1),
(571, '1000546', 'Nombre', 'Apellido', 'default.png', '0414-0000546', '$2y$10$w4vYn0Sm0BG3yWP4/CjLdurQDnVzHJkbUfCVEIUrMp0r55yszx472', 'usuario1000546@cannibal.com', 9, 1, 1),
(572, '1000548', 'Nombre', 'Apellido', 'default.png', '0414-0000548', '$2y$10$PzYVA22FLCAQVzF1XPAYFebh6Tqn9GPtdTz96GxShNk0Kx.Ux8JnO', 'usuario1000548@cannibal.com', 9, 1, 1),
(573, '1000545', 'Nombre', 'Apellido', 'default.png', '0414-0000545', '$2y$10$A1nr9Kty1FrpTO4.mFXUg.7YBHlEzGSG00tynqIiZSg4mS54bMUYa', 'usuario1000545@cannibal.com', 9, 1, 1),
(574, '1000547', 'Nombre', 'Apellido', 'default.png', '0414-0000547', '$2y$10$HqJVE2x.wjSAhKC5sUbalu2MD6zUrV0T2SAwQztq5W4GRHfxGTE8a', 'usuario1000547@cannibal.com', 9, 1, 1),
(575, '1000549', 'Nombre', 'Apellido', 'default.png', '0414-0000549', '$2y$10$8kPttqFygQzPEEqjJuPKH.a6WFjoB5xUmLLXIqf3E0SVAxCEibQE2', 'usuario1000549@cannibal.com', 9, 1, 1),
(576, '1000550', 'Nombre', 'Apellido', 'default.png', '0414-0000550', '$2y$10$CFKFOlI5bdx6p7jl5xIvxegHuNZnMhMmmjONvbZFkimRSMQF3214C', 'usuario1000550@cannibal.com', 9, 1, 1),
(577, '1000551', 'Nombre', 'Apellido', 'default.png', '0414-0000551', '$2y$10$xdFbCuov7NKqWrY3ocE8J..HHzpTkg6yYq804MQW5QS9v/oYiAh3W', 'usuario1000551@cannibal.com', 9, 1, 1),
(578, '1000553', 'Nombre', 'Apellido', 'default.png', '0414-0000553', '$2y$10$IknpqJ6CzuxRlGbYK/19d./D7YpzNzffqPeFOjg9SBfJizvEnLaZO', 'usuario1000553@cannibal.com', 9, 1, 1),
(579, '1000552', 'Nombre', 'Apellido', 'default.png', '0414-0000552', '$2y$10$FhN4k/tXD/2g/mow1eHpvef.HOZf2Esnd98YaK8oNKzX2IxO4dcyW', 'usuario1000552@cannibal.com', 9, 1, 1),
(580, '1000556', 'Nombre', 'Apellido', 'default.png', '0414-0000556', '$2y$10$RkZ2uCdWqNeR7A3vm36aUeNQqPCt6oT/G/CTbdmct5jqi3WjcIOnG', 'usuario1000556@cannibal.com', 9, 1, 1),
(581, '1000555', 'Nombre', 'Apellido', 'default.png', '0414-0000555', '$2y$10$5DjeRn1p/.QyzBTPWJkrBuVlg2bT6S1DKhWBJV28nfT10KO5w1A5W', 'usuario1000555@cannibal.com', 9, 1, 1),
(582, '1000554', 'Nombre', 'Apellido', 'default.png', '0414-0000554', '$2y$10$VFe/zC8xuU/VUqtoDOzUeObhW1qfU32J1Miuql/ySbQL.W1Bot40q', 'usuario1000554@cannibal.com', 9, 1, 1),
(583, '1000557', 'Nombre', 'Apellido', 'default.png', '0414-0000557', '$2y$10$xLZzlW7SzZmbaop2xLIR2OICdingWxOAlr8N4pOjhmnTcHEbpBXCu', 'usuario1000557@cannibal.com', 9, 1, 1),
(584, '1000558', 'Nombre', 'Apellido', 'default.png', '0414-0000558', '$2y$10$LEkzBgmrNdeSmRXxVmlIwurrKLW2lhU1vFg3NUgMTIQP0JXST.w0C', 'usuario1000558@cannibal.com', 9, 1, 1),
(585, '1000560', 'Nombre', 'Apellido', 'default.png', '0414-0000560', '$2y$10$LooMC.UBSE/78us3iFN5WeNRJCjC9s.HDwuzKWjOuYfLZ8vVVzvTm', 'usuario1000560@cannibal.com', 9, 1, 1),
(586, '1000559', 'Nombre', 'Apellido', 'default.png', '0414-0000559', '$2y$10$2Z.BDfzlepYzRcshTu3ebOfcRegYNdjt06cqCmTcPyJ3uavDP/MhC', 'usuario1000559@cannibal.com', 9, 1, 1),
(587, '1000563', 'Nombre', 'Apellido', 'default.png', '0414-0000563', '$2y$10$076gdRj3O6.6XVHxNl5K2eBoBDFNg8iGC48aV1x60baOupyCoyLsK', 'usuario1000563@cannibal.com', 9, 1, 1),
(588, '1000564', 'Nombre', 'Apellido', 'default.png', '0414-0000564', '$2y$10$AAd/f0kbpwG/1jrAZ3Ky/eSAjZp5UYo.WnIp6AWXjgXcB1Nr7yPte', 'usuario1000564@cannibal.com', 9, 1, 1),
(589, '1000562', 'Nombre', 'Apellido', 'default.png', '0414-0000562', '$2y$10$PqUcA6yJ9gCWqbCmIoX4d.VH03olr/nsA7dm4C/Lp7tdcJUqBIl5G', 'usuario1000562@cannibal.com', 9, 1, 1),
(590, '1000565', 'Nombre', 'Apellido', 'default.png', '0414-0000565', '$2y$10$IOKJgV94LqZunY71qVa5beQ2FwbMl75F6oN9ZT3x10AT7Fm3Y55ba', 'usuario1000565@cannibal.com', 9, 1, 1),
(591, '1000561', 'Nombre', 'Apellido', 'default.png', '0414-0000561', '$2y$10$frQIhjtwMJtEweXgI3Oqn.cPEbjddoxwWRL1c2MRtN9ZJiyMlO6xm', 'usuario1000561@cannibal.com', 9, 1, 1),
(592, '1000566', 'Nombre', 'Apellido', 'default.png', '0414-0000566', '$2y$10$QND6/mutOKzhIotisASWPOTPMZHLcwqzG3CTiPlA210ZpEj8idHzu', 'usuario1000566@cannibal.com', 9, 1, 1),
(593, '1000569', 'Nombre', 'Apellido', 'default.png', '0414-0000569', '$2y$10$X0VUifu6TL7uvwK5/.UJHutYnKRqBEH7SxJOPzQGF3Z/PGImFA2Ae', 'usuario1000569@cannibal.com', 9, 1, 1),
(594, '1000567', 'Nombre', 'Apellido', 'default.png', '0414-0000567', '$2y$10$tBSEscPWUMCeBzxgu9m10.wln6lVPCW0YsY/gN2QOkmb5L7gL6nu2', 'usuario1000567@cannibal.com', 9, 1, 1),
(595, '1000568', 'Nombre', 'Apellido', 'default.png', '0414-0000568', '$2y$10$x/tlVltFA8akDZ1QQkkxbOEltEyagG4u107ITxXkZze0T75HviHkK', 'usuario1000568@cannibal.com', 9, 1, 1),
(596, '1000571', 'Nombre', 'Apellido', 'default.png', '0414-0000571', '$2y$10$xTemkgAID5vpXB46K8OKKeeiPU9xV3me3C4DsDe8enOuEyFMZNfGO', 'usuario1000571@cannibal.com', 9, 1, 1),
(597, '1000572', 'Nombre', 'Apellido', 'default.png', '0414-0000572', '$2y$10$h13XfEQgo2wLJMx.A2dBkO38sQa3CGA7gWkvzWGJwAjur.cD5Vb4W', 'usuario1000572@cannibal.com', 9, 1, 1),
(598, '1000574', 'Nombre', 'Apellido', 'default.png', '0414-0000574', '$2y$10$L7/6gNCUMK7VKXbZwM62HuZQOQ4t.S6QWzYx3oSKS9q05CWO8VQMa', 'usuario1000574@cannibal.com', 9, 1, 1),
(599, '1000570', 'Nombre', 'Apellido', 'default.png', '0414-0000570', '$2y$10$a5CUioafUqCSgF8PM96mu.7yx0eBBSKdLqBIcM2/GwaCSnnmA2JYe', 'usuario1000570@cannibal.com', 9, 1, 1),
(600, '1000573', 'Nombre', 'Apellido', 'default.png', '0414-0000573', '$2y$10$wqpQzK/BLIYEuM0gLSD6pOJBTVCv1J7iYDz3e1TmgsDG5eANbz0My', 'usuario1000573@cannibal.com', 9, 1, 1),
(601, '1000575', 'Nombre', 'Apellido', 'default.png', '0414-0000575', '$2y$10$7.BWbhWXVs27wQl5eNueAeA/ZG/sjbDlHuyij62qv4s8h0CmBNIxS', 'usuario1000575@cannibal.com', 9, 1, 1),
(602, '1000577', 'Nombre', 'Apellido', 'default.png', '0414-0000577', '$2y$10$1SzNIyurDbOtbUyyeLuHkOoYyKX5.hTPuC1vohhx/b35bCdYOsNtu', 'usuario1000577@cannibal.com', 9, 1, 1),
(603, '1000576', 'Nombre', 'Apellido', 'default.png', '0414-0000576', '$2y$10$WMxtnAZw/QN7Y0OeOlC1Y.Aq7v7EoL.BFS0HS.uzcu.TD8oC/QbVS', 'usuario1000576@cannibal.com', 9, 1, 1);
INSERT INTO `usuarios` (`idUsuario`, `cedulaUsuario`, `nombreUsuario`, `apellidoUsuario`, `foto`, `telefonoUsuario`, `contraseña`, `correo`, `id_rol`, `estatus`, `bloqueo`) VALUES
(604, '1000578', 'Nombre', 'Apellido', 'default.png', '0414-0000578', '$2y$10$5j/BAQYa1JckM3AEDv2fReymvt.qlLRwwLLOxHDfiP0c2LiyL.w5q', 'usuario1000578@cannibal.com', 9, 1, 1),
(605, '1000581', 'Nombre', 'Apellido', 'default.png', '0414-0000581', '$2y$10$zVqqjOi6hBa2S1gt1.ehNe6t8hmp1UEGqwpv9lbA3nJYgZGoAcQpW', 'usuario1000581@cannibal.com', 9, 1, 1),
(607, '1000580', 'Nombre', 'Apellido', 'default.png', '0414-0000580', '$2y$10$zdDLKnrHU9pbAScGN3u4ueufXnT1ZUCYbmE2bPvxQFQkH0m7EhEQ2', 'usuario1000580@cannibal.com', 9, 1, 1),
(608, '1000582', 'Nombre', 'Apellido', 'default.png', '0414-0000582', '$2y$10$2pYtoo3dRX/FxvTLbNl5DuRcP2hd/RxHDOhS99Coig0kdFieCbUt.', 'usuario1000582@cannibal.com', 9, 1, 1),
(609, '1000586', 'Nombre', 'Apellido', 'default.png', '0414-0000586', '$2y$10$I9PGlA0BRFiRZ7fo4csFweThlCRzgQCz2AJSWR/L3b.3cXFkzkDlG', 'usuario1000586@cannibal.com', 9, 1, 1),
(610, '1000583', 'Nombre', 'Apellido', 'default.png', '0414-0000583', '$2y$10$Y2PjmAsMp15slU6pl6TGAObjkJeEmOWSqx1fntXbJtLDbgHj1A/wC', 'usuario1000583@cannibal.com', 9, 1, 1),
(611, '1000584', 'Nombre', 'Apellido', 'default.png', '0414-0000584', '$2y$10$QK5ILU03ZeKno4Ebvev7zuEvtcvuxWnzij4ho3rw3rz6tJfsPGaZu', 'usuario1000584@cannibal.com', 9, 1, 1),
(612, '1000585', 'Nombre', 'Apellido', 'default.png', '0414-0000585', '$2y$10$L7DVbJC9R8hZE1nAjjADVudYEpxxoePoxJJlXEGu95wzjWiSmrq9C', 'usuario1000585@cannibal.com', 9, 1, 1),
(613, '1000591', 'Nombre', 'Apellido', 'default.png', '0414-0000591', '$2y$10$wczZSSVkxa00TOl9UmaV2uNIFTMQ8.Fc8q2Iwc5MjC8ocqPUtnDJa', 'usuario1000591@cannibal.com', 9, 1, 1),
(614, '1000592', 'Nombre', 'Apellido', 'default.png', '0414-0000592', '$2y$10$Utab0nzOeZpE6FfU8/pIuObJUrok9fbFtJRFdvYlQMJqBCpaiLBy6', 'usuario1000592@cannibal.com', 9, 1, 1),
(615, '1000587', 'Nombre', 'Apellido', 'default.png', '0414-0000587', '$2y$10$VkV7QUICRXbVgIHk7Eh4G.7AxtqKNlISjW03OV9a3FwPAeKpLfwQi', 'usuario1000587@cannibal.com', 9, 1, 1),
(616, '1000590', 'Nombre', 'Apellido', 'default.png', '0414-0000590', '$2y$10$k9DRizX0/enc2KkX06BgQe0DQ2k8xKYNZFHxmZsPYdbIs0OyZwU7a', 'usuario1000590@cannibal.com', 9, 1, 1),
(617, '1000589', 'Nombre', 'Apellido', 'default.png', '0414-0000589', '$2y$10$jT.Gnx5veaIqStlZEkzt1O.B0v0rpbrUK6BpFTOJNAUwFfqKa2Nk6', 'usuario1000589@cannibal.com', 9, 1, 1),
(618, '1000588', 'Nombre', 'Apellido', 'default.png', '0414-0000588', '$2y$10$3ZzcX2js153CbmUV9/H7nOSPVR9Id4FORTZedF23xUkv3eVsJ2FLu', 'usuario1000588@cannibal.com', 9, 1, 1),
(619, '1000593', 'Nombre', 'Apellido', 'default.png', '0414-0000593', '$2y$10$Ql0Jpi66JvmqkEbqIyBNreXPF/PrfPGhkseSws9ogSURInEE6Wmi.', 'usuario1000593@cannibal.com', 9, 1, 1),
(620, '1000594', 'Nombre', 'Apellido', 'default.png', '0414-0000594', '$2y$10$hcubfpOJ6qp6xHShMnGtZeqlHipi9omr8yUTP44fusH1OoRlBPBKy', 'usuario1000594@cannibal.com', 9, 1, 1),
(621, '1000595', 'Nombre', 'Apellido', 'default.png', '0414-0000595', '$2y$10$Hzv5B/PXNiWZfKm7cvlwKO2t87vVaZz8nvyceS0f1htx8H8jGO9o6', 'usuario1000595@cannibal.com', 9, 1, 1),
(622, '1000596', 'Nombre', 'Apellido', 'default.png', '0414-0000596', '$2y$10$V6p0L1ufWeCZ.F0x4zCW.ee0Yy.XuzjWgJLL6cNW9k39.c/1AnHAe', 'usuario1000596@cannibal.com', 9, 1, 1),
(623, '1000597', 'Nombre', 'Apellido', 'default.png', '0414-0000597', '$2y$10$BtwUfj4jetzKg5jQhA.rQOOCa2AhzifbB.8QmmQ1B3/IBHd6JkaqK', 'usuario1000597@cannibal.com', 9, 1, 1),
(624, '1000598', 'Nombre', 'Apellido', 'default.png', '0414-0000598', '$2y$10$2aT.4/kK7SHC9T5cfxlNnOSBoCiplD8Oujv/8R.zL4mORlZ/UvKrW', 'usuario1000598@cannibal.com', 9, 1, 1),
(625, '1000599', 'Nombre', 'Apellido', 'default.png', '0414-0000599', '$2y$10$uppS/NdgqXq3IDigsP3CGO2sml5hE5EMWno3UeIrwlldDc1CGeRLa', 'usuario1000599@cannibal.com', 9, 1, 1),
(626, '1000600', 'Nombre', 'Apellido', 'default.png', '0414-0000600', '$2y$10$d2xrTwmSgwFnvS3o5Ncy/uIb7g2d0IhCmESM4ONgbv0yIDcNF6wNO', 'usuario1000600@cannibal.com', 9, 1, 1),
(627, '1000603', 'Nombre', 'Apellido', 'default.png', '0414-0000603', '$2y$10$F/Lyvsr8cTnf8PuCxGZJ4.4zNMJWBzajv1wiD0kkG0jI7bmMiKl5q', 'usuario1000603@cannibal.com', 9, 1, 1),
(628, '1000601', 'Nombre', 'Apellido', 'default.png', '0414-0000601', '$2y$10$NdOcl088J.bMoQZ2M/fGheq6O8gAcAIezfjERnU/b3/EM1bTTJo.y', 'usuario1000601@cannibal.com', 9, 1, 1),
(629, '1000602', 'Nombre', 'Apellido', 'default.png', '0414-0000602', '$2y$10$31csQnrorRx0HoICF/ZFNO6PIhTLP4b4hpcNn2O5oJ7nA2YLbCAeC', 'usuario1000602@cannibal.com', 9, 1, 1),
(630, '1000607', 'Nombre', 'Apellido', 'default.png', '0414-0000607', '$2y$10$jU/u7/OUqh0dz5DzY0UXz.xyooh6PuWhV1Fws0LlRlpnJuP0Gq99K', 'usuario1000607@cannibal.com', 9, 1, 1),
(631, '1000608', 'Nombre', 'Apellido', 'default.png', '0414-0000608', '$2y$10$EZ3CxLDTOmooLdSfMREe5.CkcDghUkrFkbxacvA7IjUZ9eZWmLiFa', 'usuario1000608@cannibal.com', 9, 1, 1),
(632, '1000604', 'Nombre', 'Apellido', 'default.png', '0414-0000604', '$2y$10$FIzs9OAnrUFwlbpOVqsoBuIo3nelRRBdiIqh0rKMh1OSUIhIlCkti', 'usuario1000604@cannibal.com', 9, 1, 1),
(633, '1000610', 'Nombre', 'Apellido', 'default.png', '0414-0000610', '$2y$10$bs9TnbQA19uVd/zfG3OpvO6BBpjWC1FT.Dnco2/N6jadh/X.UA9ui', 'usuario1000610@cannibal.com', 9, 1, 1),
(634, '1000611', 'Nombre', 'Apellido', 'default.png', '0414-0000611', '$2y$10$jWKLqLfStmi7KfDUfN4qWuS3JpW0CkqTPcs.71aV9o6jw2TrTgJCO', 'usuario1000611@cannibal.com', 9, 1, 1),
(635, '1000605', 'Nombre', 'Apellido', 'default.png', '0414-0000605', '$2y$10$aW9cFbaj.KZz0EEuQm8K3.e9aXqOyFG8etOpmijm.m5PX79uOxCzq', 'usuario1000605@cannibal.com', 9, 1, 1),
(636, '1000606', 'Nombre', 'Apellido', 'default.png', '0414-0000606', '$2y$10$bl7CjdHIU8Z0YcW25OPOBuT8pID.lK28xrLU45cw2yLRE.S3euiRu', 'usuario1000606@cannibal.com', 9, 1, 1),
(637, '1000609', 'Nombre', 'Apellido', 'default.png', '0414-0000609', '$2y$10$1vw6ZswD2y1Iu5VuAHwwj.py7yovQGPJTqa7Qigj6BJ0SgEmWm5cm', 'usuario1000609@cannibal.com', 9, 1, 1),
(638, '1000614', 'Nombre', 'Apellido', 'default.png', '0414-0000614', '$2y$10$eJH8wc7psMr0dg6lh5dcc.mg7ThrOntSgjLjPFnixfR3T3RPig0/6', 'usuario1000614@cannibal.com', 9, 1, 1),
(639, '1000615', 'Nombre', 'Apellido', 'default.png', '0414-0000615', '$2y$10$8lf7/pNIAKSvmHfByE7r6u16MJ52X/VEP5o2zZ9io69cBwmkYvKTq', 'usuario1000615@cannibal.com', 9, 1, 1),
(640, '1000612', 'Nombre', 'Apellido', 'default.png', '0414-0000612', '$2y$10$aGJd1zqRc6NGzIxHSbIzuenELWuJ/D0m0Ekv8eaY7LU55PH8YeWqa', 'usuario1000612@cannibal.com', 9, 1, 1),
(641, '1000617', 'Nombre', 'Apellido', 'default.png', '0414-0000617', '$2y$10$HNsXQwE0mzr8IR71UF53f.Sc9JRLf9.Ct.dUvElo5kXjUJcy7ICcq', 'usuario1000617@cannibal.com', 9, 1, 1),
(642, '1000613', 'Nombre', 'Apellido', 'default.png', '0414-0000613', '$2y$10$r1fSVfdkiwT1EZrPWTyWSu2B7n6wGgCj5TLroOFjpzCXaqX5fiMuO', 'usuario1000613@cannibal.com', 9, 1, 1),
(643, '1000618', 'Nombre', 'Apellido', 'default.png', '0414-0000618', '$2y$10$YiocwefpS1Y4Pq37bFlFHOLUzD4vauTBADjpeMR45peBrieCw43rm', 'usuario1000618@cannibal.com', 9, 1, 1),
(644, '1000616', 'Nombre', 'Apellido', 'default.png', '0414-0000616', '$2y$10$mGliwYhiXndGZTrMLi4QbeSVKDq9DlV3GTF9MfeMjnCaqGBlv8UKu', 'usuario1000616@cannibal.com', 9, 1, 1),
(645, '1000622', 'Nombre', 'Apellido', 'default.png', '0414-0000622', '$2y$10$XZhcrWBbck.bbZPSdMfC4OgLI0Pd0Ak2lmj.G6v4sYLKTjtLKifr.', 'usuario1000622@cannibal.com', 9, 1, 1),
(646, '1000619', 'Nombre', 'Apellido', 'default.png', '0414-0000619', '$2y$10$SqkHRZ1PZVn5NjP6IVFxJOQt2sKnLOgkVGE7cSRRgoxXKqnDwC3dK', 'usuario1000619@cannibal.com', 9, 1, 1),
(647, '1000623', 'Nombre', 'Apellido', 'default.png', '0414-0000623', '$2y$10$Mq9wXSKh.xx8lALmZEB6cunJIb7xSDNU5S5zeeipqYLBEyOmKCz4W', 'usuario1000623@cannibal.com', 9, 1, 1),
(648, '1000620', 'Nombre', 'Apellido', 'default.png', '0414-0000620', '$2y$10$OwJzcIHLDGM7lVzKPMGYvOVBBwVkNufX0fQctryGsR1u8Xz5rDGea', 'usuario1000620@cannibal.com', 9, 1, 1),
(649, '1000627', 'Nombre', 'Apellido', 'default.png', '0414-0000627', '$2y$10$sbxHaTvLvoQvoqspIhjFIu4BUqZCuavM/iYSRVd5lWLfp7UPj.oZa', 'usuario1000627@cannibal.com', 9, 1, 1),
(650, '1000621', 'Nombre', 'Apellido', 'default.png', '0414-0000621', '$2y$10$GoLGPCf1aXD4HlrBT1cDJ.Ec28jPFqG7VVr1q7GkNMzDlQZiimZEa', 'usuario1000621@cannibal.com', 9, 1, 1),
(651, '1000626', 'Nombre', 'Apellido', 'default.png', '0414-0000626', '$2y$10$qUgJIJU6pDxK.C10DCerGu3aLFPe0L811AeX32QWmHW5Esv5RlkI2', 'usuario1000626@cannibal.com', 9, 1, 1),
(652, '1000625', 'Nombre', 'Apellido', 'default.png', '0414-0000625', '$2y$10$GS13FHCBF1Y4BOagB.5Eg.yzdi.oIEiqVMPlA4lx1F/GILRKq0F82', 'usuario1000625@cannibal.com', 9, 1, 1),
(653, '1000624', 'Nombre', 'Apellido', 'default.png', '0414-0000624', '$2y$10$rZx6nKSFfNsjspn5hL71JO0HNhk8FAcx2Vmce.w6lYX.FL/nyA9ES', 'usuario1000624@cannibal.com', 9, 1, 1),
(654, '1000629', 'Nombre', 'Apellido', 'default.png', '0414-0000629', '$2y$10$/wZDnyM7xLb39KSUzRwLYOW072Z2SDw5BaVJhhaMo2WEM8Uz9y3AC', 'usuario1000629@cannibal.com', 9, 1, 1),
(655, '1000628', 'Nombre', 'Apellido', 'default.png', '0414-0000628', '$2y$10$fXCF06sj7p1KVvR3Q4qNeORbQ5Yb.8I2qGSbEmRuCdZDTOBCEwDx6', 'usuario1000628@cannibal.com', 9, 1, 1),
(656, '1000631', 'Nombre', 'Apellido', 'default.png', '0414-0000631', '$2y$10$RHrwNvFH3vw/5oqESZ2tjudaqFHDc/voRYC1AsJU6R7DI/gUquhXq', 'usuario1000631@cannibal.com', 9, 1, 1),
(657, '1000630', 'Nombre', 'Apellido', 'default.png', '0414-0000630', '$2y$10$hL0Hh4h33htAoy8lWDk6pej9XgL7G9FOTeR6mwFRUCjoXQG/SJKki', 'usuario1000630@cannibal.com', 9, 1, 1),
(658, '1000633', 'Nombre', 'Apellido', 'default.png', '0414-0000633', '$2y$10$cakxQ1m1FdoWVcaUz1gTqOhkzilffBADeqCp7zR6WdmDRHJH9qNpe', 'usuario1000633@cannibal.com', 9, 1, 1),
(659, '1000635', 'Nombre', 'Apellido', 'default.png', '0414-0000635', '$2y$10$0QDGddRvE0fLfh3Ls/ruEuReuSBfnp4uq8s84QC6ITGAdVcx0bPze', 'usuario1000635@cannibal.com', 9, 1, 1),
(660, '1000632', 'Nombre', 'Apellido', 'default.png', '0414-0000632', '$2y$10$5UOlaG6Yuh5/VqiRWYq8aOyNh0TOVt3DxVJH3p6VswFzg4/8q8MYS', 'usuario1000632@cannibal.com', 9, 1, 1),
(661, '1000634', 'Nombre', 'Apellido', 'default.png', '0414-0000634', '$2y$10$t2/ycSVKPaLcEHmc2VMNQ.B9ze1ZUGuUcZCVqCBW3bMb6b5/.Mvx.', 'usuario1000634@cannibal.com', 9, 1, 1),
(662, '1000636', 'Nombre', 'Apellido', 'default.png', '0414-0000636', '$2y$10$lailVwbMkEwLAcFVuEjhweF5TKxyGYGCHvej3fkphnQOaKOuroADq', 'usuario1000636@cannibal.com', 9, 1, 1),
(663, '1000638', 'Nombre', 'Apellido', 'default.png', '0414-0000638', '$2y$10$swIlGdRFsIfFTM53RNAdN.TqqWJUxAq1fRZlWKMFCwb8bBFc7PPGq', 'usuario1000638@cannibal.com', 9, 1, 1),
(664, '1000637', 'Nombre', 'Apellido', 'default.png', '0414-0000637', '$2y$10$nmo8SawVHdX0THE8HjO1AezkroPqCf6o0bbwb61OjHk7O6yiS.yRG', 'usuario1000637@cannibal.com', 9, 1, 1),
(665, '1000640', 'Nombre', 'Apellido', 'default.png', '0414-0000640', '$2y$10$WizAPS3UXkYtQFDMxx5xieNI60pV4VagLZX9yt3fDQk/EUwjTFvNa', 'usuario1000640@cannibal.com', 9, 1, 1),
(666, '1000639', 'Nombre', 'Apellido', 'default.png', '0414-0000639', '$2y$10$SAnzmtK2EKAZyL9C8wNsoOldiymBcWVLbLVaVra9d8NEGff0ocqwi', 'usuario1000639@cannibal.com', 9, 1, 1),
(667, '1000643', 'Nombre', 'Apellido', 'default.png', '0414-0000643', '$2y$10$NU/kLiGrlub3VVEZwv6ybuH0UxEBztFocMjKLOB/767yQ8EHNjjWm', 'usuario1000643@cannibal.com', 9, 1, 1),
(668, '1000644', 'Nombre', 'Apellido', 'default.png', '0414-0000644', '$2y$10$wx18I4eougV/paZ/1Qvbg.fXol8vjWkCAS/aT3KtQPcPE9yxcnl.a', 'usuario1000644@cannibal.com', 9, 1, 1),
(669, '1000641', 'Nombre', 'Apellido', 'default.png', '0414-0000641', '$2y$10$kbD47pYJjTWryQEkunODQuYtI8JnxI23tLxBjrIm8cVz0p6b3DyXC', 'usuario1000641@cannibal.com', 9, 1, 1),
(670, '1000642', 'Nombre', 'Apellido', 'default.png', '0414-0000642', '$2y$10$c/gaN.TJQa9ilF/RufpiIeJmXg2J1c1zYXh3rnXuOMq.2eQgeQBz6', 'usuario1000642@cannibal.com', 9, 1, 1),
(671, '1000645', 'Nombre', 'Apellido', 'default.png', '0414-0000645', '$2y$10$v1NrqL9tZbRcPUlwlTRZPOLQpJBPelXaG7utMkNo3aW/wqZtcxFUu', 'usuario1000645@cannibal.com', 9, 1, 1),
(672, '1000647', 'Nombre', 'Apellido', 'default.png', '0414-0000647', '$2y$10$VOAtd6MYZftgWCSw/4hsZeueWLHo12jITn3up4qpsiaaqZpfmIYGS', 'usuario1000647@cannibal.com', 9, 1, 1),
(673, '1000646', 'Nombre', 'Apellido', 'default.png', '0414-0000646', '$2y$10$eo/iVyLBbfrdyQ05mUKibOEmae1lL3COY9TKT1.HkNOZROHPUjsnm', 'usuario1000646@cannibal.com', 9, 1, 1),
(674, '1000649', 'Nombre', 'Apellido', 'default.png', '0414-0000649', '$2y$10$yYp2m5m11N0yB8x/5/TSuefRbRzQRFV8QEQSUKdO/R40bakgfF.zq', 'usuario1000649@cannibal.com', 9, 1, 1),
(675, '1000648', 'Nombre', 'Apellido', 'default.png', '0414-0000648', '$2y$10$Fvbwc4fJViHnt6KH3GeqOuw9F5DbenZYWbJ9wtci.n.ZaqqqzgbJ6', 'usuario1000648@cannibal.com', 9, 1, 1),
(676, '1000652', 'Nombre', 'Apellido', 'default.png', '0414-0000652', '$2y$10$0066U4md2yp7WD50WetLvemMPWiQ8jiFuHheVDzYWFeiVp5Cv92pa', 'usuario1000652@cannibal.com', 9, 1, 1),
(677, '1000651', 'Nombre', 'Apellido', 'default.png', '0414-0000651', '$2y$10$1e.DeIWK/4kEvA.tx1rAq.Rdpdi6uvIB5CKCRDaIigfDi74BUiygS', 'usuario1000651@cannibal.com', 9, 1, 1),
(678, '1000650', 'Nombre', 'Apellido', 'default.png', '0414-0000650', '$2y$10$WYVSvNj8SPoVZDgcGkl97Od01FGB.OZdG4BhVLuzF93TdhJ6JJmmK', 'usuario1000650@cannibal.com', 9, 1, 1),
(679, '1000656', 'Nombre', 'Apellido', 'default.png', '0414-0000656', '$2y$10$tHJ4HCxS7eU6rdwactYsG.rKqhFkWTDpulb5Jyl2ecFTbDUjMHWdK', 'usuario1000656@cannibal.com', 9, 1, 1),
(680, '1000654', 'Nombre', 'Apellido', 'default.png', '0414-0000654', '$2y$10$kPqdLL9l05at7X7UyukJUeIU8NWcR39d/VnFeCYM6rEzEcaqlIDOa', 'usuario1000654@cannibal.com', 9, 1, 1),
(681, '1000653', 'Nombre', 'Apellido', 'default.png', '0414-0000653', '$2y$10$CI8ZG2W0s14LAUNvF6kXeuHaAmT.wfZzhdUjeD/1PKCZ2Mc5dI4ba', 'usuario1000653@cannibal.com', 9, 1, 1),
(682, '1000655', 'Nombre', 'Apellido', 'default.png', '0414-0000655', '$2y$10$Mz8WrXclLIVOJSd/7xOCEeb4FGh59S3no5EhJWsDZ2KE29ted3vqO', 'usuario1000655@cannibal.com', 9, 1, 1),
(683, '1000658', 'Nombre', 'Apellido', 'default.png', '0414-0000658', '$2y$10$sAcBEvkVO.Bct3HKYwlhxeNDLx9MDT5TrRwl/6LfbRRQOk6/uIko2', 'usuario1000658@cannibal.com', 9, 1, 1),
(684, '1000661', 'Nombre', 'Apellido', 'default.png', '0414-0000661', '$2y$10$iXGw8jr2d6nvwSYh9rW0SuHEFxpjBqxqi74i4pKT9EFwNtsuPTQE6', 'usuario1000661@cannibal.com', 9, 1, 1),
(685, '1000660', 'Nombre', 'Apellido', 'default.png', '0414-0000660', '$2y$10$Stw6..s00kdPp0emWVA4R.A4BhrNijfIp7.ic/rzHnDr2rZDksrSS', 'usuario1000660@cannibal.com', 9, 1, 1),
(686, '1000657', 'Nombre', 'Apellido', 'default.png', '0414-0000657', '$2y$10$UrLoq9aLW.A4K4KsDRxbo.L4CllgT4VdHi4PDWjSLyHJAPNgOlRH.', 'usuario1000657@cannibal.com', 9, 1, 1),
(687, '1000659', 'Nombre', 'Apellido', 'default.png', '0414-0000659', '$2y$10$csoDLsrOkx9uSRwfgY1c8O7g/qF9aPeTc5LYtknKmiw8JClA0Eol2', 'usuario1000659@cannibal.com', 9, 1, 1),
(688, '1000663', 'Nombre', 'Apellido', 'default.png', '0414-0000663', '$2y$10$c2.g8Y.jMxn9BtZcNFfcnOXk4vyfaAO0F/k96LVJzF9fWUN30J9Um', 'usuario1000663@cannibal.com', 9, 1, 1),
(689, '1000662', 'Nombre', 'Apellido', 'default.png', '0414-0000662', '$2y$10$Xm.j/V5uoInB4YxlYzu8.eoZa6DJ1qi4K6gqKbgxSDB2sJYsvlfvO', 'usuario1000662@cannibal.com', 9, 1, 1),
(690, '1000665', 'Nombre', 'Apellido', 'default.png', '0414-0000665', '$2y$10$pSpPjjxW2qlYXP65lEzQDuetJoUKuH8bttgEglaVMVB5CVTen4lJO', 'usuario1000665@cannibal.com', 9, 1, 1),
(691, '1000664', 'Nombre', 'Apellido', 'default.png', '0414-0000664', '$2y$10$QZengtWJ7eDHIzvlXmA4WeWd62aGa9.lnXB2f4MwRIpDn1/RpCz42', 'usuario1000664@cannibal.com', 9, 1, 1),
(692, '1000667', 'Nombre', 'Apellido', 'default.png', '0414-0000667', '$2y$10$YokNHGIPua3VegIBvrw5Aei/hlXrSO18WMkMEEqnH6ljWNnEASgTG', 'usuario1000667@cannibal.com', 9, 1, 1),
(693, '1000669', 'Nombre', 'Apellido', 'default.png', '0414-0000669', '$2y$10$6o/m4VrjZLn7mld.E0jNz.EonmZUKGpUEQQMVvr3TBMUNFaG./mQm', 'usuario1000669@cannibal.com', 9, 1, 1),
(694, '1000668', 'Nombre', 'Apellido', 'default.png', '0414-0000668', '$2y$10$nc1IX7p10aP80djZDNqodeom0IHKnuFRESc4WF160UdTCmPZoI6Sm', 'usuario1000668@cannibal.com', 9, 1, 1),
(695, '1000666', 'Nombre', 'Apellido', 'default.png', '0414-0000666', '$2y$10$rHL9eSYjfa406.XtcquHQ.cDdIKa0hKMMt9.nBZfcH14P/P7cXbSC', 'usuario1000666@cannibal.com', 9, 1, 1),
(696, '1000671', 'Nombre', 'Apellido', 'default.png', '0414-0000671', '$2y$10$HX6aUATcke9plsi746A4a.ct9.mu02.gaXoRig9pmpGINaNvBVcXq', 'usuario1000671@cannibal.com', 9, 1, 1),
(697, '1000672', 'Nombre', 'Apellido', 'default.png', '0414-0000672', '$2y$10$foS2urmjtQbBBo3i2F6FxODCOhQYUkIgrQH.LoeWicHTgYHM0UyUO', 'usuario1000672@cannibal.com', 9, 1, 1),
(698, '1000670', 'Nombre', 'Apellido', 'default.png', '0414-0000670', '$2y$10$4eoqf9YOuLvXzKWvD/xzQ.VHOc6xA2fRpWwfaTect59rDu5DGsjEG', 'usuario1000670@cannibal.com', 9, 1, 1),
(699, '1000673', 'Nombre', 'Apellido', 'default.png', '0414-0000673', '$2y$10$slSN.E2gk2ICk.xiL5K7P.nFiD510Vq8LTMnsIxc8rw4xwfiBxy9q', 'usuario1000673@cannibal.com', 9, 1, 1),
(700, '1000676', 'Nombre', 'Apellido', 'default.png', '0414-0000676', '$2y$10$O4gQke1ALoxlkjCp7tKZTu48yxCsv2.anZ972IeKDXDruiwOVTsTi', 'usuario1000676@cannibal.com', 9, 1, 1),
(701, '1000677', 'Nombre', 'Apellido', 'default.png', '0414-0000677', '$2y$10$YU2QZM4R.lEhkKVjAhna3.c6Fmnbo1KDcCqwrdDv69cNjAZ5kIvWu', 'usuario1000677@cannibal.com', 9, 1, 1),
(702, '1000678', 'Nombre', 'Apellido', 'default.png', '0414-0000678', '$2y$10$MrbMYjD/C4TzDAIhdt3/H.CAf9eF66Q4Ub3jtclQ.EfmlzsmF6QtO', 'usuario1000678@cannibal.com', 9, 1, 1),
(703, '1000674', 'Nombre', 'Apellido', 'default.png', '0414-0000674', '$2y$10$Bv1Dz7UehUVOnJFH/mYd5eLCKl0Q5e13gRCiyxpbQKyBPoNGFMCDW', 'usuario1000674@cannibal.com', 9, 1, 1),
(704, '1000675', 'Nombre', 'Apellido', 'default.png', '0414-0000675', '$2y$10$6Qh9AdcgiagimMc3o0T09OdKx/7R2Y61EU8Ok.doukROpcmtpq.p6', 'usuario1000675@cannibal.com', 9, 1, 1),
(705, '1000679', 'Nombre', 'Apellido', 'default.png', '0414-0000679', '$2y$10$wodkL6Nqwg4ho8ht0i1JvuQqY8eT7xC7Bjka...BPrWcAE9bVEEn.', 'usuario1000679@cannibal.com', 9, 1, 1),
(706, '1000681', 'Nombre', 'Apellido', 'default.png', '0414-0000681', '$2y$10$aQMN6rNcnjBoN2ZWeP1NSeA6Onp3YeXtVw6Iwr8r9XO8PKODSHJCC', 'usuario1000681@cannibal.com', 9, 1, 1),
(707, '1000680', 'Nombre', 'Apellido', 'default.png', '0414-0000680', '$2y$10$L1E74k8IE2VQ8GXMEH6UnuwZ/8E3zLbZtH5BUolFpYs6Y0G14UBx2', 'usuario1000680@cannibal.com', 9, 1, 1),
(708, '1000682', 'Nombre', 'Apellido', 'default.png', '0414-0000682', '$2y$10$zxIxLQ1mn9MLMLNb/NBuF.fv5Dws5682iN1A3/rzcRDxQS/1x8mNy', 'usuario1000682@cannibal.com', 9, 1, 1),
(709, '1000684', 'Nombre', 'Apellido', 'default.png', '0414-0000684', '$2y$10$kpApPAAbZgda9Fi/Kt7oLe0qOARJRHhi/t13kNJcavI49x5vbZTUS', 'usuario1000684@cannibal.com', 9, 1, 1),
(710, '1000685', 'Nombre', 'Apellido', 'default.png', '0414-0000685', '$2y$10$CmbWPzyt0ccPf8cMUvWUCebdyPTvURf66cE/T3mpr3Sbht5ACA8k2', 'usuario1000685@cannibal.com', 9, 1, 1),
(711, '1000686', 'Nombre', 'Apellido', 'default.png', '0414-0000686', '$2y$10$MoBYjzoy29KZ9bgN6XjJM.pYilktros0M32oYKC439VLdKDMxEGa2', 'usuario1000686@cannibal.com', 9, 1, 1),
(712, '1000683', 'Nombre', 'Apellido', 'default.png', '0414-0000683', '$2y$10$.2vpWqROL7Bsno1Vd3YkhevPhNor5k/RwdXskw8SF.xF4rBlNHUUS', 'usuario1000683@cannibal.com', 9, 1, 1),
(713, '1000687', 'Nombre', 'Apellido', 'default.png', '0414-0000687', '$2y$10$NKFhlkenUU8epyYdrhuBuOUmYk6ed8Na29xt2GnuGE8IepeWNjhF.', 'usuario1000687@cannibal.com', 9, 1, 1),
(714, '1000688', 'Nombre', 'Apellido', 'default.png', '0414-0000688', '$2y$10$5L7Gpzkh07152CYVamttweli4AYSrPgSH1k4hXhLZMc/BnGnkKglK', 'usuario1000688@cannibal.com', 9, 1, 1),
(715, '1000689', 'Nombre', 'Apellido', 'default.png', '0414-0000689', '$2y$10$Wf.0WIbUtqXbTMYQ4YbKL.0P2XfjBkOr3lE.aHJcNI/KMEYeVWc1i', 'usuario1000689@cannibal.com', 9, 1, 1),
(716, '1000690', 'Nombre', 'Apellido', 'default.png', '0414-0000690', '$2y$10$5MyFEs2nrZ4gBJ79vPt9U.XP3iUEFAdBfZmrfLr5AxLwJcIMjTAK.', 'usuario1000690@cannibal.com', 9, 1, 1),
(717, '1000691', 'Nombre', 'Apellido', 'default.png', '0414-0000691', '$2y$10$LWsCKhD7ObdRBeiPVNPzF.mV1k4ibP4wsfkwaMDy5iltUCyVV0V0m', 'usuario1000691@cannibal.com', 9, 1, 1),
(718, '1000692', 'Nombre', 'Apellido', 'default.png', '0414-0000692', '$2y$10$XE/Egq9C1s7PW2hmHxH24uiPPxbwQ0nf5pGrL1LL1gh0jtHYqeyX.', 'usuario1000692@cannibal.com', 9, 1, 1),
(719, '1000693', 'Nombre', 'Apellido', 'default.png', '0414-0000693', '$2y$10$pgVUYbOYIILjhkoLyND5muELSJmmj8klFSK.ALLCxTsg0Tx2qu3Dm', 'usuario1000693@cannibal.com', 9, 1, 1),
(720, '1000695', 'Nombre', 'Apellido', 'default.png', '0414-0000695', '$2y$10$7H9gPkxtb38eR0ip3WBzHujfN.YC..mN8sjJL1QyC7hjBSHuZFyYq', 'usuario1000695@cannibal.com', 9, 1, 1),
(721, '1000694', 'Nombre', 'Apellido', 'default.png', '0414-0000694', '$2y$10$4g.CoMyPtxJ6SdzsNm9va.wNRIbCq7b6NrdkIR8k9r6lkXtYW1jki', 'usuario1000694@cannibal.com', 9, 1, 1),
(722, '1000696', 'Nombre', 'Apellido', 'default.png', '0414-0000696', '$2y$10$iZGlFkrhQCkKgpd/pqoh9O.p3IrFtSszlHFtx7qolrJQXhCVmmQIe', 'usuario1000696@cannibal.com', 9, 1, 1),
(723, '1000697', 'Nombre', 'Apellido', 'default.png', '0414-0000697', '$2y$10$uNxyR/tZj7RvAhczRYfDkOJVnwo/q6EbmFd5LjG6raFWPLj.LYmn2', 'usuario1000697@cannibal.com', 9, 1, 1),
(724, '1000698', 'Nombre', 'Apellido', 'default.png', '0414-0000698', '$2y$10$ldUyd6lWub9n0x5GP5SwH.tbTfUoSNGPDu6PU/8l1ZucZKh6vnhtW', 'usuario1000698@cannibal.com', 9, 1, 1),
(725, '1000700', 'Nombre', 'Apellido', 'default.png', '0414-0000700', '$2y$10$7KhPx50b/nzC5FSK9tXemusDvdcTPGzBCx3Aw5lWUap/L1/SPdzIS', 'usuario1000700@cannibal.com', 9, 1, 1),
(726, '1000699', 'Nombre', 'Apellido', 'default.png', '0414-0000699', '$2y$10$qN7UaRA7o9wt.8BiqoXKTe1XVlTO9nMTeH24Hpw1bfQUJL8.vaSwm', 'usuario1000699@cannibal.com', 9, 1, 1),
(727, '1000703', 'Nombre', 'Apellido', 'default.png', '0414-0000703', '$2y$10$/MPqtn7BttvfXAKDp9I8uuvMN9hfXxWm00wIdSvXkGdFMd9paZzu2', 'usuario1000703@cannibal.com', 9, 1, 1),
(728, '1000701', 'Nombre', 'Apellido', 'default.png', '0414-0000701', '$2y$10$QrW0Zdq88UWIGg70D4ZKQOSs0KLDLkZH5msEWcOD6bPs1c2UbtBQG', 'usuario1000701@cannibal.com', 9, 1, 1),
(729, '1000704', 'Nombre', 'Apellido', 'default.png', '0414-0000704', '$2y$10$XK275xrLjt4jn/FBaEgySuUzQsVniJ2J/KyrkddogP67zhcEE59.2', 'usuario1000704@cannibal.com', 9, 1, 1),
(730, '1000705', 'Nombre', 'Apellido', 'default.png', '0414-0000705', '$2y$10$EzwekOH1mHp5E01k5j00TOPJVwdqdxmQ5X950HKNOpVeABwPiWx6a', 'usuario1000705@cannibal.com', 9, 1, 1),
(731, '1000702', 'Nombre', 'Apellido', 'default.png', '0414-0000702', '$2y$10$K40tntpms51IVr1QZbCNAux/PaFVralAVowkwwk0vHewBT89lTRou', 'usuario1000702@cannibal.com', 9, 1, 1),
(732, '1000706', 'Nombre', 'Apellido', 'default.png', '0414-0000706', '$2y$10$zlCih3PLyGmyRghnUVK3x.Azx7ZR8czf7fzra4PpXLjdGG/dQiGKK', 'usuario1000706@cannibal.com', 9, 1, 1),
(733, '1000709', 'Nombre', 'Apellido', 'default.png', '0414-0000709', '$2y$10$yg7wHtfbrcTPtldX8ENtIePCMG/kSieIzCAb4G5hkbj54EXA/TpbO', 'usuario1000709@cannibal.com', 9, 1, 1),
(734, '1000707', 'Nombre', 'Apellido', 'default.png', '0414-0000707', '$2y$10$W3eRc.04Ttx2eRk.SCaTc.CzuTl9E80CGx2rnrq9bFB2iyAkfg.Nq', 'usuario1000707@cannibal.com', 9, 1, 1),
(735, '1000708', 'Nombre', 'Apellido', 'default.png', '0414-0000708', '$2y$10$OJb00uAR1IQMjUbawKspEePANnRLM92D71r2inoMUJUf13xuXFvJy', 'usuario1000708@cannibal.com', 9, 1, 1),
(736, '1000710', 'Nombre', 'Apellido', 'default.png', '0414-0000710', '$2y$10$0wXoKdtERFrfHjd8MKwAm.VPnTtfL8XHkoz/T00IvtqLNmiZC5ypu', 'usuario1000710@cannibal.com', 9, 1, 1),
(737, '1000714', 'Nombre', 'Apellido', 'default.png', '0414-0000714', '$2y$10$s5MEAeFf6NIjAFZOsE6bUOJbaxwCAvhc/ySUA2vCh2QhsLHfJqBfe', 'usuario1000714@cannibal.com', 9, 1, 1),
(738, '1000711', 'Nombre', 'Apellido', 'default.png', '0414-0000711', '$2y$10$q.hNsI39LVBYmkqPL1PuoODHaNUUiFWxVRCd0wkg4SpcHIFEKMiDq', 'usuario1000711@cannibal.com', 9, 1, 1),
(739, '1000713', 'Nombre', 'Apellido', 'default.png', '0414-0000713', '$2y$10$QTFIvGzgiVYn1TWaE7NmYOngM3KO.TVQC.npqGRc5KKSbd.pNOPSi', 'usuario1000713@cannibal.com', 9, 1, 1),
(740, '1000712', 'Nombre', 'Apellido', 'default.png', '0414-0000712', '$2y$10$I1URoPNp9cpMcRf0WvhvgOWnOHivN4DRtIHAU8bZzr4HAunzSnEU6', 'usuario1000712@cannibal.com', 9, 1, 1),
(741, '1000715', 'Nombre', 'Apellido', 'default.png', '0414-0000715', '$2y$10$oKq5lve.CNCKs.CQygU7Xe7dNcGusDSew5phtqh.W1DmPG.TbNAgO', 'usuario1000715@cannibal.com', 9, 1, 1),
(742, '1000717', 'Nombre', 'Apellido', 'default.png', '0414-0000717', '$2y$10$83E.AWnoZNruxTWKIeMSQ.lvqAAX2lu0kIs.CnU26NqsQ8hj3ugYy', 'usuario1000717@cannibal.com', 9, 1, 1),
(743, '1000716', 'Nombre', 'Apellido', 'default.png', '0414-0000716', '$2y$10$tGie6r959FiPQn1eBhujUuwdSW3A4oQJ/cgrvdSEgAYibgFTvfchG', 'usuario1000716@cannibal.com', 9, 1, 1),
(744, '1000719', 'Nombre', 'Apellido', 'default.png', '0414-0000719', '$2y$10$lZAjh2EZl2RD/0sO/TXLr.xUPw.lpzkSk4rOjaEeTPCEXekexEw36', 'usuario1000719@cannibal.com', 9, 1, 1),
(745, '1000718', 'Nombre', 'Apellido', 'default.png', '0414-0000718', '$2y$10$jBc6AfA9SpTQ41JJ31SQz.xyjYRqgAa0leHUpfXlJT1tO81llzGtG', 'usuario1000718@cannibal.com', 9, 1, 1),
(746, '1000720', 'Nombre', 'Apellido', 'default.png', '0414-0000720', '$2y$10$zg6cxl1mZoAIVim8c6tqMOhU1ZC1nxVp9DOjH5FyZW5U8hQD5s.fu', 'usuario1000720@cannibal.com', 9, 1, 1),
(747, '1000721', 'Nombre', 'Apellido', 'default.png', '0414-0000721', '$2y$10$MybDAqwCeYNlYCKrC22U9eAOq.OEMFzo4K9UgC8Ug7YR6vpJqOsVe', 'usuario1000721@cannibal.com', 9, 1, 1),
(748, '1000723', 'Nombre', 'Apellido', 'default.png', '0414-0000723', '$2y$10$CUWLZj6X2XbFBj35rH7y.eZjhZNx7SAbcRK2/JudjVBY4ZppJ0ncW', 'usuario1000723@cannibal.com', 9, 1, 1),
(749, '1000722', 'Nombre', 'Apellido', 'default.png', '0414-0000722', '$2y$10$hsf2GpiRSFvCQP5J07uecu8X.XbYogkSxIHsf8iqKzD4Rwkcikt86', 'usuario1000722@cannibal.com', 9, 1, 1),
(750, '1000727', 'Nombre', 'Apellido', 'default.png', '0414-0000727', '$2y$10$RXU7gpsaPgo6iZ2ABAKiuud0WtcuZsOcCk/hwaYeDx4tsSVzRSGee', 'usuario1000727@cannibal.com', 9, 1, 1),
(751, '1000725', 'Nombre', 'Apellido', 'default.png', '0414-0000725', '$2y$10$fMU2.F40d0ygehU3g31B8.f4yTXX1AX95iLEfTig6ISRUTxfSniyu', 'usuario1000725@cannibal.com', 9, 1, 1),
(752, '1000724', 'Nombre', 'Apellido', 'default.png', '0414-0000724', '$2y$10$Ai7q86PeSAISHiH9qHr5I.p/f2jl9iZWclom4wyOyKWKpjW.03vKS', 'usuario1000724@cannibal.com', 9, 1, 1),
(753, '1000726', 'Nombre', 'Apellido', 'default.png', '0414-0000726', '$2y$10$YlHjitoybqHr4ZmbLJRdz.voe4vSg/qhLG7nsUF2smORedUGErlrG', 'usuario1000726@cannibal.com', 9, 1, 1),
(754, '1000732', 'Nombre', 'Apellido', 'default.png', '0414-0000732', '$2y$10$4VJscm0XnUTlk3t20gYth.VATY.dJbaoRP9n1.sXSoc39RksnkTJO', 'usuario1000732@cannibal.com', 9, 1, 1),
(755, '1000733', 'Nombre', 'Apellido', 'default.png', '0414-0000733', '$2y$10$lPnd4B4dqEbl.Vn4GCrMSefd57q9o0.cp2jjGIa0x.2dTUTCY5p0S', 'usuario1000733@cannibal.com', 9, 1, 1),
(756, '1000731', 'Nombre', 'Apellido', 'default.png', '0414-0000731', '$2y$10$Usj.mguVAIQP/2rEfT8LmuhBZ6npKBy/4SfFupKZhGw.Lql8e1hlq', 'usuario1000731@cannibal.com', 9, 1, 1),
(757, '1000729', 'Nombre', 'Apellido', 'default.png', '0414-0000729', '$2y$10$jfPjTD/YByS.Lh.Pk6Va2./X8714xPuyqb49KaVyxlyBjm9k2yfsi', 'usuario1000729@cannibal.com', 9, 1, 1),
(758, '1000728', 'Nombre', 'Apellido', 'default.png', '0414-0000728', '$2y$10$p.xf.kjPCiePA4AKsb6t9eCdtkqlZEfhVTTZ7SezTJFWeeKXwrpty', 'usuario1000728@cannibal.com', 9, 1, 1),
(759, '1000730', 'Nombre', 'Apellido', 'default.png', '0414-0000730', '$2y$10$P.vTQaILXCTMvyNXSmJ2veLsJTp93InsgATN7bzdeU7qvMzdkMGR6', 'usuario1000730@cannibal.com', 9, 1, 1),
(760, '1000734', 'Nombre', 'Apellido', 'default.png', '0414-0000734', '$2y$10$VbQqFApxKU5KiYmhvc8DHebM8kBuzF6vY/KkWITmNv8LUFl/TqIoK', 'usuario1000734@cannibal.com', 9, 1, 1),
(761, '1000738', 'Nombre', 'Apellido', 'default.png', '0414-0000738', '$2y$10$O6hIY8ZfnJFMmGfqJRb1lOveYofMSpQaU0HKFXokHdpehp8XwIRwS', 'usuario1000738@cannibal.com', 9, 1, 1),
(762, '1000740', 'Nombre', 'Apellido', 'default.png', '0414-0000740', '$2y$10$4tZK3ADqPEq8hHYkBwZbOeGBvYmuR8RDye/3DZ32wvlsad2XCo122', 'usuario1000740@cannibal.com', 9, 1, 1),
(763, '1000739', 'Nombre', 'Apellido', 'default.png', '0414-0000739', '$2y$10$3sgtSkpEDYHT4aHrsq38Deps0ftvHTVcU4QZU9qw5cRmJ1U1ZY8UO', 'usuario1000739@cannibal.com', 9, 1, 1),
(764, '1000735', 'Nombre', 'Apellido', 'default.png', '0414-0000735', '$2y$10$p0aS6eTVGMpoL.W7ipvJIuZWhCCwwJtbJQ5yVuBH6AIX0h5eFvOKW', 'usuario1000735@cannibal.com', 9, 1, 1),
(765, '1000736', 'Nombre', 'Apellido', 'default.png', '0414-0000736', '$2y$10$N9x0/r6EaD7fIMTLpvYD7.BmlrIrsHcm2SJfoHSK29UOpe8ikK.NG', 'usuario1000736@cannibal.com', 9, 1, 1),
(766, '1000744', 'Nombre', 'Apellido', 'default.png', '0414-0000744', '$2y$10$Q7oDiFGdw74t18F/uRJeY.an.SmcIyIwe39dQhpy184wPZLvOjgEm', 'usuario1000744@cannibal.com', 9, 1, 1),
(767, '1000737', 'Nombre', 'Apellido', 'default.png', '0414-0000737', '$2y$10$gk1UyAJPaPgeDKPLqfYD4.ruhzTNihYZJ/TBZ7INzs1NMaByDFDI.', 'usuario1000737@cannibal.com', 9, 1, 1),
(768, '1000741', 'Nombre', 'Apellido', 'default.png', '0414-0000741', '$2y$10$85AmTopOvqffBXu5wkGfH.ot1QeE/znyr5uVkgVf.P.IbK7ecOrEi', 'usuario1000741@cannibal.com', 9, 1, 1),
(769, '1000742', 'Nombre', 'Apellido', 'default.png', '0414-0000742', '$2y$10$XSOGIKtFAeg4tleWPRCnSeB7E3dHd8yPMjDMI5hICDn0FODR4Qveq', 'usuario1000742@cannibal.com', 9, 1, 1),
(770, '1000743', 'Nombre', 'Apellido', 'default.png', '0414-0000743', '$2y$10$8qStq3rnGIInsoPIPTQY2.UACFkN6x9U3RmN0z/mYCRB6bm21MbmS', 'usuario1000743@cannibal.com', 9, 1, 1),
(771, '1000745', 'Nombre', 'Apellido', 'default.png', '0414-0000745', '$2y$10$HWjpMe9nQNiT9U6WzVjNDOOpDtTKoRuFJjShxNdtFh6i32Sq86Q46', 'usuario1000745@cannibal.com', 9, 1, 1),
(772, '1000746', 'Nombre', 'Apellido', 'default.png', '0414-0000746', '$2y$10$JYDXfS5V3Ne2d6klmtH6eOvTHBtOThIzYuKv4c/mW8xBE0sVJige.', 'usuario1000746@cannibal.com', 9, 1, 1),
(773, '1000747', 'Nombre', 'Apellido', 'default.png', '0414-0000747', '$2y$10$9Yf.wM62In6IbyZMLOIdjeHwrq/nuGqY47Zb1LvSUeR6SqM7ZH46q', 'usuario1000747@cannibal.com', 9, 1, 1),
(774, '1000750', 'Nombre', 'Apellido', 'default.png', '0414-0000750', '$2y$10$XRu3Uc533LURCybjmAB8eea8v.l2FnPnFOCcNFE6Y.XDtsXPGSchW', 'usuario1000750@cannibal.com', 9, 1, 1),
(775, '1000748', 'Nombre', 'Apellido', 'default.png', '0414-0000748', '$2y$10$pPAAJFBRLXHiqbOkMOZePeETMZycYeTjTjvX6cumbpjsLUQcsWhd2', 'usuario1000748@cannibal.com', 9, 1, 1),
(776, '1000749', 'Nombre', 'Apellido', 'default.png', '0414-0000749', '$2y$10$rYvn8iTkN3ZYOCpVDkhkQOes1fMM.iUE9ENfdawMvQV6P9qMkFDuS', 'usuario1000749@cannibal.com', 9, 1, 1),
(777, '1000755', 'Nombre', 'Apellido', 'default.png', '0414-0000755', '$2y$10$1bkvAFKBf4H2igQ8mLZxTuwvMIRxEobXklvNdVP3N3k05vIwejUka', 'usuario1000755@cannibal.com', 9, 1, 1),
(778, '1000757', 'Nombre', 'Apellido', 'default.png', '0414-0000757', '$2y$10$0n9q4Gfv1gVC05mRZNFFzeDaiP.Yqev1kBjBYsF.BWdFeA3J7zgp6', 'usuario1000757@cannibal.com', 9, 1, 1),
(779, '1000756', 'Nombre', 'Apellido', 'default.png', '0414-0000756', '$2y$10$9goB6xHACrT9NnQXRZl5IOqxBv4FATdBk1ZOetFwOk82d/Nx75C4i', 'usuario1000756@cannibal.com', 9, 1, 1),
(780, '1000752', 'Nombre', 'Apellido', 'default.png', '0414-0000752', '$2y$10$VtGSWZNJBfCdntq2GcrG7u96HAN4htQwIlJ8n/l1RVa.osFOd9gdG', 'usuario1000752@cannibal.com', 9, 1, 1),
(781, '1000751', 'Nombre', 'Apellido', 'default.png', '0414-0000751', '$2y$10$e.9Q9zPHOYX/C1GxOuv0U.oM/mk7UDM3wNuU4.P5uyMtzUTdpnDVq', 'usuario1000751@cannibal.com', 9, 1, 1),
(782, '1000754', 'Nombre', 'Apellido', 'default.png', '0414-0000754', '$2y$10$zXLuY0QOBpRv8OMtNAzqJes.UCakEUDigKQna7yYiJi.y/VG9VeYK', 'usuario1000754@cannibal.com', 9, 1, 1),
(783, '1000753', 'Nombre', 'Apellido', 'default.png', '0414-0000753', '$2y$10$s1NhIzNVHMjMYzMMgeHIXONJ/GEwsFiy718EbhW8J9oLGtEfvb2rO', 'usuario1000753@cannibal.com', 9, 1, 1),
(784, '1000024', 'Nombre', 'Apellido', 'default.png', '0414-0000024', '$2y$10$mDjxrF4d4h4j.5XBFdHAMOEUnYOPbVROmZJnUWVJRPqXBRLTmt64O', 'usuario1000024@cannibal.com', 9, 1, 1),
(785, '1000117', 'Nombre', 'Apellido', 'default.png', '0414-0000117', '$2y$10$XzTjAbWRJfPvKeblutIXyeBxOhHj/HpXP13mylgpBHU0mwGgmr7aC', 'usuario1000117@cannibal.com', 9, 1, 1),
(786, '1000119', 'Nombre', 'Apellido', 'default.png', '0414-0000119', '$2y$10$LgjnT09hVhQMVsJQ1TYYbeTDEfcRyglsmO.ateK4wLLZOCUcWzjNW', 'usuario1000119@cannibal.com', 9, 1, 1),
(787, '1000121', 'Nombre', 'Apellido', 'default.png', '0414-0000121', '$2y$10$4usxUIxXj9D2MiXVqvKQ0eai4xh.ZivfDNXoduLldB8giczXiUrBC', 'usuario1000121@cannibal.com', 9, 1, 1),
(788, '1000501', 'Nombre', 'Apellido', 'default.png', '0414-0000501', '$2y$10$Tf/dEkHBdnMAMh309hjaiOR4XI5AL/.0JSGOAsxI3JV6TXZMt2HWC', 'usuario1000501@cannibal.com', 9, 1, 1),
(789, '1000579', 'Nombre', 'Apellido', 'default.png', '0414-0000579', '$2y$10$5ZEX9Ohk9BbdGzXbSqRmlepeMlmHqGiCvtiMMYxjv6gZAbBC3vnK.', 'usuario1000579@cannibal.com', 9, 1, 1),
(790, '1000758', 'Nombre', 'Apellido', 'default.png', '0414-0000758', '$2y$10$NwpTE4oByAzL4AcVEYmXYudIpkhsz3Ly7aLurKBEp9xPsjwaziXiG', 'usuario1000758@cannibal.com', 9, 1, 1),
(791, '1000760', 'Nombre', 'Apellido', 'default.png', '0414-0000760', '$2y$10$5j1yNY5GJiUN1Uj4Ew9TRu5XxQpmBC.aAwHLRU2S2HqMx1Kk8q2Ii', 'usuario1000760@cannibal.com', 9, 1, 1),
(792, '1000761', 'Nombre', 'Apellido', 'default.png', '0414-0000761', '$2y$10$lmNg7m11OCOhIUcwGaSN5ehmqIl898pFkoIxA021lP4FMBc13LdoC', 'usuario1000761@cannibal.com', 9, 1, 1),
(793, '1000759', 'Nombre', 'Apellido', 'default.png', '0414-0000759', '$2y$10$f/BObGNL2hQ8Jk4pY2H6g.t6nnZltRhY8qWSJbfev3FtIpCvs.ACS', 'usuario1000759@cannibal.com', 9, 1, 1),
(794, '1000763', 'Nombre', 'Apellido', 'default.png', '0414-0000763', '$2y$10$JOhuEEok5vdzKaHLAC/Khexkr7OWt20eVTCeGEZ7WYRojoz3dWDdK', 'usuario1000763@cannibal.com', 9, 1, 1),
(795, '1000762', 'Nombre', 'Apellido', 'default.png', '0414-0000762', '$2y$10$aPUdVxPqMpakmt8nmJtqmuHTwTgytmffuGYnk3xtmxYMWxGBlWMz6', 'usuario1000762@cannibal.com', 9, 1, 1),
(796, '1000764', 'Nombre', 'Apellido', 'default.png', '0414-0000764', '$2y$10$Y.oPMRwGjoOslz0yZZjWM.mgIeKMM3N64zTpbFsJXuyQANsxwNWwy', 'usuario1000764@cannibal.com', 9, 1, 1),
(797, '1000769', 'Nombre', 'Apellido', 'default.png', '0414-0000769', '$2y$10$Bg2qIAvFle0CSHoU/Py1Uu5wJRf5p04FzYtWnFOvHrlxdvsJMTvXm', 'usuario1000769@cannibal.com', 9, 1, 1),
(798, '1000768', 'Nombre', 'Apellido', 'default.png', '0414-0000768', '$2y$10$ngnBTtwQzFBG4WiKdT5gBuQymm5cpbvHsbCFSb3kyJ9cA.Vca2/j6', 'usuario1000768@cannibal.com', 9, 1, 1),
(799, '1000766', 'Nombre', 'Apellido', 'default.png', '0414-0000766', '$2y$10$WxUDW8IULU8MEzHN1F5SCeNLPdWoKeskjeLjqj3V.IIoXM5DsJTLu', 'usuario1000766@cannibal.com', 9, 1, 1),
(801, '1000770', 'Nombre', 'Apellido', 'default.png', '0414-0000770', '$2y$10$GSmdEecnrAfC93I.iBMR8OuwC0LUd7rMJ5OXnsXP/UIExxcYcNPWm', 'usuario1000770@cannibal.com', 9, 1, 1),
(802, '1000765', 'Nombre', 'Apellido', 'default.png', '0414-0000765', '$2y$10$ytPFDbzfNahvQikdDCt3s.P7PtAemJpIVoOq4C4xCVZL9S1USCse2', 'usuario1000765@cannibal.com', 9, 1, 1),
(803, '1000773', 'Nombre', 'Apellido', 'default.png', '0414-0000773', '$2y$10$WvZK9mUss2OLXCGDVOEm9eB3sG4YEAfNfwfoBVzLZnvNiE/SkoF.m', 'usuario1000773@cannibal.com', 9, 1, 1),
(804, '1000771', 'Nombre', 'Apellido', 'default.png', '0414-0000771', '$2y$10$nE0u7niU9nG3EbEZeqrGPOyCzpXtmVw.VQ9oMRdWS3HQ5VE6wXz86', 'usuario1000771@cannibal.com', 9, 1, 1),
(805, '1000772', 'Nombre', 'Apellido', 'default.png', '0414-0000772', '$2y$10$a1e7Ikh6uqzwMVkKctb9BuItd3xqk7ep6.mFAaBjtXwCwLd72.nnu', 'usuario1000772@cannibal.com', 9, 1, 1),
(806, '1000775', 'Nombre', 'Apellido', 'default.png', '0414-0000775', '$2y$10$ZCv5nYMn5FqnKFJ6RkgN2upeAQPCfv6n0ynWQbwEjO2a1UGUQ9G3C', 'usuario1000775@cannibal.com', 9, 1, 1),
(807, '1000777', 'Nombre', 'Apellido', 'default.png', '0414-0000777', '$2y$10$48hLZO0WfBndrYZJUjVBX.E7.DPhPFizvn2Pd3xtuWP6augMGghNu', 'usuario1000777@cannibal.com', 9, 1, 1),
(810, '1000776', 'Nombre', 'Apellido', 'default.png', '0414-0000776', '$2y$10$LwvSOoAp.UwGLbCkgiWnweZFCHvkyUafKWpsimnmX/75MXiUz3yTq', 'usuario1000776@cannibal.com', 9, 1, 1),
(811, '1000778', 'Nombre', 'Apellido', 'default.png', '0414-0000778', '$2y$10$Q26nUkOF3xFuorMoIOGVhO.Zi8OCT.6SPDkc1S3TBCB92DSIwdwli', 'usuario1000778@cannibal.com', 9, 1, 1),
(812, '1000782', 'Nombre', 'Apellido', 'default.png', '0414-0000782', '$2y$10$Cb0MoLu2xf9vhc1rGfGqyeAY7n9QuuyrLQ8wcYYt7I9t4Dy2.fQmW', 'usuario1000782@cannibal.com', 9, 1, 1),
(813, '1000774', 'Nombre', 'Apellido', 'default.png', '0414-0000774', '$2y$10$MSYyvNePRBdYZywk02/9m.4DtFuOeljFsFOpzWev4mubbHNIw1rQy', 'usuario1000774@cannibal.com', 9, 1, 1),
(814, '1000781', 'Nombre', 'Apellido', 'default.png', '0414-0000781', '$2y$10$SiHFvGlkgmABgOZPA/0fuuMKI2B5ARBjELUmt2jSRXTqxTvJr0DFy', 'usuario1000781@cannibal.com', 9, 1, 1),
(815, '1000783', 'Nombre', 'Apellido', 'default.png', '0414-0000783', '$2y$10$48Acrj9BSA.Y9ovud3wGmuO2maZarHfLtRbZzIAhcZuSfgHw5OiWC', 'usuario1000783@cannibal.com', 9, 1, 1),
(816, '1000789', 'Nombre', 'Apellido', 'default.png', '0414-0000789', '$2y$10$W3OqspYLpMkHQy72lV7KLuUY/LM/FHn4vY66Yl8cVfHuvI.e.cfoy', 'usuario1000789@cannibal.com', 9, 1, 1),
(817, '1000787', 'Nombre', 'Apellido', 'default.png', '0414-0000787', '$2y$10$4HUAmY5RjHAg/WZdmB.MsO23MtM6eNOLpDm3U6UAG8S3R32QenzgS', 'usuario1000787@cannibal.com', 9, 1, 1),
(818, '1000785', 'Nombre', 'Apellido', 'default.png', '0414-0000785', '$2y$10$KoeB0GdIsc5sTqLcgij0/uM5Q8/aM4SUC6ukw89D0qld/GuShhnNu', 'usuario1000785@cannibal.com', 9, 1, 1),
(819, '1000784', 'Nombre', 'Apellido', 'default.png', '0414-0000784', '$2y$10$0.O7krYfj95WoMcWTXLWYufIeYetRMbTYn3BrGsCGZyQM.JwRuJQC', 'usuario1000784@cannibal.com', 9, 1, 1),
(820, '1000786', 'Nombre', 'Apellido', 'default.png', '0414-0000786', '$2y$10$TiZvQi5LDz.AKg2smM06t.6nDVscC/XEbJ9bI3Ch1Q19EB7BbremO', 'usuario1000786@cannibal.com', 9, 1, 1),
(821, '1000788', 'Nombre', 'Apellido', 'default.png', '0414-0000788', '$2y$10$lsdtwEL65OyB4RC45K4ROucA5YGFfh.N7Op6RRloc2woL8ZkfpMDG', 'usuario1000788@cannibal.com', 9, 1, 1),
(822, '1000790', 'Nombre', 'Apellido', 'default.png', '0414-0000790', '$2y$10$/fwnvDBJI/z7NeZrzZuP2ezao2Sk7mNM5KzUX4gLgHJ5imXCJpFbO', 'usuario1000790@cannibal.com', 9, 1, 1),
(823, '1000792', 'Nombre', 'Apellido', 'default.png', '0414-0000792', '$2y$10$Cl6qPnpxHqPGynuo.CldROqk4/pK9oVYKkE1R8TI.uDRxopejQ7hO', 'usuario1000792@cannibal.com', 9, 1, 1),
(824, '1000791', 'Nombre', 'Apellido', 'default.png', '0414-0000791', '$2y$10$7hBhI3CCksenTg5ANF19Qu90LBOeAc.aRhDA0fskB8og/4DUmPPgW', 'usuario1000791@cannibal.com', 9, 1, 1),
(825, '1000793', 'Nombre', 'Apellido', 'default.png', '0414-0000793', '$2y$10$upf8STRuavR7.0LzWehDK.f7Yrvk2gS0sR4I1QhNWggc1WNWhzopS', 'usuario1000793@cannibal.com', 9, 1, 1),
(826, '1000797', 'Nombre', 'Apellido', 'default.png', '0414-0000797', '$2y$10$dYHWh3LQh3eFu78lC9z3MOoNejrCS1RFRKPOCKOKfc01BmtYfM5/q', 'usuario1000797@cannibal.com', 9, 1, 1),
(827, '1000794', 'Nombre', 'Apellido', 'default.png', '0414-0000794', '$2y$10$n079jCK94jFMv0N4FDvcfuDp/muq4Vi7m7CSmUtbyEPclyfq3gcgS', 'usuario1000794@cannibal.com', 9, 1, 1),
(828, '1000796', 'Nombre', 'Apellido', 'default.png', '0414-0000796', '$2y$10$SFGXplGlfjCmSTFI16F2c.spbUOfcOsCke.O58Kq2U4kygMSrdR76', 'usuario1000796@cannibal.com', 9, 1, 1),
(829, '1000795', 'Nombre', 'Apellido', 'default.png', '0414-0000795', '$2y$10$d/lTZDroiWicuz5Yo/qzD.cqfN.6miO/SoVd.ayJEY7Bd60Rdnmz6', 'usuario1000795@cannibal.com', 9, 1, 1),
(830, '1000798', 'Nombre', 'Apellido', 'default.png', '0414-0000798', '$2y$10$Fqj02qTAHcaSu0yb4FErZ.O/BgigoFXXo18.HwmGcczhc44Ug4Uz.', 'usuario1000798@cannibal.com', 9, 1, 1),
(831, '1000799', 'Nombre', 'Apellido', 'default.png', '0414-0000799', '$2y$10$LncwjIUa3e3.1uh03pI0He0.GB6b1z60pDnOnApP.KFkrF9Ajb88e', 'usuario1000799@cannibal.com', 9, 1, 1),
(832, '1000801', 'Nombre', 'Apellido', 'default.png', '0414-0000801', '$2y$10$Zv/ZIxbLuOrRMiCwtGLvfecH3E9nRo.pjceozpSaIT3T4cSUDqAoG', 'usuario1000801@cannibal.com', 9, 1, 1),
(833, '1000800', 'Nombre', 'Apellido', 'default.png', '0414-0000800', '$2y$10$kXMpSoxJ9w1eaQAoek8QEeRElgqr6uzk.ithPZZJFxMnDqnw4n21i', 'usuario1000800@cannibal.com', 9, 1, 1),
(834, '1000802', 'Nombre', 'Apellido', 'default.png', '0414-0000802', '$2y$10$SEx7U1xN6Z5cOq2Ojb0giOA7tKdmS.XA3cndDqZJ0zMvU0BvKZXAK', 'usuario1000802@cannibal.com', 9, 1, 1),
(835, '1000803', 'Nombre', 'Apellido', 'default.png', '0414-0000803', '$2y$10$pImWSsE6CkKEltyHcq0.NuaBIBNVxGowLXfp6UEVHvD4I3eRRXoki', 'usuario1000803@cannibal.com', 9, 1, 1),
(836, '1000805', 'Nombre', 'Apellido', 'default.png', '0414-0000805', '$2y$10$aHDkiUclunkKD2SJczN13uwpGSwL99Bdp4hcWP7okkx7FFpa.UdBu', 'usuario1000805@cannibal.com', 9, 1, 1),
(837, '1000804', 'Nombre', 'Apellido', 'default.png', '0414-0000804', '$2y$10$wL6CsYj0X2kac0JRiMA5JeXFxotNXr6J7ZtChBIiJ4NVwesYWZ4LK', 'usuario1000804@cannibal.com', 9, 1, 1),
(838, '1000806', 'Nombre', 'Apellido', 'default.png', '0414-0000806', '$2y$10$Z1y3NSc5ra2dWvXFzoSTn.q64Gld52.qfo8HZIfzuDrXAYfLtrgTC', 'usuario1000806@cannibal.com', 9, 1, 1),
(839, '1000807', 'Nombre', 'Apellido', 'default.png', '0414-0000807', '$2y$10$oslP5KXkb9saFPHLPiKRGuPda1iXDbD.yWTq6p3Y2.8Ie/cmXLSri', 'usuario1000807@cannibal.com', 9, 1, 1),
(840, '1000808', 'Nombre', 'Apellido', 'default.png', '0414-0000808', '$2y$10$Em5Zrc3lH94l5cKZLJzfrO60SD/DaIHR5dufp.7XQd35EXv4ZvYvC', 'usuario1000808@cannibal.com', 9, 1, 1),
(841, '1000810', 'Nombre', 'Apellido', 'default.png', '0414-0000810', '$2y$10$c9fW6dqaNtVDsPCOI6.mG.0Svo4OxpeIednl8S8Hi0qpBKqLO8HNa', 'usuario1000810@cannibal.com', 9, 1, 1),
(842, '1000809', 'Nombre', 'Apellido', 'default.png', '0414-0000809', '$2y$10$6GgaTy.ltrN58EMZieWwtuaz6rPTvEl4uSNlfif8hVmSqCE6rpDja', 'usuario1000809@cannibal.com', 9, 1, 1),
(843, '1000811', 'Nombre', 'Apellido', 'default.png', '0414-0000811', '$2y$10$zfnONY8jUYh4oA.qU6wmpuNw9PHNFV8PseN7t70UdtCjvx9ssfGNO', 'usuario1000811@cannibal.com', 9, 1, 1),
(844, '1000812', 'Nombre', 'Apellido', 'default.png', '0414-0000812', '$2y$10$8BVcgV2dRX/z/n8D29AYQefeG60B2oQuDSmqCQ/2TXKMeZQEpPb4a', 'usuario1000812@cannibal.com', 9, 1, 1),
(845, '1000813', 'Nombre', 'Apellido', 'default.png', '0414-0000813', '$2y$10$WRgTvvTfIocm6GzuVuCkAu9oLeUKQ2cyYr8L.vtx0fieEumfcj4AG', 'usuario1000813@cannibal.com', 9, 1, 1),
(846, '1000814', 'Nombre', 'Apellido', 'default.png', '0414-0000814', '$2y$10$kcifH.txfaRknJW.Y4nU6eQjRrIkiXvuMMUNensvg9CKQnqUGWqPq', 'usuario1000814@cannibal.com', 9, 1, 1),
(847, '1000817', 'Nombre', 'Apellido', 'default.png', '0414-0000817', '$2y$10$pj1DrHpE5B4MsHRbZcYOSeGZiRqbPTN9i89.CEH6QKnb7sU497e7C', 'usuario1000817@cannibal.com', 9, 1, 1),
(848, '1000816', 'Nombre', 'Apellido', 'default.png', '0414-0000816', '$2y$10$R2bVGObH6qzzKvyYX0TmmeIk7/IeGG9EYgHouG5mN/3tTvLetQage', 'usuario1000816@cannibal.com', 9, 1, 1),
(849, '1000815', 'Nombre', 'Apellido', 'default.png', '0414-0000815', '$2y$10$z8Yv7rqIFbHSYeBv7CyHeODquVbfMdAtgsASpheKfxHOypgdHACmO', 'usuario1000815@cannibal.com', 9, 1, 1),
(850, '1000822', 'Nombre', 'Apellido', 'default.png', '0414-0000822', '$2y$10$o.lrLkw00j6Gs8PljtK13ebetqB/4j8wkNijdQoDrXXyQ9xmHU3vG', 'usuario1000822@cannibal.com', 9, 1, 1),
(852, '1000821', 'Nombre', 'Apellido', 'default.png', '0414-0000821', '$2y$10$e4WFBtC4VIEu9X4l0nikge92MhrEh3cEqq4yaLpNyYduLGhokuZvG', 'usuario1000821@cannibal.com', 9, 1, 1),
(853, '1000818', 'Nombre', 'Apellido', 'default.png', '0414-0000818', '$2y$10$jWXD7oYKtaSBO9dtkF3ZdePNzxV/S4OFbduTXnrkA6pxpP6o1R1WW', 'usuario1000818@cannibal.com', 9, 1, 1),
(854, '1000820', 'Nombre', 'Apellido', 'default.png', '0414-0000820', '$2y$10$EspR/zpBznAeFlB/1T1bTO/IiuheypEm882bcv3IvhynCMtfTWWQW', 'usuario1000820@cannibal.com', 9, 1, 1),
(855, '1000823', 'Nombre', 'Apellido', 'default.png', '0414-0000823', '$2y$10$ROA/JvLe0oWYSOjeRJ/bl.ZEA6UYhaJZTMJiQDW4YaX3iS/kmz3m.', 'usuario1000823@cannibal.com', 9, 1, 1),
(856, '1000826', 'Nombre', 'Apellido', 'default.png', '0414-0000826', '$2y$10$VrOeM/565O7gmkDGJYfDkOiuzqnKyjC7sJ.lPgEPxfhYPez7sf942', 'usuario1000826@cannibal.com', 9, 1, 1),
(857, '1000824', 'Nombre', 'Apellido', 'default.png', '0414-0000824', '$2y$10$QVeN0igxk1lI2tAsINeyDuH.4msu3OGa0LXMB3VmYrCnlXe17i0vK', 'usuario1000824@cannibal.com', 9, 1, 1),
(858, '1000825', 'Nombre', 'Apellido', 'default.png', '0414-0000825', '$2y$10$H7U3GQgfyPZeH5DJ00nwM.NuQ.UYxXaEdco4q2fEt.bD6coLYZqh2', 'usuario1000825@cannibal.com', 9, 1, 1),
(859, '1000827', 'Nombre', 'Apellido', 'default.png', '0414-0000827', '$2y$10$0/old1CKPAHE0O4h9yhNouWvYZ.GrRMJ0sXDdLwOLtqhnq9WnOZ22', 'usuario1000827@cannibal.com', 9, 1, 1),
(860, '1000828', 'Nombre', 'Apellido', 'default.png', '0414-0000828', '$2y$10$QFRSdDbYHBOqkSKqx7z.5OLvpFNgzX3vRpCxZZnsSTPOYRTVleGNC', 'usuario1000828@cannibal.com', 9, 1, 1),
(861, '1000832', 'Nombre', 'Apellido', 'default.png', '0414-0000832', '$2y$10$4E/SuQk3kFOUA.3YFSK.2uRvdH5s6b9lN1IM65KasQJVngLawkHK6', 'usuario1000832@cannibal.com', 9, 1, 1),
(862, '1000835', 'Nombre', 'Apellido', 'default.png', '0414-0000835', '$2y$10$rIgtSGdOzM5bjegtnfoIVuOK2tdlMxDfHeH/uV2SN9teavFK12MPS', 'usuario1000835@cannibal.com', 9, 1, 1),
(863, '1000836', 'Nombre', 'Apellido', 'default.png', '0414-0000836', '$2y$10$N61WQjbRr7ysQ0sf5dtqL.QteyXfzvyXgsjFfEk2DDZKA4ZkxBPAK', 'usuario1000836@cannibal.com', 9, 1, 1),
(864, '1000834', 'Nombre', 'Apellido', 'default.png', '0414-0000834', '$2y$10$PUKoS0RhfjkhdFXsW.zfA.q/0htJzCzdcE9swuB8nFAxCfSkZsLha', 'usuario1000834@cannibal.com', 9, 1, 1),
(865, '1000831', 'Nombre', 'Apellido', 'default.png', '0414-0000831', '$2y$10$99l0LgBHJgx.jRm.COXLluw.BeZYI.dJojONFB/1F0O4Lcd6zvZT2', 'usuario1000831@cannibal.com', 9, 1, 1),
(868, '1000837', 'Nombre', 'Apellido', 'default.png', '0414-0000837', '$2y$10$JDLTKnSsmOMMWYwglN6TsOpLWXSk9wFBExtutUgjpKyzblg1IUnTG', 'usuario1000837@cannibal.com', 9, 1, 1),
(869, '1000833', 'Nombre', 'Apellido', 'default.png', '0414-0000833', '$2y$10$2TdFzxMArDv81otOUaQpFO8HGSa.Iu7eFsLIiwp.S0TRnw.pA1J2y', 'usuario1000833@cannibal.com', 9, 1, 1),
(870, '1000840', 'Nombre', 'Apellido', 'default.png', '0414-0000840', '$2y$10$Ooo5Ci8qBpr.KffoOBhAhOaWYcBEknZTd3kd/v9sentV0S5yL8Pyy', 'usuario1000840@cannibal.com', 9, 1, 1),
(871, '1000839', 'Nombre', 'Apellido', 'default.png', '0414-0000839', '$2y$10$clX06mRUD1/zJhTYTZbq4.eBVW9zTaeB9qi6p3jFf3MX5.IC.1kwa', 'usuario1000839@cannibal.com', 9, 1, 1),
(872, '1000845', 'Nombre', 'Apellido', 'default.png', '0414-0000845', '$2y$10$6XR5UdNwbRyI6iHSjonlgeYOcW86pFSARMEQJEPd8Xih0K0Gbm1H6', 'usuario1000845@cannibal.com', 9, 1, 1),
(873, '1000846', 'Nombre', 'Apellido', 'default.png', '0414-0000846', '$2y$10$ujQvisVqW/7WDJvTBGOlZe3RGffHw7jOE8078oDVpNZRps1xGB2B6', 'usuario1000846@cannibal.com', 9, 1, 1),
(874, '1000843', 'Nombre', 'Apellido', 'default.png', '0414-0000843', '$2y$10$PSCXbMakyH4ni7D6nwhOBeHFpjSwM5Np0nB3o5/vYmhU5DaBWJ6uG', 'usuario1000843@cannibal.com', 9, 1, 1),
(875, '1000844', 'Nombre', 'Apellido', 'default.png', '0414-0000844', '$2y$10$0tVtjeZMvdZRHYKPR2rMZ.UDzUjhXYGcJKkz0X90YdXwkZze0Qfqe', 'usuario1000844@cannibal.com', 9, 1, 1),
(876, '1000838', 'Nombre', 'Apellido', 'default.png', '0414-0000838', '$2y$10$bw4Gc7ZrF/imxGtZ7Sz.teUIWZXT62VmyPWNyqfpkE1JP6/3wUrr2', 'usuario1000838@cannibal.com', 9, 1, 1),
(877, '1000841', 'Nombre', 'Apellido', 'default.png', '0414-0000841', '$2y$10$TzEEmwu8fxrZyQMeAav/y.l58HBGaVyW5GKdmUWPLPxHXYPQc4yNq', 'usuario1000841@cannibal.com', 9, 1, 1),
(878, '1000842', 'Nombre', 'Apellido', 'default.png', '0414-0000842', '$2y$10$ewy/S6h6mBCWLzm0mSg1a.8V9OaIeKjgA2Hb7CjLjW3CD87qeUYbu', 'usuario1000842@cannibal.com', 9, 1, 1),
(879, '1000851', 'Nombre', 'Apellido', 'default.png', '0414-0000851', '$2y$10$/BEc5/V8rKpy2mvD32eN5O12gqioRivRlWkOG/.DvWwOHMQwL4f4C', 'usuario1000851@cannibal.com', 9, 1, 1),
(880, '1000856', 'Nombre', 'Apellido', 'default.png', '0414-0000856', '$2y$10$WAAQgwmQuRwmVo0WX8IGH..bUMFukDrM20nb4pijX031J7lm/28te', 'usuario1000856@cannibal.com', 9, 1, 1),
(881, '1000854', 'Nombre', 'Apellido', 'default.png', '0414-0000854', '$2y$10$Kw4ocn9.QFC.KSWFHbiIMeKa0p/Qjxl9XQRT3AansRzOsewV9Ukky', 'usuario1000854@cannibal.com', 9, 1, 1),
(882, '1000852', 'Nombre', 'Apellido', 'default.png', '0414-0000852', '$2y$10$W7ghMNt.yOioDNzxrnlf6uTH9lM4iJywUgPFaTgVbVW07n4monu3C', 'usuario1000852@cannibal.com', 9, 1, 1),
(883, '1000847', 'Nombre', 'Apellido', 'default.png', '0414-0000847', '$2y$10$4FLMYYBD2.HZVH/3D6tSGu30e4byec9F/4CRZkMGciy/ciwTfzZKC', 'usuario1000847@cannibal.com', 9, 1, 1),
(884, '1000849', 'Nombre', 'Apellido', 'default.png', '0414-0000849', '$2y$10$L9gMvYWDJUj62EKZtYI35OCNI13WRnwjzpBjqk817/uwe9ZxOVEce', 'usuario1000849@cannibal.com', 9, 1, 1),
(885, '1000855', 'Nombre', 'Apellido', 'default.png', '0414-0000855', '$2y$10$L9pG2R7qDDcKOEBBTXzi5uYXbqf1xSnzeR24t8/1.8MxZjHTKNniO', 'usuario1000855@cannibal.com', 9, 1, 1),
(886, '1000853', 'Nombre', 'Apellido', 'default.png', '0414-0000853', '$2y$10$Q3JsCX2sO8nIAtpdhSzUNuXfVep8qQNITfh/F6nQX7ywFjpV.0U6q', 'usuario1000853@cannibal.com', 9, 1, 1),
(887, '1000850', 'Nombre', 'Apellido', 'default.png', '0414-0000850', '$2y$10$WeJoZolNcKYyy0mCQYVVku2sbJ1h9ufvPxAtq4rm6mmy0VZJ.pg5y', 'usuario1000850@cannibal.com', 9, 1, 1),
(888, '1000848', 'Nombre', 'Apellido', 'default.png', '0414-0000848', '$2y$10$JbGc4.lKHlAuW4y91ENrt.w5R50JgHgrOyQhNwgeF.gAlEDvNkoii', 'usuario1000848@cannibal.com', 9, 1, 1),
(889, '1000857', 'Nombre', 'Apellido', 'default.png', '0414-0000857', '$2y$10$GNzgyDtRq9Fiz/8Kh8ireeZMdC8qlMAIqdzeL336Iza2kFtiRZrom', 'usuario1000857@cannibal.com', 9, 1, 1),
(891, '1000860', 'Nombre', 'Apellido', 'default.png', '0414-0000860', '$2y$10$umOHOS6pIGj2y66fHO2A7.CXlBz41qF3EO7gyuXtAlG4msiv.uQxC', 'usuario1000860@cannibal.com', 9, 1, 1),
(892, '1000861', 'Nombre', 'Apellido', 'default.png', '0414-0000861', '$2y$10$/G1e7BE7sRMvi3PbnSQM1uK35/hUAizh/7TQIkQgNgsHmcrsRNyf6', 'usuario1000861@cannibal.com', 9, 1, 1),
(894, '1000862', 'Nombre', 'Apellido', 'default.png', '0414-0000862', '$2y$10$ncTj.f.3QA2Z/ascRbnSlO99F3BRPuolAQrnujM8hj4MKU3egZmve', 'usuario1000862@cannibal.com', 9, 1, 1),
(895, '1000859', 'Nombre', 'Apellido', 'default.png', '0414-0000859', '$2y$10$K1IhEgPDGRbCLWvNt8u12.wZwRkuUVYhb.COxsF39CJhvmd3HB8uG', 'usuario1000859@cannibal.com', 9, 1, 1),
(896, '1000864', 'Nombre', 'Apellido', 'default.png', '0414-0000864', '$2y$10$OckiyRIgGEgZ.aUqrSAPPOhuCPBye7Eu1jQRH2URO4A.ML5.INZjC', 'usuario1000864@cannibal.com', 9, 1, 1),
(897, '1000866', 'Nombre', 'Apellido', 'default.png', '0414-0000866', '$2y$10$61hDhOXfOjDgGgRses6Bzu63rrrbs/ZqF1ZYEJpuepZeJP3zvwNda', 'usuario1000866@cannibal.com', 9, 1, 1),
(898, '1000865', 'Nombre', 'Apellido', 'default.png', '0414-0000865', '$2y$10$HCFMOJ0ZjE04xmfRDQQdje6aCEDnC6.TO5EvPYbqJxsq8UMGhFa0q', 'usuario1000865@cannibal.com', 9, 1, 1),
(899, '1000868', 'Nombre', 'Apellido', 'default.png', '0414-0000868', '$2y$10$kWpyq7t3MPHTQ8F7SmBy6u0XtiVjdq1UoqJPd81tbQJC/E8B8hPv6', 'usuario1000868@cannibal.com', 9, 1, 1);
INSERT INTO `usuarios` (`idUsuario`, `cedulaUsuario`, `nombreUsuario`, `apellidoUsuario`, `foto`, `telefonoUsuario`, `contraseña`, `correo`, `id_rol`, `estatus`, `bloqueo`) VALUES
(900, '1000869', 'Nombre', 'Apellido', 'default.png', '0414-0000869', '$2y$10$ZgQrpRdP.sraO9tb8wZGpOo869a.xEI80oQx1nK7vL4mP3xycXGDa', 'usuario1000869@cannibal.com', 9, 1, 1),
(901, '1000867', 'Nombre', 'Apellido', 'default.png', '0414-0000867', '$2y$10$3fgC4QD/GCtvgyeKI0da.ObDN39kjxALJybmz5YbWLelcd5e7sBJi', 'usuario1000867@cannibal.com', 9, 1, 1),
(902, '1000870', 'Nombre', 'Apellido', 'default.png', '0414-0000870', '$2y$10$FyHjbzI8t82DSh6qkvUlq.tquEEPdHDvIMBLbvrdedeMCUgaovwRS', 'usuario1000870@cannibal.com', 9, 1, 1),
(903, '1000871', 'Nombre', 'Apellido', 'default.png', '0414-0000871', '$2y$10$0GMSOtnU2oU/pUraIZyKXuVjgH2J5m2RylQkzWgehSF9B/tz7yvhK', 'usuario1000871@cannibal.com', 9, 1, 1),
(904, '1000872', 'Nombre', 'Apellido', 'default.png', '0414-0000872', '$2y$10$H8Ur0xt77T4s/XI70fIop.snc4zkcXXDxNFSKiHqwV44uGINouhCK', 'usuario1000872@cannibal.com', 9, 1, 1),
(905, '1000876', 'Nombre', 'Apellido', 'default.png', '0414-0000876', '$2y$10$ZgNrapsJZdXGPt3l89qdU.t5HJeryDNXhdoyFZxjXp5tQpxXBhjdi', 'usuario1000876@cannibal.com', 9, 1, 1),
(906, '1000874', 'Nombre', 'Apellido', 'default.png', '0414-0000874', '$2y$10$F4fcKFDRCvLDCzVJsNBCe.KXmmq96VJ.sWL0rGDCrg/QanqPxi/DS', 'usuario1000874@cannibal.com', 9, 1, 1),
(907, '1000875', 'Nombre', 'Apellido', 'default.png', '0414-0000875', '$2y$10$lG397wbL5pbxAFf2N43sK.Glkg9GeAPHuilzgFpUl9gOp14ccqJIm', 'usuario1000875@cannibal.com', 9, 1, 1),
(908, '1000873', 'Nombre', 'Apellido', 'default.png', '0414-0000873', '$2y$10$zxXbfoQ7jk5Ff0sD7rq4KuSqDpOFFqQeabnawNbvpRNRVrZHrla0C', 'usuario1000873@cannibal.com', 9, 1, 1),
(909, '1000880', 'Nombre', 'Apellido', 'default.png', '0414-0000880', '$2y$10$jIAJBLywygDNLbylio.8p.xKYp5HMil6Vcczc6NzT389KfUiZ.C.y', 'usuario1000880@cannibal.com', 9, 1, 1),
(910, '1000883', 'Nombre', 'Apellido', 'default.png', '0414-0000883', '$2y$10$KRYgy3VsOD7JGLwCCbcND.wXovYMq3BfNoiv.rVr7Z.PD3QVmoyC.', 'usuario1000883@cannibal.com', 9, 1, 1),
(911, '1000881', 'Nombre', 'Apellido', 'default.png', '0414-0000881', '$2y$10$NRjBuG2HYIaz4ToN.K.sc.7ORvDTbOPSzZmYAVpm8H6MFaYjuW83i', 'usuario1000881@cannibal.com', 9, 1, 1),
(912, '1000882', 'Nombre', 'Apellido', 'default.png', '0414-0000882', '$2y$10$IE64OaLLzMDDf/cHzS00pOLSVFn.rw7tENQ3cDonptN3tY6ce/Tom', 'usuario1000882@cannibal.com', 9, 1, 1),
(913, '1000877', 'Nombre', 'Apellido', 'default.png', '0414-0000877', '$2y$10$XPu20/C5MRkfxetIOisQ6eI5rZUAroojaAdwlgHYhheoOQoxpUzbK', 'usuario1000877@cannibal.com', 9, 1, 1),
(914, '1000879', 'Nombre', 'Apellido', 'default.png', '0414-0000879', '$2y$10$f.RtsUKFOxHHBfYI0gJKsuOR8XP6T0aMPBrrMFHX7KU86JpMEfk5G', 'usuario1000879@cannibal.com', 9, 1, 1),
(916, '1000887', 'Nombre', 'Apellido', 'default.png', '0414-0000887', '$2y$10$cd8TZSyQmmq68E3xxP6w3edtqgbTEvefrDkna7h1le6CK8CTPHyay', 'usuario1000887@cannibal.com', 9, 1, 1),
(917, '1000888', 'Nombre', 'Apellido', 'default.png', '0414-0000888', '$2y$10$d0MTUt6yu.Zsx1X3eMLOYO.5XuRh1Fkub6JIC5Kt5J/g1jtfXT9qm', 'usuario1000888@cannibal.com', 9, 1, 1),
(918, '1000886', 'Nombre', 'Apellido', 'default.png', '0414-0000886', '$2y$10$Mv8GNExD6KdkN3iIQFG1C.YjSQsW8JxbzKUd5D8Ni84fRfqogj1xG', 'usuario1000886@cannibal.com', 9, 1, 1),
(919, '1000884', 'Nombre', 'Apellido', 'default.png', '0414-0000884', '$2y$10$kZ5NSbUUU4UUcWqz7gae0ek3KurwL4yTtFulNMqumEvxYvkJ/selm', 'usuario1000884@cannibal.com', 9, 1, 1),
(920, '1000890', 'Nombre', 'Apellido', 'default.png', '0414-0000890', '$2y$10$/s5Xul5PulLNSYdm.QCtbOtfdEAAK0auDrKCzIA13.tSuDj2WdVHu', 'usuario1000890@cannibal.com', 9, 1, 1),
(921, '1000885', 'Nombre', 'Apellido', 'default.png', '0414-0000885', '$2y$10$zCT6LudDytKETfHop4OK8.gagLxTjHsXZgeJ5gh2CCxFb5oHXoQxq', 'usuario1000885@cannibal.com', 9, 1, 1),
(922, '1000889', 'Nombre', 'Apellido', 'default.png', '0414-0000889', '$2y$10$9DPkBdCAE1bSfPXuaKrZC.pxTMAbBJNhEi/IeX/S55m5TcbEdxkAm', 'usuario1000889@cannibal.com', 9, 1, 1),
(923, '1000891', 'Nombre', 'Apellido', 'default.png', '0414-0000891', '$2y$10$ltUg.bWh5OYdyjeja5Ha2.CYZPTdQrJjy9lhf81eyiZihTqKExYIS', 'usuario1000891@cannibal.com', 9, 1, 1),
(924, '1000897', 'Nombre', 'Apellido', 'default.png', '0414-0000897', '$2y$10$VzeV7cTj4mPcVPuDFdllcehNkNO1WSP6H8o4HRTN7ssJ4Kd1VIte.', 'usuario1000897@cannibal.com', 9, 1, 1),
(925, '1000892', 'Nombre', 'Apellido', 'default.png', '0414-0000892', '$2y$10$N2G2Uf49cuGnxImW7B3c5.4dz9wQlT2jkEPVOjphrnDTecMailT8.', 'usuario1000892@cannibal.com', 9, 1, 1),
(928, '1000898', 'Nombre', 'Apellido', 'default.png', '0414-0000898', '$2y$10$6q236nXZJSp2FpAjJZPmCuM4JxlEb1t12Ynu2WoRpRBEn0K1uiT0y', 'usuario1000898@cannibal.com', 9, 1, 1),
(929, '1000899', 'Nombre', 'Apellido', 'default.png', '0414-0000899', '$2y$10$agfZVozfV4B5WyyK.v2eJuH5XmwKFHvtlEx0ifK7wt3OlLYBU3WaS', 'usuario1000899@cannibal.com', 9, 1, 1),
(930, '1000893', 'Nombre', 'Apellido', 'default.png', '0414-0000893', '$2y$10$wsLIEo8SPU3tBvTZvk3EVu2PWpiH8gi0BMtzD8v/VP9BIxAXu48vm', 'usuario1000893@cannibal.com', 9, 1, 1),
(931, '1000900', 'Nombre', 'Apellido', 'default.png', '0414-0000900', '$2y$10$BzMZLth2x/gkoYAu0iH3B.JGosM9vnEySVlexTKvs0xqQEkG/8ktW', 'usuario1000900@cannibal.com', 9, 1, 1),
(932, '1000896', 'Nombre', 'Apellido', 'default.png', '0414-0000896', '$2y$10$BFsd8gLIjPR4n/cFpRpzLuKAcOIiSzoLmOcWyAFB5Le5gEYMRxP2e', 'usuario1000896@cannibal.com', 9, 1, 1),
(933, '1000902', 'Nombre', 'Apellido', 'default.png', '0414-0000902', '$2y$10$Nbn1d2qXdv/5D/B82ag2neMjCiJsqk8ctsMR0kQlBFX2XuvBWKStO', 'usuario1000902@cannibal.com', 9, 1, 1),
(934, '1000901', 'Nombre', 'Apellido', 'default.png', '0414-0000901', '$2y$10$qmGdmifHvEWArA4PYO7dHulhKjBGQNHKWisDRBcN/kotEh8j6KT0S', 'usuario1000901@cannibal.com', 9, 1, 1),
(935, '1000903', 'Nombre', 'Apellido', 'default.png', '0414-0000903', '$2y$10$VLhLdLpF/QzwfVm6NzM2suFuDbtQePDPafEP97U8fcwmMhA7rX3Nm', 'usuario1000903@cannibal.com', 9, 1, 1),
(936, '1000905', 'Nombre', 'Apellido', 'default.png', '0414-0000905', '$2y$10$6uvvMG9Bje9bslWFJIwO8.HL1IlJXeFW8k4UIL.fBe5D2/X8bOcLi', 'usuario1000905@cannibal.com', 9, 1, 1),
(937, '1000904', 'Nombre', 'Apellido', 'default.png', '0414-0000904', '$2y$10$79s3LAH01NieXy7fMvDbqOjaN1.y9vHnhEFSYTyQ5lMI14GqjDvMi', 'usuario1000904@cannibal.com', 9, 1, 1),
(938, '1000908', 'Nombre', 'Apellido', 'default.png', '0414-0000908', '$2y$10$.Pmcxiv0wyvRUCugj0yCZeANcYj0vq2IDZ4mbp13tTSh83Ws6GEi.', 'usuario1000908@cannibal.com', 9, 1, 1),
(939, '1000909', 'Nombre', 'Apellido', 'default.png', '0414-0000909', '$2y$10$tCfkbcy/OY3ZJM5rBkbzkO9ZfIkfm0pkMpNyrr.Ry.Rci0y13/u7y', 'usuario1000909@cannibal.com', 9, 1, 1),
(940, '1000906', 'Nombre', 'Apellido', 'default.png', '0414-0000906', '$2y$10$4RyeRNIcu7TPUVxvIiEGsegRF9LU4m00w4HgMjfW3lh2WFHV2v62S', 'usuario1000906@cannibal.com', 9, 1, 1),
(941, '1000907', 'Nombre', 'Apellido', 'default.png', '0414-0000907', '$2y$10$0BTLhyUI/.PesoGAsP8aau9/7s5P2nkD33puRkZ8R0l0DaTe6fCAq', 'usuario1000907@cannibal.com', 9, 1, 1),
(942, '1000910', 'Nombre', 'Apellido', 'default.png', '0414-0000910', '$2y$10$UoRT.wS7981LOmh1Y6uhvOtkqe5fQ/QqguNQXoS6/5Pk/SC.5BdN.', 'usuario1000910@cannibal.com', 9, 1, 1),
(943, '1000917', 'Nombre', 'Apellido', 'default.png', '0414-0000917', '$2y$10$RJ.nJRZJXEkMrjHIn6D/rO50zYygbf81IOdTGQPENBf9FNvcTm7Oe', 'usuario1000917@cannibal.com', 9, 1, 1),
(944, '1000912', 'Nombre', 'Apellido', 'default.png', '0414-0000912', '$2y$10$PDoiDaFSYxYFYcZAP.NZK.UVONoeMh3jpouLWv80vhjo2rga80b0q', 'usuario1000912@cannibal.com', 9, 1, 1),
(945, '1000916', 'Nombre', 'Apellido', 'default.png', '0414-0000916', '$2y$10$4cd4w/u/NUFdXCnxkQ.QiO/DaGejZTwZvLZv.cNYjORTb86B8.fAG', 'usuario1000916@cannibal.com', 9, 1, 1),
(946, '1000911', 'Nombre', 'Apellido', 'default.png', '0414-0000911', '$2y$10$pVFqSxvvEvV3/yWHxI6mu.3zZWuSP8pRNiYJ5bnKVNdSOB88wpW8.', 'usuario1000911@cannibal.com', 9, 1, 1),
(947, '1000919', 'Nombre', 'Apellido', 'default.png', '0414-0000919', '$2y$10$qBUs9XHiT73RdllHkfzSDuPyGxedZhruXzzbtdDBpyQA0G4xM8qVe', 'usuario1000919@cannibal.com', 9, 1, 1),
(948, '1000914', 'Nombre', 'Apellido', 'default.png', '0414-0000914', '$2y$10$RwbhDP.CRgfl16rFgVmvluIHG5HQT6Hp/xBSdRb9kR6X4IIPeyhtS', 'usuario1000914@cannibal.com', 9, 1, 1),
(949, '1000915', 'Nombre', 'Apellido', 'default.png', '0414-0000915', '$2y$10$s3ihuXKzNWyaSP/5FIrXz.ABBkYyjtjISrzn/v1NZ1BrX6pG..9p2', 'usuario1000915@cannibal.com', 9, 1, 1),
(950, '1000918', 'Nombre', 'Apellido', 'default.png', '0414-0000918', '$2y$10$7WKi.e5aVuC4ElhGDZzwtOrx/F9ZTBp9DZjIB5EDc0n3cDxFDgiNG', 'usuario1000918@cannibal.com', 9, 1, 1),
(951, '1000913', 'Nombre', 'Apellido', 'default.png', '0414-0000913', '$2y$10$nb.IYFtpUX9YTYdvSJf9CONQ5HbuVNvdYbqSB14iZgYshgCv0FUPO', 'usuario1000913@cannibal.com', 9, 1, 1),
(952, '1000921', 'Nombre', 'Apellido', 'default.png', '0414-0000921', '$2y$10$P0dHsUxgHTZh29mN6hstAuD.ignHq/7UiZntubaBlEajbwYhBlBcC', 'usuario1000921@cannibal.com', 9, 1, 1),
(953, '1000922', 'Nombre', 'Apellido', 'default.png', '0414-0000922', '$2y$10$Os/auw4GYI1GEL.XSQEZF.9Vjtggl7r0CFjhMwTZ9sZMoVpdFeoVG', 'usuario1000922@cannibal.com', 9, 1, 1),
(956, '1000925', 'Nombre', 'Apellido', 'default.png', '0414-0000925', '$2y$10$5BkRLk.d87nL825zX6aq8Oa3LhY02HlF4obuKFnwQmFjMrXe0UMTG', 'usuario1000925@cannibal.com', 9, 1, 1),
(957, '1000926', 'Nombre', 'Apellido', 'default.png', '0414-0000926', '$2y$10$IW8H/XQAJzUz3icj8tEH1exDjQ6j73kU.8uS2DMrfZN0IUlSv/WdW', 'usuario1000926@cannibal.com', 9, 1, 1),
(958, '1000920', 'Nombre', 'Apellido', 'default.png', '0414-0000920', '$2y$10$T3lgimUzaIqzfSABesT3ZOrD/rgJjGNlRJiXxosQ4UKdNnMIBzV/O', 'usuario1000920@cannibal.com', 9, 1, 1),
(959, '1000930', 'Nombre', 'Apellido', 'default.png', '0414-0000930', '$2y$10$O0QVh1zG0tZVJk0b5q5oPOWucY4nBr7lXwboxz7dtwbwBxgJrKGca', 'usuario1000930@cannibal.com', 9, 1, 1),
(960, '1000927', 'Nombre', 'Apellido', 'default.png', '0414-0000927', '$2y$10$NAr6zOSay9nt.2H5ThmEH.fbjMMHfZMg5www4uC01cSlf1QMcBtoS', 'usuario1000927@cannibal.com', 9, 1, 1),
(961, '1000928', 'Nombre', 'Apellido', 'default.png', '0414-0000928', '$2y$10$/1cW34PU/T2EYG16cvuSneGXmMIL9VEd4hQ0TVWvdd5SO6Zf09fxG', 'usuario1000928@cannibal.com', 9, 1, 1),
(962, '1000929', 'Nombre', 'Apellido', 'default.png', '0414-0000929', '$2y$10$8PVl/QUBj4pcHgNBKYxfj.1xDs.H0hYeD0.AXhs07mKc1Y26r9aGy', 'usuario1000929@cannibal.com', 9, 1, 1);

--
-- Índices para tablas volcadas
--

--
-- Indices de la tabla `bitacora`
--
ALTER TABLE `bitacora`
  ADD PRIMARY KEY (`id_bitacora`) USING BTREE,
  ADD KEY `idUsuario` (`idUsuario`),
  ADD KEY `modulo` (`id_modulo`);

--
-- Indices de la tabla `modulo`
--
ALTER TABLE `modulo`
  ADD PRIMARY KEY (`id_modulo`);

--
-- Indices de la tabla `notificaciones`
--
ALTER TABLE `notificaciones`
  ADD PRIMARY KEY (`id_notificacion`),
  ADD KEY `id_usuario` (`id_usuario`);

--
-- Indices de la tabla `permisos_roles`
--
ALTER TABLE `permisos_roles`
  ADD PRIMARY KEY (`id_permiso_rol`) USING BTREE,
  ADD KEY `id_modulo` (`id_modulo`),
  ADD KEY `id_rol` (`id_rol`);

--
-- Indices de la tabla `permisos_usuarios`
--
ALTER TABLE `permisos_usuarios`
  ADD PRIMARY KEY (`id_permiso_usuario`),
  ADD KEY `idUsuario` (`idUsuario`,`id_modulo`),
  ADD KEY `id_modulo` (`id_modulo`);

--
-- Indices de la tabla `respaldos`
--
ALTER TABLE `respaldos`
  ADD PRIMARY KEY (`id_respaldo`),
  ADD KEY `idUsuario` (`idUsuario`);

--
-- Indices de la tabla `roles`
--
ALTER TABLE `roles`
  ADD PRIMARY KEY (`id_rol`);

--
-- Indices de la tabla `usuarios`
--
ALTER TABLE `usuarios`
  ADD PRIMARY KEY (`idUsuario`) USING BTREE,
  ADD UNIQUE KEY `cedulaUsuario` (`cedulaUsuario`),
  ADD UNIQUE KEY `correo` (`correo`),
  ADD KEY `id_rol` (`id_rol`);

--
-- AUTO_INCREMENT de las tablas volcadas
--

--
-- AUTO_INCREMENT de la tabla `bitacora`
--
ALTER TABLE `bitacora`
  MODIFY `id_bitacora` int(255) NOT NULL AUTO_INCREMENT;

--
-- AUTO_INCREMENT de la tabla `modulo`
--
ALTER TABLE `modulo`
  MODIFY `id_modulo` int(255) NOT NULL AUTO_INCREMENT, AUTO_INCREMENT=109;

--
-- AUTO_INCREMENT de la tabla `notificaciones`
--
ALTER TABLE `notificaciones`
  MODIFY `id_notificacion` int(255) NOT NULL AUTO_INCREMENT;

--
-- AUTO_INCREMENT de la tabla `permisos_roles`
--
ALTER TABLE `permisos_roles`
  MODIFY `id_permiso_rol` int(255) NOT NULL AUTO_INCREMENT, AUTO_INCREMENT=143;

--
-- AUTO_INCREMENT de la tabla `permisos_usuarios`
--
ALTER TABLE `permisos_usuarios`
  MODIFY `id_permiso_usuario` int(100) NOT NULL AUTO_INCREMENT, AUTO_INCREMENT=6481;

--
-- AUTO_INCREMENT de la tabla `respaldos`
--
ALTER TABLE `respaldos`
  MODIFY `id_respaldo` int(11) NOT NULL AUTO_INCREMENT;

--
-- AUTO_INCREMENT de la tabla `roles`
--
ALTER TABLE `roles`
  MODIFY `id_rol` int(255) NOT NULL AUTO_INCREMENT, AUTO_INCREMENT=17;

--
-- AUTO_INCREMENT de la tabla `usuarios`
--
ALTER TABLE `usuarios`
  MODIFY `idUsuario` int(255) NOT NULL AUTO_INCREMENT, AUTO_INCREMENT=963;

--
-- Restricciones para tablas volcadas
--

--
-- Filtros para la tabla `bitacora`
--
ALTER TABLE `bitacora`
  ADD CONSTRAINT `bitacora_ibfk_2` FOREIGN KEY (`id_modulo`) REFERENCES `modulo` (`id_modulo`),
  ADD CONSTRAINT `bitacora_ibfk_3` FOREIGN KEY (`idUsuario`) REFERENCES `usuarios` (`idUsuario`);

--
-- Filtros para la tabla `notificaciones`
--
ALTER TABLE `notificaciones`
  ADD CONSTRAINT `notificaciones_ibfk_1` FOREIGN KEY (`id_usuario`) REFERENCES `usuarios` (`idUsuario`);

--
-- Filtros para la tabla `permisos_roles`
--
ALTER TABLE `permisos_roles`
  ADD CONSTRAINT `permisos_roles_ibfk_1` FOREIGN KEY (`id_modulo`) REFERENCES `modulo` (`id_modulo`) ON DELETE CASCADE ON UPDATE CASCADE,
  ADD CONSTRAINT `permisos_roles_ibfk_2` FOREIGN KEY (`id_rol`) REFERENCES `roles` (`id_rol`) ON DELETE CASCADE ON UPDATE CASCADE;

--
-- Filtros para la tabla `permisos_usuarios`
--
ALTER TABLE `permisos_usuarios`
  ADD CONSTRAINT `permisos_usuarios_ibfk_1` FOREIGN KEY (`idUsuario`) REFERENCES `usuarios` (`idUsuario`),
  ADD CONSTRAINT `permisos_usuarios_ibfk_2` FOREIGN KEY (`id_modulo`) REFERENCES `modulo` (`id_modulo`);

--
-- Filtros para la tabla `respaldos`
--
ALTER TABLE `respaldos`
  ADD CONSTRAINT `respaldos_ibfk_1` FOREIGN KEY (`idUsuario`) REFERENCES `usuarios` (`idUsuario`) ON UPDATE CASCADE;

--
-- Filtros para la tabla `usuarios`
--
ALTER TABLE `usuarios`
  ADD CONSTRAINT `usuarios_ibfk_1` FOREIGN KEY (`id_rol`) REFERENCES `roles` (`id_rol`);
COMMIT;

/*!40101 SET CHARACTER_SET_CLIENT=@OLD_CHARACTER_SET_CLIENT */;
/*!40101 SET CHARACTER_SET_RESULTS=@OLD_CHARACTER_SET_RESULTS */;
/*!40101 SET COLLATION_CONNECTION=@OLD_COLLATION_CONNECTION */;
