-- phpMyAdmin SQL Dump
-- version 5.2.1
-- https://www.phpmyadmin.net/
--
-- Servidor: 127.0.0.1
-- Tiempo de generaciĆ³n: 12-07-2026 a las 19:51:09
-- VersiĆ³n del servidor: 10.4.28-MariaDB
-- VersiĆ³n de PHP: 8.2.4

SET SQL_MODE = "NO_AUTO_VALUE_ON_ZERO";
START TRANSACTION;
SET time_zone = "+00:00";


/*!40101 SET @OLD_CHARACTER_SET_CLIENT=@@CHARACTER_SET_CLIENT */;
/*!40101 SET @OLD_CHARACTER_SET_RESULTS=@@CHARACTER_SET_RESULTS */;
/*!40101 SET @OLD_COLLATION_CONNECTION=@@COLLATION_CONNECTION */;
/*!40101 SET NAMES utf8mb4 */;

--
-- Base de datos: `bds2`
--
CREATE DATABASE IF NOT EXISTS `bds2` DEFAULT CHARACTER SET utf8 COLLATE utf8_spanish_ci;
USE `bds2`;

-- --------------------------------------------------------

--
-- Estructura de tabla para la tabla `bitacora`
--

DROP TABLE IF EXISTS `bitacora`;
CREATE TABLE `bitacora` (
  `id_bitacora` int(11) NOT NULL,
  `id_modulo` int(11) NOT NULL,
  `acciones` varchar(255) NOT NULL,
  `datos_previos` varchar(255) NOT NULL DEFAULT 'No Aplica',
  `datos_nuevos` varchar(255) NOT NULL DEFAULT 'No Aplica',
  `entorno` varchar(50) NOT NULL,
  `fecha_hora` timestamp NOT NULL DEFAULT current_timestamp() ON UPDATE current_timestamp(),
  `idUsuario` int(11) NOT NULL
) ENGINE=InnoDB DEFAULT CHARSET=utf8 COLLATE=utf8_spanish_ci;

--
-- Volcado de datos para la tabla `bitacora`
--

INSERT INTO `bitacora` (`id_bitacora`, `id_modulo`, `acciones`, `datos_previos`, `datos_nuevos`, `entorno`, `fecha_hora`, `idUsuario`) VALUES
(1281, 1, 'Ingreso al Modulo', '', '', 'Mozilla/5.0 (Windows NT 10.0; Win64; x64) AppleWeb', '2026-07-12 17:26:24', 1),
(1282, 1, 'Registro al usuario: 29997994 Yessica Melendez', '', '', 'Mozilla/5.0 (Windows NT 10.0; Win64; x64) AppleWeb', '2026-07-12 17:28:37', 1),
(1283, 1, 'Modifico al usuario: 29997994 Yessica Melendez', '', '', 'Mozilla/5.0 (Windows NT 10.0; Win64; x64) AppleWeb', '2026-07-12 17:29:02', 1),
(1284, 1, 'Ingreso al Modulo', '', '', 'Mozilla/5.0 (Windows NT 10.0; Win64; x64) AppleWeb', '2026-07-12 17:30:35', 1),
(1285, 1, 'Registro al usuario: 29531465 Yonathan MogollĆ³n', '', '', 'Mozilla/5.0 (Windows NT 10.0; Win64; x64) AppleWeb', '2026-07-12 17:32:53', 1),
(1286, 1, 'Bloqueo al usuario: 3', '', '', 'Mozilla/5.0 (Windows NT 10.0; Win64; x64) AppleWeb', '2026-07-12 17:33:09', 1),
(1287, 1, 'Desbloqueo al usuario: 3', '', '', 'Mozilla/5.0 (Windows NT 10.0; Win64; x64) AppleWeb', '2026-07-12 17:33:12', 1),
(1288, 1, 'Ingreso al Modulo', '', '', 'Mozilla/5.0 (Windows NT 10.0; Win64; x64) AppleWeb', '2026-07-12 17:34:00', 1),
(1289, 1, 'Ingreso al Modulo', '', '', 'Mozilla/5.0 (Windows NT 10.0; Win64; x64) AppleWeb', '2026-07-12 17:42:08', 1),
(1290, 1, 'Ingreso a Editar Perfil', '', '', 'Mozilla/5.0 (Windows NT 10.0; Win64; x64) AppleWeb', '2026-07-12 17:49:50', 1),
(1291, 1, 'ActualizĆ³ sus credenciales de seguridad de perfil.', '', '', 'Mozilla/5.0 (Windows NT 10.0; Win64; x64) AppleWeb', '2026-07-12 17:50:22', 1),
(1292, 1, 'Ingreso a Editar Perfil', '', '', 'Mozilla/5.0 (Windows NT 10.0; Win64; x64) AppleWeb', '2026-07-12 17:50:23', 1);

-- --------------------------------------------------------

--
-- Estructura de tabla para la tabla `excepciones`
--

DROP TABLE IF EXISTS `excepciones`;
CREATE TABLE `excepciones` (
  `id_excepcion` int(11) NOT NULL,
  `id_permiso` int(11) NOT NULL,
  `id_usuario` int(11) NOT NULL,
  `tipo` tinyint(4) NOT NULL DEFAULT 2
) ENGINE=InnoDB DEFAULT CHARSET=utf8 COLLATE=utf8_spanish_ci;

-- --------------------------------------------------------

--
-- Estructura de tabla para la tabla `modulos`
--

DROP TABLE IF EXISTS `modulos`;
CREATE TABLE `modulos` (
  `id_modulo` int(11) NOT NULL,
  `nombre_modulo` varchar(50) NOT NULL,
  `descripcion` varchar(100) NOT NULL,
  `icono` varchar(25) NOT NULL DEFAULT 'circle-minus',
  `estatus` tinyint(4) NOT NULL DEFAULT 1
) ENGINE=InnoDB DEFAULT CHARSET=utf8 COLLATE=utf8_spanish_ci;

--
-- Volcado de datos para la tabla `modulos`
--

INSERT INTO `modulos` (`id_modulo`, `nombre_modulo`, `descripcion`, `icono`, `estatus`) VALUES
(1, 'Usuarios', 'GestiĆ³n De Usuarios', 'users', 1),
(2, 'Roles', 'GestiĆ³n De Roles Y Perfiles', 'shield-user', 1),
(3, 'Bitacora', 'Registro de auditorĆ­a del sistema', 'notebook', 1),
(4, 'Inicio de Sesion', 'MĆ³dulo de acceso al sistema', 'circle-minus', 1),
(5, 'Cerrar Sesion', 'MĆ³dulo de salida del sistema', 'circle-minus', 1),
(8, 'Recuperacion De ContraseĆ±a', 'GestiĆ³n de recuperaciĆ³n de claves', 'circle-minus', 1),
(9, 'Representantes', 'GestiĆ³n de representantes', 'user-star', 1),
(10, 'Posiciones', 'GestiĆ³n de posiciones', 'land-plot', 1),
(11, 'Categorias', 'GestiĆ³n de categorĆ­as deportivas', 'bring-to-front', 1),
(12, 'Cargos', 'GestiĆ³n de cargos', 'hand-coins', 1),
(13, 'Pagos', 'GestiĆ³n de pagos', 'banknote', 1),
(14, 'Metodos de Pago', 'GestiĆ³n de mĆ©todos de pago', 'wallet', 1),
(15, 'Inventario de Articulos', 'GestiĆ³n de equipamiento', 'boxes', 1),
(16, 'Catalogo', 'CatĆ”logo general', 'clipboard-pen-line', 1),
(17, 'Asignaciones', 'GestiĆ³n de asignaciones', 'list-plus', 1),
(18, 'Devoluciones', 'GestiĆ³n de devoluciones', 'list-restart', 1),
(19, 'Torneos', 'GestiĆ³n de torneos', 'trophy', 1),
(20, 'Equipos', 'GestiĆ³n de equipos', 'shield-half', 1),
(21, 'Premios', 'GestiĆ³n de premios', 'medal', 1),
(22, 'Palmares', 'GestiĆ³n de palmarĆ©s', 'podium', 1),
(23, 'Estadisticas', 'GestiĆ³n de estadĆ­sticas', 'chart-area', 1),
(99, 'IA', 'MĆ³dulo de Inteligencia Artificial', 'bot-message-square', 1),
(100, 'Atletas', 'GestiĆ³n de atletas', 'circle-star', 1),
(101, 'Conceptos de Cargos', 'DefiniciĆ³n de conceptos contables', 'receipt', 1),
(102, 'Monedas', 'GestiĆ³n de tipos de moneda', 'coins', 1),
(103, 'Categoria de Catalogo', 'GestiĆ³n de categorĆ­as de equipo', 'layers-plus', 1),
(104, 'Estado Fisico', 'GestiĆ³n de control de calidad', 'badge-check', 1),
(105, 'Participaciones', 'GestiĆ³n de participaciones', 'shield-check', 1),
(106, 'Respaldo de Base de Datos', 'GestiĆ³n de respaldos de base de datos', 'server-cog', 1),
(107, 'Reportes Estadisticos', 'GeneraciĆ³n de reportes', 'chart-column-stacked', 1),
(109, 'Permisos', 'Gestionar los permisos de los usuarios', 'user-key', 1),
(110, 'Tasa de Cambio', 'Gestionar las tasa de cambios', 'arrow-left-right', 1),
(112, 'Modulos', 'Gestion de modulos del sistema', 'component', 1);

-- --------------------------------------------------------

--
-- Estructura de tabla para la tabla `notificaciones`
--

DROP TABLE IF EXISTS `notificaciones`;
CREATE TABLE `notificaciones` (
  `id_notificacion` int(11) NOT NULL,
  `id_usuario` int(11) NOT NULL,
  `titulo` varchar(100) NOT NULL,
  `mensaje` text NOT NULL,
  `tipo` tinyint(4) NOT NULL,
  `creado_en` timestamp NOT NULL DEFAULT current_timestamp(),
  `estatus` tinyint(4) NOT NULL DEFAULT 1
) ENGINE=InnoDB DEFAULT CHARSET=utf8 COLLATE=utf8_spanish_ci;

-- --------------------------------------------------------

--
-- Estructura de tabla para la tabla `permisos`
--

DROP TABLE IF EXISTS `permisos`;
CREATE TABLE `permisos` (
  `id_permiso` int(11) NOT NULL,
  `id_modulo` int(11) NOT NULL,
  `nombre` varchar(100) NOT NULL,
  `clave` varchar(50) NOT NULL,
  `descripcion` varchar(100) NOT NULL DEFAULT 'Sin DescripciĆ³n ',
  `estatus` tinyint(4) NOT NULL DEFAULT 1
) ENGINE=InnoDB DEFAULT CHARSET=utf8 COLLATE=utf8_spanish_ci;

--
-- Volcado de datos para la tabla `permisos`
--

INSERT INTO `permisos` (`id_permiso`, `id_modulo`, `nombre`, `clave`, `descripcion`, `estatus`) VALUES
(1, 100, 'Registrar Atleta', 'incluir_atleta', 'Permitir El Registro Del Atleta En El Club', 1),
(2, 100, 'Retirar Atleta', 'retirar_atleta', 'Sin DescripciĆ³n ', 1),
(3, 100, 'Ingresar A Atletas', 'ingresar_atleta', 'Poder Ingresar Al Modulo De Atletas', 1),
(4, 9, 'Registrar Representante', 'registrar_representante', 'Sin DescripciĆ³n ', 1),
(5, 9, 'Modificar Representante', 'modificar_representante', 'Permitir La Modificacion De Un Representante Ya Ex', 1),
(6, 9, 'Eliminar Representante', 'eliminar_representante', 'Permitir La Modificacion De Un Representante Ya Ex', 1),
(7, 9, 'Ingresar A Representantes', 'ingresar_representantes', 'Permitir El Ingreso Al Modulo De Representantes', 1),
(8, 9, 'Generar Reporte De Representantes', 'generar_representante', 'Permitir Generar Un Reporte Sobre Los Representant', 1),
(9, 109, 'Ingresar A Permisos', 'ingresar_permisos', 'Permitir El Ingreso Al Modulo De Permisos', 1),
(10, 109, 'Registrar Permisos', 'registrar_permisos', 'Permitir El Registro De Un Nuevo Permiso', 1),
(11, 109, 'Modificar Permisos', 'modificar_permisos', 'Permitir La Modificacion De Los Permisos', 1),
(12, 109, 'Bloquear Permisos', 'bloquear_permisos', 'Permitir El Bloque De Los Permisos Para Que No Pueda Ser Accesible Por Ningun Usuario', 1),
(13, 10, 'Ingresar A Posiciones', 'ingresar_posiciones', 'Sin DescripciĆ³n ', 1),
(14, 100, 'Modificar Atletas', 'modificar_atleta', 'Sin DescripciĆ³n ', 1),
(15, 100, 'Generar Corriculum', 'curriculum_atleta', 'Sin DescripciĆ³n ', 1),
(16, 100, 'Generar Reporte De Atletas', 'generar_atletas', 'Sin DescripciĆ³n', 1),
(17, 100, 'Reinscribir Atletas', 'reinscribir_atleta', 'Sin DescripciĆ³n ', 1),
(18, 10, 'Registrar Posiciones', 'registrar_posicion', 'Sin DescripciĆ³n ', 1),
(19, 10, 'Eliminar Posiciones', 'eliminar_posicion', 'Sin DescripciĆ³n ', 1),
(20, 10, 'Modificar Posiciones', 'modificar_posicion', 'Sin DescripciĆ³n ', 1),
(21, 10, 'Generar Reporte De Posiciones', 'generar_posiciones', 'Sin DescripciĆ³n ', 1),
(22, 12, 'Ingresar A Cargos', 'ingresar_cargo', 'Sin DescripciĆ³n ', 1),
(23, 12, 'Registrar Cargos', 'registrar_cargo', 'Sin DescripciĆ³n ', 1),
(24, 12, 'Modificar Cargos', 'modificar_cargo', 'Sin DescripciĆ³n ', 1),
(25, 12, 'Anular Cargos', 'anular_cargo', 'Sin DescripciĆ³n', 1),
(26, 12, 'Generar Reporte De Cargos', 'generar_cargo', 'Sin DescripciĆ³n ', 1),
(27, 13, 'Ingresar A Pagos', 'ingresar_pago', 'Sin DescripciĆ³n ', 1),
(28, 13, 'Registrar Pagos', 'registrar_pago', 'Sin DescripciĆ³n ', 1),
(29, 13, 'Anular Pagos', 'anular_pago', 'Sin DescripciĆ³n ', 1),
(30, 13, 'Generar Reporte De Pagos', 'generar_pago', 'Sin DescripciĆ³n ', 1),
(31, 14, 'Ingresar A Metodos De Pago', 'ingresar_metodop', 'Sin DescripciĆ³n ', 1),
(32, 14, 'Registrar Metodos De Pago', 'registrar_metodosp', 'Sin DescripciĆ³n ', 1),
(33, 14, 'Modificar Metodo De Pago', 'modificar_metodop', 'Sin DescripciĆ³n ', 1),
(34, 14, 'Eliminar Metodos De Pago', 'eliminar_metodop', 'Sin DescripciĆ³n ', 1),
(35, 14, 'Bloquear Metodos De Pago', 'bloquear_metodop', 'Sin DescripciĆ³n ', 1),
(36, 14, 'Generar Reportes De Metodos De Pago', 'generar_metodop', 'Sin DescripciĆ³n ', 1),
(37, 102, 'Ingresar A Monedas', 'ingresar_moneda', 'Sin DescripciĆ³n ', 1),
(38, 102, 'Registrar Monedas', 'registrar_moneda', 'Sin DescripciĆ³n ', 1),
(39, 102, 'Modificar Monedas', 'modificar_moneda', 'Sin DescripciĆ³n ', 1),
(40, 102, 'Eliminar Monedas', 'elimina_moneda', 'Sin DescripciĆ³n ', 1),
(41, 102, 'Bloquear Monedas', 'bloquear_moneda', 'Sin DescripciĆ³n ', 1),
(42, 102, 'Asignar Moneda Base', 'asignar_moneda', 'Sin DescripciĆ³n ', 1),
(43, 102, 'Generar Reportes De Moneda', 'generar_moneda', 'Sin DescripciĆ³n ', 1),
(44, 110, 'Ingresar A Tasa De Cambio', 'ingresar_tasa', 'Permitir El Ingreso Al Modulo De Tasa De Cambio', 1),
(45, 110, 'Sincronizar Tasa De Cambio', 'sincronizar_tasa', 'Permitir Sincronizar La Tasa De Cambio Del Dia De Forma Automatica', 1),
(46, 110, 'Registrar Tasa De Cambio', 'registrar_tasa', 'Permitir El Registro De Una Tasa Personalizada', 1),
(47, 11, 'Ingresar A Categorias', 'ingresar_categorias', 'Ingreso A Categorias', 1),
(48, 11, 'Registrar Categorias', 'registrar_categoria', 'Sin DescripciĆ³n ', 1),
(49, 11, 'Modificar Categorias', 'modificar_categoria', 'Sin DescripciĆ³n ', 1),
(50, 11, 'Eliminar Categorias', 'eliminar_categoria', 'Sin DescripciĆ³n ', 1),
(51, 11, 'Generar Reportar', 'generar_categoria', 'Sin DescripciĆ³n ', 1),
(52, 19, 'Ingresar A Torneos', 'ingresar_torneos', 'Permiso Para Poder Ingresar A Torneos', 1),
(53, 19, 'Registrar Torneo', 'registrar_torneo', 'Registrar Los Torneos', 1),
(54, 19, 'Modificar Torneo', 'modificar_torneo', 'Modificar Los Torneos Registrados', 1),
(55, 19, 'Eliminar Torneo', 'eliminar_torneo', 'Eliminar Los Torneos Registrados', 1),
(56, 101, 'Ingresar A Conceptos', 'ingresar_conceptos', 'Sin DescripciĆ³n ', 1),
(57, 101, 'Registrar Conceptos', 'registrar_concepto', 'Sin DescripciĆ³n ', 1),
(58, 101, 'Modificar Conceptos', 'modificar_concepto', 'Sin DescripciĆ³n ', 1),
(59, 101, 'Eliminar Conceptos', 'eliminar_concepto', 'Sin DescripciĆ³n', 1),
(60, 101, 'Generar Reporte De Conceptos De Cargo', 'generar_concepto', 'Sin DescripciĆ³n ', 1),
(61, 19, 'Generar Reportes De Torneos', 'generar_torneos', 'Sin DescripciĆ³n ', 1),
(62, 101, 'Bloquear Concepto', 'bloquear_concepto', 'Sin DescripciĆ³n ', 1),
(63, 20, 'Ingresar A Equipos', 'ingresar_equipo', 'Sin DescripciĆ³n ', 1),
(64, 20, 'Registrar Equipos', 'registrar_equipo', 'Sin DescripciĆ³n ', 1),
(65, 20, 'Modificar Equipos', 'modificar_equipo', 'Sin DescripciĆ³n ', 1),
(66, 20, 'Eliminar Equipos', 'eliminar_equipo', 'Sin DescripciĆ³n ', 1),
(67, 20, 'Generar Reportes De Equipos', 'generar_equipo', 'Sin DescripciĆ³n ', 1),
(68, 105, 'Ingresar A Participaciones', 'ingresar_partici', 'Sin DescripciĆ³n ', 1),
(69, 105, 'Registrar Participaciones', 'registrar_partici', 'Sin DescripciĆ³n ', 1),
(70, 105, 'Modificar Participacion', 'modificar_partici', 'Sin DescripciĆ³n ', 1),
(71, 105, 'Eliminar Perticipaciones', 'eliminar_partici', 'Sin DescripciĆ³n ', 1),
(72, 105, 'Generar Reporte De Participaciones', 'generar_partici', 'Sin DescripciĆ³n ', 1),
(73, 21, 'Ingresar A Premios', 'ingresar_premio', 'Sin DescripciĆ³n ', 1),
(74, 21, 'Registrar Premios', 'registrar_premio', 'Sin DescripciĆ³n ', 1),
(75, 21, 'Modificar Premios', 'modificar_premio', 'Sin DescripciĆ³n ', 1),
(76, 21, 'Eliminar Premios', 'eliminar_premio', 'Sin DescripciĆ³n ', 1),
(77, 21, 'Generar Reporte De Premios', 'generar_premio', 'Sin DescripciĆ³n ', 1),
(78, 22, 'Ingresar A Palmares', 'ingresar_palmares', 'Sin DescripciĆ³n ', 1),
(79, 22, 'Registrar Palmares', 'registrar_palmares', 'Sin DescripciĆ³n ', 1),
(80, 22, 'Modificar Palamares', 'modificar_palmares', 'Sin DescripciĆ³n ', 1),
(81, 22, 'Eliminar Palmares', 'eliminar_palmares', 'Sin DescripciĆ³n ', 1),
(82, 22, 'Generar Reporte De Palmares', 'generar_palmares', 'Sin DescripciĆ³n ', 1),
(83, 23, 'Ingresar A Estadisticas', 'ingresar_estadistica', 'Sin DescripciĆ³n ', 1),
(84, 23, 'Registrar Estadisticas', 'registrar_estadistica', 'Sin DescripciĆ³n ', 1),
(85, 23, 'Modificar Estadisticas', 'modificar_estadistica', 'Sin DescripciĆ³n ', 1),
(86, 23, 'Eliminar Estadisticas', 'eliminar_estadistica', 'Sin DescripciĆ³n ', 1),
(87, 23, 'Generar Reporte De Estadisticas', 'generar_estadistica', 'Sin DescripciĆ³n ', 1),
(88, 107, 'Ingresar A Reportes Estadisticos', 'ingresar_reportes', 'Sin DescripciĆ³n ', 1),
(89, 1, 'Ingresar A Usuarios', 'ingresar_usuarios', 'Sin DescripciĆ³n ', 1),
(90, 1, 'Registrar Usuarios', 'registrar_usuario', 'Sin DescripciĆ³n ', 1),
(91, 1, 'Modificar Usuarios', 'modificar_usuario', 'Sin DescripciĆ³n ', 1),
(92, 1, 'Eliminar Usuarios', 'eliminar_usuario', 'Sin DescripciĆ³n ', 1),
(93, 1, 'Bloquear Usuarios', 'bloquear_usuario', 'Sin DescripciĆ³n ', 1),
(94, 1, 'Editar Permisos De Los Usuarios', 'permisos_usuario', 'Sin DescripciĆ³n ', 1),
(95, 1, 'Generar Reportes De Usuarios', 'generar_usuarios', 'Sin DescripciĆ³n ', 1),
(96, 2, 'Ingresar A Roles', 'ingresar_rol', 'Sin DescripciĆ³n ', 1),
(97, 2, 'Registrar Roles', 'registrar_rol', 'Sin DescripciĆ³n ', 1),
(98, 2, 'Eliminar Roles', 'eliminar_rol', 'Sin DescripciĆ³n ', 1),
(99, 2, 'Modificar Roles', 'modificar_rol', 'Sin DescripciĆ³n ', 1),
(100, 2, 'Editar Permisos De Los Roles', 'permisos_rol', 'Sin DescripciĆ³n ', 1),
(101, 2, 'Generar Reportes De Roles', 'generar_rol', 'Sin DescripciĆ³n ', 1),
(102, 112, 'Ingresar A Modulos', 'ingresar_modulos', 'Sin DescripciĆ³n ', 1),
(103, 112, 'Modificar Modulos', 'modificar_modulo', 'Sin DescripciĆ³n ', 1),
(104, 3, 'Ingreso A Bitacora', 'ingresar_bitacora', 'Sin DescripciĆ³n ', 1),
(105, 3, 'Generar Reportes De Bitacora', 'generar_bitacora', 'Sin DescripciĆ³n ', 1),
(106, 18, 'Ingresar A Devoluciones', 'ingresar_devoluciones', 'Sin DescripciĆ³n', 1),
(107, 18, 'Registrar Devoluciones', 'registrar_devoluciones', 'Sin DescripciĆ³n', 1),
(108, 18, 'Modificar Devoluciones', 'modificar_devoluciones', 'Sin DescripciĆ³n', 1),
(109, 18, 'Anular Devoluciones', 'eliminar_devoluciones', 'Sin DescripciĆ³n', 1),
(110, 18, 'Generar Reporte De Devoluciones', 'reporte_devoluciones', 'Sin DescripciĆ³n', 1),
(111, 16, 'Ingresar A Catalogos', 'ingresar_catalogos', 'Sin DescripciĆ³n ', 1),
(112, 16, 'Registrar Catalogo', 'registrar_catalogo', 'Sin DescripciĆ³n ', 1),
(113, 16, 'Modificar Catalogo', 'modificar_catalogo', 'Sin DescripciĆ³n ', 1),
(114, 16, 'Eliminar Catalogo', 'eliminar_catalogo', 'Sin DescripciĆ³n ', 1),
(115, 16, 'Generar Catalogo', 'generar_catalogo', 'Sin DescripciĆ³n ', 1),
(116, 15, 'Ingresar Al Inventario De Articulos', 'ingresar_articulos', 'Sin DescripciĆ³n ', 1),
(117, 15, 'Registrar Articulo', 'registrar_articulo', 'Sin DescripciĆ³n ', 1),
(118, 15, 'Modificar Articulo', 'modificar_articulo', 'Sin DescripciĆ³n ', 1),
(119, 15, 'Eliminar Articulo', 'eliminar_articulo', 'Sin DescripciĆ³n ', 1),
(120, 15, 'Generar Reporte De Articulo', 'generar_articulo', 'Sin DescripciĆ³n', 1),
(121, 104, 'Ingresar A Estado Fisico', 'ingresar_estfisico', 'Sin DescripciĆ³n', 1),
(122, 104, 'Registrar Estado Fisico', 'registrar_estfisico', 'Sin DescripciĆ³n', 1),
(123, 104, 'Modificar Estado Fisico', 'modificar_estfisico', 'Sin DescripciĆ³n', 1),
(124, 104, 'Eliminar Estado Fisico', 'eliminar_estfisico', 'Sin DescripciĆ³n', 1),
(125, 104, 'Generar Reporte de Estado fisico', 'generar_estfisico', 'Sin DescripciĆ³n ', 1),
(126, 103, 'Ingresar A Categorias Catalogo', 'ingresar_catcatalogos', 'Sin DescripciĆ³n ', 1),
(127, 103, 'Registrar Categoria Catalogos', 'registrar_catcatalogo', 'Sin DescripciĆ³n ', 1),
(128, 103, 'Modificar Categoria Catalogo', 'modificar_catcatalogo', 'Sin DescripciĆ³n ', 1),
(129, 103, 'Eliminar Categoria Catalogo', 'eliminar_catcatalogo', 'Sin DescripciĆ³n ', 1),
(130, 103, 'Generar Reporte', 'generar_catcatalogo', 'Sin DescripciĆ³n ', 1),
(131, 17, 'Ingresar A Asignaciones', 'ingresar_asignaciones', 'Sin DescripciĆ³n ', 1),
(132, 17, 'Registrar Asignaciones', 'registrar_asignacion', 'Sin DescripciĆ³n ', 1),
(133, 17, 'Modificar Asignaciones', 'modificar_asignacion', 'Sin DescripciĆ³n ', 1),
(134, 17, 'Anular Asignacion', 'anular_asignacion', 'Sin DescripciĆ³n ', 1),
(135, 17, 'Generar Reporte Asignacion', 'generar_asignaciones', 'Sin DescripciĆ³n ', 1),
(136, 106, 'Ingresar A Mantenimiento De La Bd', 'ingresar_respaldos', 'Sin DescripciĆ³n ', 1),
(137, 106, 'Crear Respaldo', 'registrar_respaldo', 'Sin DescripciĆ³n ', 1),
(138, 106, 'Restaurar Base De Datos', 'modificar_respaldo', 'Sin DescripciĆ³n ', 1),
(139, 106, 'Eliminar Respaldo', 'eliminar_respaldo', 'Sin DescripciĆ³n ', 1);

-- --------------------------------------------------------

--
-- Estructura de tabla para la tabla `permisos_rol`
--

DROP TABLE IF EXISTS `permisos_rol`;
CREATE TABLE `permisos_rol` (
  `id_permiso_rol` int(11) NOT NULL,
  `id_permiso` int(11) NOT NULL,
  `id_rol` int(11) NOT NULL
) ENGINE=InnoDB DEFAULT CHARSET=utf8 COLLATE=utf8_spanish_ci;

--
-- Volcado de datos para la tabla `permisos_rol`
--

INSERT INTO `permisos_rol` (`id_permiso_rol`, `id_permiso`, `id_rol`) VALUES
(16, 4, 4),
(17, 5, 4),
(18, 6, 4),
(19, 7, 4),
(20, 8, 4),
(21, 13, 4),
(22, 18, 4),
(23, 19, 4),
(24, 20, 4),
(25, 21, 4),
(26, 47, 4),
(27, 48, 4),
(28, 49, 4),
(29, 50, 4),
(30, 51, 4),
(31, 1, 4),
(32, 2, 4),
(33, 3, 4),
(34, 14, 4),
(35, 15, 4),
(36, 16, 4),
(37, 17, 4);

-- --------------------------------------------------------

--
-- Estructura de tabla para la tabla `respaldos`
--

DROP TABLE IF EXISTS `respaldos`;
CREATE TABLE `respaldos` (
  `id_respaldo` int(11) NOT NULL,
  `id_usuario` int(11) NOT NULL,
  `nombre_archivo` varchar(100) NOT NULL,
  `peso` varchar(20) NOT NULL,
  `fecha_creacion` datetime NOT NULL,
  `estatus` tinyint(2) NOT NULL DEFAULT 1
) ENGINE=InnoDB DEFAULT CHARSET=utf8 COLLATE=utf8_spanish_ci;

-- --------------------------------------------------------

--
-- Estructura de tabla para la tabla `roles`
--

DROP TABLE IF EXISTS `roles`;
CREATE TABLE `roles` (
  `id_rol` int(11) NOT NULL,
  `nombre_rol` varchar(35) NOT NULL,
  `descripcion` varchar(50) DEFAULT 'Sin Descripcin',
  `nivel_rol` tinyint(4) NOT NULL DEFAULT 3,
  `estatus` tinyint(4) NOT NULL DEFAULT 1
) ENGINE=InnoDB DEFAULT CHARSET=utf8 COLLATE=utf8_spanish_ci;

--
-- Volcado de datos para la tabla `roles`
--

INSERT INTO `roles` (`id_rol`, `nombre_rol`, `descripcion`, `nivel_rol`, `estatus`) VALUES
(1, 'Superusuario', 'Acceso A Todo El Sistema', 2, 1),
(4, 'Contador', 'Maneja El Area Contable Del Club', 3, 1),
(5, 'Soporte', 'Rol Para Soporte', 1, 1);

-- --------------------------------------------------------

--
-- Estructura de tabla para la tabla `usuarios`
--

DROP TABLE IF EXISTS `usuarios`;
CREATE TABLE `usuarios` (
  `idUsuario` int(11) NOT NULL,
  `cedulaUsuario` varchar(10) NOT NULL,
  `nombreUsuario` varchar(35) NOT NULL,
  `apellidoUsuario` varchar(35) NOT NULL,
  `foto` varchar(255) NOT NULL DEFAULT 'default.png',
  `telefonoUsuario` varchar(15) NOT NULL,
  `pass_hash` varchar(255) NOT NULL,
  `correo` varchar(60) NOT NULL,
  `id_rol` int(11) NOT NULL,
  `ultimo_ingreso` datetime DEFAULT NULL,
  `intentos_fallidos` int(11) NOT NULL DEFAULT 0,
  `estatus` tinyint(4) NOT NULL DEFAULT 1,
  `bloqueo` tinyint(4) NOT NULL DEFAULT 1
) ENGINE=InnoDB DEFAULT CHARSET=utf8 COLLATE=utf8_spanish_ci;

--
-- Volcado de datos para la tabla `usuarios`
--

INSERT INTO `usuarios` (`idUsuario`, `cedulaUsuario`, `nombreUsuario`, `apellidoUsuario`, `foto`, `telefonoUsuario`, `pass_hash`, `correo`, `id_rol`, `ultimo_ingreso`, `intentos_fallidos`, `estatus`, `bloqueo`) VALUES
(1, '12345678', 'Admin', 'Admin', 'user_12345678_1783874906.jpg', '1234-5678909', '$2y$10$wX2681v1JKAWgLVNC4ILleAltRb1SSikv2T1aMknanUrC2.Vo3Y3i', 'admin@gmail.com', 1, '2026-07-12 13:15:55', 0, 1, 1),
(3, '29506932', 'Moises', 'Torrellas', 'user_29506932_1783876758.jpg', '0412-0565231', '$2y$10$aG.8xwekD3.T1Vp1oktcp.W6hG5Kztobw8QjkglaEeZAYAQyhTmbe', 'moitcj@gmail.com', 5, '2026-07-12 13:15:04', 0, 1, 1),
(5, '29517871', 'Leonardo', 'Medina', 'user_29517871_1783876738.jpg', '0426-6589382', '$2y$10$nzDUpRMt.RMrMxKm/VvZk..mAaOdcg24jhqnO0386LKj3QSYeSP4O', 'leodi0611@gmail.com', 5, NULL, 0, 1, 1),
(6, '29997994', 'Yessica', 'Melendez', 'user_29997994_1783877342.jpg', '0426-2430903', '$2y$10$NQ2l46IOYTd1DJIRvNlrFOHYlzSumMp8kPMVUK221couPGCy/bvq.', 'yessicamelendez0708@gmail.com', 5, NULL, 0, 1, 1),
(7, '29531465', 'Yonathan', 'MogollĆ³n', 'user_29531465_1783877573.jpg', '0412-3652677', '$2y$10$jZPAhca4AS48yEuVKBrS3OltCeWQ54xdKpUNMkS/fhRHwWw.Inlqu', 'yonathanmogollon2002@gmail.com', 5, NULL, 0, 1, 1);

--
-- Ćndices para tablas volcadas
--

--
-- Indices de la tabla `bitacora`
--
ALTER TABLE `bitacora`
  ADD PRIMARY KEY (`id_bitacora`),
  ADD KEY `idUsuario` (`idUsuario`),
  ADD KEY `id_modulo` (`id_modulo`);

--
-- Indices de la tabla `excepciones`
--
ALTER TABLE `excepciones`
  ADD PRIMARY KEY (`id_excepcion`),
  ADD KEY `id_permiso` (`id_permiso`),
  ADD KEY `id_usuario` (`id_usuario`);

--
-- Indices de la tabla `modulos`
--
ALTER TABLE `modulos`
  ADD PRIMARY KEY (`id_modulo`);

--
-- Indices de la tabla `notificaciones`
--
ALTER TABLE `notificaciones`
  ADD PRIMARY KEY (`id_notificacion`),
  ADD KEY `id_usuario` (`id_usuario`);

--
-- Indices de la tabla `permisos`
--
ALTER TABLE `permisos`
  ADD PRIMARY KEY (`id_permiso`),
  ADD KEY `id_modulo` (`id_modulo`);

--
-- Indices de la tabla `permisos_rol`
--
ALTER TABLE `permisos_rol`
  ADD PRIMARY KEY (`id_permiso_rol`),
  ADD KEY `id_rol` (`id_rol`),
  ADD KEY `id_permiso` (`id_permiso`);

--
-- Indices de la tabla `respaldos`
--
ALTER TABLE `respaldos`
  ADD PRIMARY KEY (`id_respaldo`);

--
-- Indices de la tabla `roles`
--
ALTER TABLE `roles`
  ADD PRIMARY KEY (`id_rol`);

--
-- Indices de la tabla `usuarios`
--
ALTER TABLE `usuarios`
  ADD PRIMARY KEY (`idUsuario`),
  ADD UNIQUE KEY `cedulaUsuario` (`cedulaUsuario`),
  ADD UNIQUE KEY `correo` (`correo`),
  ADD KEY `id_rol` (`id_rol`);

--
-- AUTO_INCREMENT de las tablas volcadas
--

--
-- AUTO_INCREMENT de la tabla `bitacora`
--
ALTER TABLE `bitacora`
  MODIFY `id_bitacora` int(11) NOT NULL AUTO_INCREMENT, AUTO_INCREMENT=1293;

--
-- AUTO_INCREMENT de la tabla `excepciones`
--
ALTER TABLE `excepciones`
  MODIFY `id_excepcion` int(11) NOT NULL AUTO_INCREMENT, AUTO_INCREMENT=8;

--
-- AUTO_INCREMENT de la tabla `modulos`
--
ALTER TABLE `modulos`
  MODIFY `id_modulo` int(11) NOT NULL AUTO_INCREMENT, AUTO_INCREMENT=113;

--
-- AUTO_INCREMENT de la tabla `notificaciones`
--
ALTER TABLE `notificaciones`
  MODIFY `id_notificacion` int(11) NOT NULL AUTO_INCREMENT, AUTO_INCREMENT=92;

--
-- AUTO_INCREMENT de la tabla `permisos`
--
ALTER TABLE `permisos`
  MODIFY `id_permiso` int(11) NOT NULL AUTO_INCREMENT, AUTO_INCREMENT=140;

--
-- AUTO_INCREMENT de la tabla `permisos_rol`
--
ALTER TABLE `permisos_rol`
  MODIFY `id_permiso_rol` int(11) NOT NULL AUTO_INCREMENT, AUTO_INCREMENT=38;

--
-- AUTO_INCREMENT de la tabla `respaldos`
--
ALTER TABLE `respaldos`
  MODIFY `id_respaldo` int(11) NOT NULL AUTO_INCREMENT, AUTO_INCREMENT=5;

--
-- AUTO_INCREMENT de la tabla `roles`
--
ALTER TABLE `roles`
  MODIFY `id_rol` int(11) NOT NULL AUTO_INCREMENT, AUTO_INCREMENT=6;

--
-- AUTO_INCREMENT de la tabla `usuarios`
--
ALTER TABLE `usuarios`
  MODIFY `idUsuario` int(11) NOT NULL AUTO_INCREMENT, AUTO_INCREMENT=8;

--
-- Restricciones para tablas volcadas
--

--
-- Filtros para la tabla `bitacora`
--
ALTER TABLE `bitacora`
  ADD CONSTRAINT `bitacora_ibfk_1` FOREIGN KEY (`idUsuario`) REFERENCES `usuarios` (`idUsuario`),
  ADD CONSTRAINT `bitacora_ibfk_2` FOREIGN KEY (`id_modulo`) REFERENCES `modulos` (`id_modulo`);

--
-- Filtros para la tabla `excepciones`
--
ALTER TABLE `excepciones`
  ADD CONSTRAINT `excepciones_ibfk_1` FOREIGN KEY (`id_permiso`) REFERENCES `permisos` (`id_permiso`),
  ADD CONSTRAINT `excepciones_ibfk_2` FOREIGN KEY (`id_usuario`) REFERENCES `usuarios` (`idUsuario`);

--
-- Filtros para la tabla `notificaciones`
--
ALTER TABLE `notificaciones`
  ADD CONSTRAINT `notificaciones_ibfk_1` FOREIGN KEY (`id_usuario`) REFERENCES `usuarios` (`idUsuario`);

--
-- Filtros para la tabla `permisos`
--
ALTER TABLE `permisos`
  ADD CONSTRAINT `permisos_ibfk_1` FOREIGN KEY (`id_modulo`) REFERENCES `modulos` (`id_modulo`);

--
-- Filtros para la tabla `permisos_rol`
--
ALTER TABLE `permisos_rol`
  ADD CONSTRAINT `permisos_rol_ibfk_1` FOREIGN KEY (`id_rol`) REFERENCES `roles` (`id_rol`) ON DELETE CASCADE,
  ADD CONSTRAINT `permisos_rol_ibfk_2` FOREIGN KEY (`id_permiso`) REFERENCES `permisos` (`id_permiso`);

--
-- Filtros para la tabla `respaldos`
--
ALTER TABLE `respaldos`
  ADD CONSTRAINT `respaldos_ibfk_1` FOREIGN KEY (`id_respaldo`) REFERENCES `usuarios` (`idUsuario`);

--
-- Filtros para la tabla `usuarios`
--
ALTER TABLE `usuarios`
  ADD CONSTRAINT `usuarios_ibfk_1` FOREIGN KEY (`id_rol`) REFERENCES `roles` (`id_rol`);
COMMIT;

/*!40101 SET CHARACTER_SET_CLIENT=@OLD_CHARACTER_SET_CLIENT */;
/*!40101 SET CHARACTER_SET_RESULTS=@OLD_CHARACTER_SET_RESULTS */;
/*!40101 SET COLLATION_CONNECTION=@OLD_COLLATION_CONNECTION */;
