-- phpMyAdmin SQL Dump
-- version 5.2.1
-- https://www.phpmyadmin.net/
--
-- Servidor: 127.0.0.1
-- Tiempo de generaciĆ³n: 07-07-2026 a las 00:27:03
-- VersiĆ³n del servidor: 10.4.28-MariaDB
-- VersiĆ³n de PHP: 8.2.4

SET SQL_MODE = "NO_AUTO_VALUE_ON_ZERO";
START TRANSACTION;
SET time_zone = "+00:00";


/*!40101 SET @OLD_CHARACTER_SET_CLIENT=@@CHARACTER_SET_CLIENT */;
/*!40101 SET @OLD_CHARACTER_SET_RESULTS=@@CHARACTER_SET_RESULTS */;
/*!40101 SET @OLD_COLLATION_CONNECTION=@@COLLATION_CONNECTION */;
/*!40101 SET NAMES utf8mb4 */;

--
-- Base de datos: `bds2`
--
CREATE DATABASE IF NOT EXISTS `bds2` DEFAULT CHARACTER SET utf8 COLLATE utf8_spanish_ci;
USE `bds2`;

-- --------------------------------------------------------

--
-- Estructura de tabla para la tabla `bitacora`
--

DROP TABLE IF EXISTS `bitacora`;
CREATE TABLE `bitacora` (
  `id_bitacora` int(11) NOT NULL,
  `id_modulo` int(11) NOT NULL,
  `acciones` varchar(255) NOT NULL,
  `datos_previos` varchar(255) NOT NULL,
  `datos_nuevos` varchar(255) NOT NULL,
  `entorno` varchar(50) NOT NULL,
  `fecha_hora` timestamp NOT NULL DEFAULT current_timestamp() ON UPDATE current_timestamp(),
  `idUsuario` int(11) NOT NULL
) ENGINE=InnoDB DEFAULT CHARSET=utf8 COLLATE=utf8_spanish_ci;

-- --------------------------------------------------------

--
-- Estructura de tabla para la tabla `excepciones`
--

DROP TABLE IF EXISTS `excepciones`;
CREATE TABLE `excepciones` (
  `id_excepcion` int(11) NOT NULL,
  `id_permiso` int(11) NOT NULL,
  `id_usuario` int(11) NOT NULL,
  `tipo` tinyint(4) NOT NULL DEFAULT 2
) ENGINE=InnoDB DEFAULT CHARSET=utf8 COLLATE=utf8_spanish_ci;

--
-- Volcado de datos para la tabla `excepciones`
--

INSERT INTO `excepciones` (`id_excepcion`, `id_permiso`, `id_usuario`, `tipo`) VALUES
(5, 4, 3, 0),
(6, 5, 3, 0),
(7, 6, 3, 0);

-- --------------------------------------------------------

--
-- Estructura de tabla para la tabla `modulos`
--

DROP TABLE IF EXISTS `modulos`;
CREATE TABLE `modulos` (
  `id_modulo` int(11) NOT NULL,
  `nombre_modulo` varchar(50) NOT NULL,
  `descripcion` varchar(100) NOT NULL,
  `icono` varchar(25) NOT NULL DEFAULT 'circle-minus',
  `estatus` tinyint(4) NOT NULL DEFAULT 1
) ENGINE=InnoDB DEFAULT CHARSET=utf8 COLLATE=utf8_spanish_ci;

--
-- Volcado de datos para la tabla `modulos`
--

INSERT INTO `modulos` (`id_modulo`, `nombre_modulo`, `descripcion`, `icono`, `estatus`) VALUES
(1, 'Usuarios', 'GestiĆ³n De Usuarios', 'users', 1),
(2, 'Roles', 'GestiĆ³n De Roles Y Perfiles', 'shield-user', 1),
(3, 'Bitacora', 'Registro de auditorĆ­a del sistema', 'notebook', 1),
(4, 'Inicio de Sesion', 'MĆ³dulo de acceso al sistema', 'circle-minus', 1),
(5, 'Cerrar Sesion', 'MĆ³dulo de salida del sistema', 'circle-minus', 1),
(8, 'Recuperacion De ContraseĆ±a', 'GestiĆ³n de recuperaciĆ³n de claves', 'circle-minus', 1),
(9, 'Representantes', 'GestiĆ³n de representantes', 'user-star', 1),
(10, 'Posiciones', 'GestiĆ³n de posiciones', 'land-plot', 1),
(11, 'Categorias', 'GestiĆ³n de categorĆ­as deportivas', 'bring-to-front', 1),
(12, 'Cargos', 'GestiĆ³n de cargos', 'hand-coins', 1),
(13, 'Pagos', 'GestiĆ³n de pagos', 'banknote', 1),
(14, 'Metodos de Pago', 'GestiĆ³n de mĆ©todos de pago', 'wallet', 1),
(15, 'Equipamientos', 'GestiĆ³n de equipamiento', 'boxes', 1),
(16, 'Catalogo', 'CatĆ”logo general', 'clipboard-pen-line', 1),
(17, 'Asignaciones', 'GestiĆ³n de asignaciones', 'list-plus', 1),
(18, 'Devoluciones', 'GestiĆ³n de devoluciones', 'list-restart', 1),
(19, 'Torneos', 'GestiĆ³n de torneos', 'hand-coins', 1),
(20, 'Equipos', 'GestiĆ³n de equipos', 'shield-half', 1),
(21, 'Premios', 'GestiĆ³n de premios', 'award', 1),
(22, 'Palmares', 'GestiĆ³n de palmarĆ©s', 'trophy', 1),
(23, 'Estadisticas', 'GestiĆ³n de estadĆ­sticas', 'chart-area', 1),
(99, 'IA', 'MĆ³dulo de Inteligencia Artificial', 'bot-message-square', 1),
(100, 'Atletas', 'GestiĆ³n de atletas', 'circle-star', 1),
(101, 'Conceptos de Cargos', 'DefiniciĆ³n de conceptos contables', 'receipt', 1),
(102, 'Monedas', 'GestiĆ³n de tipos de moneda', 'coins', 1),
(103, 'Categoria de Equipamiento', 'GestiĆ³n de categorĆ­as de equipo', 'layers-plus', 1),
(104, 'Calidad', 'GestiĆ³n de control de calidad', 'badge-check', 1),
(105, 'Participaciones', 'GestiĆ³n de participaciones', 'shield-check', 1),
(106, 'Respaldo BD', 'GestiĆ³n de respaldos de base de datos', 'server-cog', 1),
(107, 'Reportes', 'GeneraciĆ³n de reportes', 'chart-column-stacked', 1),
(109, 'Permisos', 'Gestionar los permisos de los usuarios', 'user-key', 1),
(110, 'Tasa de Cambio', 'Gestionar las tasa de cambios', 'arrow-left-right', 1),
(112, 'Modulos', 'Gestion de modulos del sistema', 'component', 1);

-- --------------------------------------------------------

--
-- Estructura de tabla para la tabla `notificaciones`
--

DROP TABLE IF EXISTS `notificaciones`;
CREATE TABLE `notificaciones` (
  `id_notificacion` int(11) NOT NULL,
  `id_usuario` int(11) NOT NULL,
  `titulo` varchar(100) NOT NULL,
  `mensaje` text NOT NULL,
  `tipo` tinyint(4) NOT NULL,
  `creado_en` timestamp NOT NULL DEFAULT current_timestamp(),
  `estatus` tinyint(4) NOT NULL DEFAULT 1
) ENGINE=InnoDB DEFAULT CHARSET=utf8 COLLATE=utf8_spanish_ci;

-- --------------------------------------------------------

--
-- Estructura de tabla para la tabla `permisos`
--

DROP TABLE IF EXISTS `permisos`;
CREATE TABLE `permisos` (
  `id_permiso` int(11) NOT NULL,
  `id_modulo` int(11) NOT NULL,
  `nombre` varchar(100) NOT NULL,
  `clave` varchar(50) NOT NULL,
  `descripcion` varchar(100) NOT NULL DEFAULT 'Sin DescripciĆ³n ',
  `estatus` tinyint(4) NOT NULL DEFAULT 1
) ENGINE=InnoDB DEFAULT CHARSET=utf8 COLLATE=utf8_spanish_ci;

--
-- Volcado de datos para la tabla `permisos`
--

INSERT INTO `permisos` (`id_permiso`, `id_modulo`, `nombre`, `clave`, `descripcion`, `estatus`) VALUES
(1, 100, 'Registrar Atleta', 'incluir_atleta', 'Permitir El Registro Del Atleta En El Club', 1),
(2, 100, 'Retirar Atleta', 'retirar_atleta', 'Sin DescripciĆ³n ', 1),
(3, 100, 'Ingresar A Atletas', 'ingresar_atleta', 'Poder Ingresar Al Modulo De Atletas', 1),
(4, 9, 'Registrar Representante', 'registrar_representante', 'Sin DescripciĆ³n ', 1),
(5, 9, 'Modificar Representante', 'modificar_representante', 'Permitir La Modificacion De Un Representante Ya Ex', 1),
(6, 9, 'Eliminar Representante', 'eliminar_representante', 'Permitir La Modificacion De Un Representante Ya Ex', 1),
(7, 9, 'Ingresar A Representantes', 'ingresar_representantes', 'Permitir El Ingreso Al Modulo De Representantes', 1),
(8, 9, 'Generar Reporte De Representantes', 'generar_representante', 'Permitir Generar Un Reporte Sobre Los Representant', 1),
(9, 109, 'Ingresar A Permisos', 'ingresar_permisos', 'Permitir El Ingreso Al Modulo De Permisos', 1),
(10, 109, 'Registrar Permisos', 'registrar_permisos', 'Permitir El Registro De Un Nuevo Permiso', 1),
(11, 109, 'Modificar Permisos', 'modificar_permisos', 'Permitir La Modificacion De Los Permisos', 1),
(12, 109, 'Bloquear Permisos', 'bloquear_permisos', 'Permitir El Bloque De Los Permisos Para Que No Pueda Ser Accesible Por Ningun Usuario', 1),
(13, 10, 'Ingresar A Posiciones', 'ingresar_posiciones', 'Sin DescripciĆ³n ', 1),
(14, 100, 'Modificar Atletas', 'modificar_atleta', 'Sin DescripciĆ³n ', 1),
(15, 100, 'Generar Corriculum', 'curriculum_atleta', 'Sin DescripciĆ³n ', 1),
(16, 100, 'Generar Reporte De Atletas', 'generar_atletas', 'Sin DescripciĆ³n', 1),
(17, 100, 'Reinscribir Atletas', 'reinscribir_atleta', 'Sin DescripciĆ³n ', 1),
(18, 10, 'Registrar Posiciones', 'registrar_posicion', 'Sin DescripciĆ³n ', 1),
(19, 10, 'Eliminar Posiciones', 'eliminar_posicion', 'Sin DescripciĆ³n ', 1),
(20, 10, 'Modificar Posiciones', 'modificar_posicion', 'Sin DescripciĆ³n ', 1),
(21, 10, 'Generar Reporte De Posiciones', 'generar_posiciones', 'Sin DescripciĆ³n ', 1),
(22, 12, 'Ingresar A Cargos', 'ingresar_cargo', 'Sin DescripciĆ³n ', 1),
(23, 12, 'Registrar Cargos', 'registrar_cargo', 'Sin DescripciĆ³n ', 1),
(24, 12, 'Modificar Cargos', 'modificar_cargo', 'Sin DescripciĆ³n ', 1),
(25, 12, 'Anular Cargos', 'anular_cargo', 'Sin DescripciĆ³n', 1),
(26, 12, 'Generar Reporte De Cargos', 'generar_cargo', 'Sin DescripciĆ³n ', 1),
(27, 13, 'Ingresar A Pagos', 'ingresar_pago', 'Sin DescripciĆ³n ', 1),
(28, 13, 'Registrar Pagos', 'registrar_pago', 'Sin DescripciĆ³n ', 1),
(29, 13, 'Anular Pagos', 'anular_pago', 'Sin DescripciĆ³n ', 1),
(30, 13, 'Generar Reporte De Pagos', 'generar_pago', 'Sin DescripciĆ³n ', 1),
(31, 14, 'Ingresar A Metodos De Pago', 'ingresar_metodop', 'Sin DescripciĆ³n ', 1),
(32, 14, 'Registrar Metodos De Pago', 'registrar_metodosp', 'Sin DescripciĆ³n ', 1),
(33, 14, 'Modificar Metodo De Pago', 'modificar_metodop', 'Sin DescripciĆ³n ', 1),
(34, 14, 'Eliminar Metodos De Pago', 'eliminar_metodop', 'Sin DescripciĆ³n ', 1),
(35, 14, 'Bloquear Metodos De Pago', 'bloquear_metodop', 'Sin DescripciĆ³n ', 1),
(36, 14, 'Generar Reportes De Metodos De Pago', 'generar_metodop', 'Sin DescripciĆ³n ', 1),
(37, 102, 'Ingresar A Monedas', 'ingresar_moneda', 'Sin DescripciĆ³n ', 1),
(38, 102, 'Registrar Monedas', 'registrar_moneda', 'Sin DescripciĆ³n ', 1),
(39, 102, 'Modificar Monedas', 'modificar_moneda', 'Sin DescripciĆ³n ', 1),
(40, 102, 'Eliminar Monedas', 'elimina_moneda', 'Sin DescripciĆ³n ', 1),
(41, 102, 'Bloquear Monedas', 'bloquear_moneda', 'Sin DescripciĆ³n ', 1),
(42, 102, 'Asignar Moneda Base', 'asignar_moneda', 'Sin DescripciĆ³n ', 1),
(43, 102, 'Generar Reportes De Moneda', 'generar_moneda', 'Sin DescripciĆ³n ', 1),
(44, 110, 'Ingresar A Tasa De Cambio', 'ingresar_tasa', 'Permitir El Ingreso Al Modulo De Tasa De Cambio', 1),
(45, 110, 'Sincronizar Tasa De Cambio', 'sincronizar_tasa', 'Permitir Sincronizar La Tasa De Cambio Del Dia De Forma Automatica', 1),
(46, 110, 'Registrar Tasa De Cambio', 'registrar_tasa', 'Permitir El Registro De Una Tasa Personalizada', 1),
(47, 11, 'Ingresar A Categorias', 'ingresar_categorias', 'Ingreso A Categorias', 1),
(48, 11, 'Registrar Categorias', 'registrar_categoria', 'Sin DescripciĆ³n ', 1),
(49, 11, 'Modificar Categorias', 'modificar_categoria', 'Sin DescripciĆ³n ', 1),
(50, 11, 'Eliminar Categorias', 'eliminar_categoria', 'Sin DescripciĆ³n ', 1),
(51, 11, 'Generar Reportar', 'generar_categoria', 'Sin DescripciĆ³n ', 1),
(52, 19, 'Ingresar A Torneos', 'ingresar_torneos', 'Permiso Para Poder Ingresar A Torneos', 1),
(53, 19, 'Registrar Torneo', 'registrar_torneo', 'Registrar Los Torneos', 1),
(54, 19, 'Modificar Torneo', 'modificar_torneo', 'Modificar Los Torneos Registrados', 1),
(55, 19, 'Eliminar Torneo', 'eliminar_torneo', 'Eliminar Los Torneos Registrados', 1),
(56, 101, 'Ingresar A Conceptos', 'ingresar_conceptos', 'Sin DescripciĆ³n ', 1),
(57, 101, 'Registrar Conceptos', 'registrar_concepto', 'Sin DescripciĆ³n ', 1),
(58, 101, 'Modificar Conceptos', 'modificar_concepto', 'Sin DescripciĆ³n ', 1),
(59, 101, 'Eliminar Conceptos', 'eliminar_concepto', 'Sin DescripciĆ³n', 1),
(60, 101, 'Generar Reporte De Conceptos De Cargo', 'generar_concepto', 'Sin DescripciĆ³n ', 1),
(61, 19, 'Generar Reportes De Torneos', 'generar_torneos', 'Sin DescripciĆ³n ', 1),
(62, 101, 'Bloquear Concepto', 'bloquear_concepto', 'Sin DescripciĆ³n ', 1);

-- --------------------------------------------------------

--
-- Estructura de tabla para la tabla `permisos_rol`
--

DROP TABLE IF EXISTS `permisos_rol`;
CREATE TABLE `permisos_rol` (
  `id_permiso_rol` int(11) NOT NULL,
  `id_permiso` int(11) NOT NULL,
  `id_rol` int(11) NOT NULL
) ENGINE=InnoDB DEFAULT CHARSET=utf8 COLLATE=utf8_spanish_ci;

--
-- Volcado de datos para la tabla `permisos_rol`
--

INSERT INTO `permisos_rol` (`id_permiso_rol`, `id_permiso`, `id_rol`) VALUES
(11, 4, 4),
(12, 5, 4),
(13, 6, 4),
(14, 7, 4),
(15, 8, 4);

-- --------------------------------------------------------

--
-- Estructura de tabla para la tabla `respaldos`
--

DROP TABLE IF EXISTS `respaldos`;
CREATE TABLE `respaldos` (
  `id_respaldo` int(11) NOT NULL,
  `id_usuario` int(11) DEFAULT NULL,
  `nombre_archivo` varchar(100) DEFAULT NULL,
  `peso` varchar(20) DEFAULT NULL,
  `fecha_creacion` datetime DEFAULT NULL
) ENGINE=InnoDB DEFAULT CHARSET=utf8 COLLATE=utf8_spanish_ci;

-- --------------------------------------------------------

--
-- Estructura de tabla para la tabla `roles`
--

DROP TABLE IF EXISTS `roles`;
CREATE TABLE `roles` (
  `id_rol` int(11) NOT NULL,
  `nombre_rol` varchar(35) NOT NULL,
  `descripcion` varchar(50) DEFAULT 'Sin Descripcin',
  `nivel_rol` tinyint(4) NOT NULL DEFAULT 3,
  `estatus` tinyint(4) NOT NULL DEFAULT 1
) ENGINE=InnoDB DEFAULT CHARSET=utf8 COLLATE=utf8_spanish_ci;

--
-- Volcado de datos para la tabla `roles`
--

INSERT INTO `roles` (`id_rol`, `nombre_rol`, `descripcion`, `nivel_rol`, `estatus`) VALUES
(1, 'Superusuario', 'Acceso A Todo El Sistema', 1, 1),
(4, 'Contador', 'Maneja El Area Contable Del Club', 3, 1);

-- --------------------------------------------------------

--
-- Estructura de tabla para la tabla `usuarios`
--

DROP TABLE IF EXISTS `usuarios`;
CREATE TABLE `usuarios` (
  `idUsuario` int(11) NOT NULL,
  `cedulaUsuario` varchar(10) NOT NULL,
  `nombreUsuario` varchar(35) NOT NULL,
  `apellidoUsuario` varchar(35) NOT NULL,
  `foto` varchar(255) NOT NULL DEFAULT 'default.png',
  `telefonoUsuario` varchar(15) NOT NULL,
  `pass_hash` varchar(255) NOT NULL,
  `correo` varchar(60) NOT NULL,
  `id_rol` int(11) NOT NULL,
  `ultimo_ingreso` datetime DEFAULT NULL,
  `intentos_fallidos` int(11) NOT NULL DEFAULT 0,
  `estatus` tinyint(4) NOT NULL DEFAULT 1,
  `bloqueo` tinyint(4) NOT NULL DEFAULT 1
) ENGINE=InnoDB DEFAULT CHARSET=utf8 COLLATE=utf8_spanish_ci;

--
-- Volcado de datos para la tabla `usuarios`
--

INSERT INTO `usuarios` (`idUsuario`, `cedulaUsuario`, `nombreUsuario`, `apellidoUsuario`, `foto`, `telefonoUsuario`, `pass_hash`, `correo`, `id_rol`, `ultimo_ingreso`, `intentos_fallidos`, `estatus`, `bloqueo`) VALUES
(1, '12345678', 'Admin', 'Admin', 'default.png', '1234-5678909', '$2y$10$jIi5Y2TlNk61pSslaz3QW.aBfFfqF0vT1aVSA5sjCDNvVpV/YiAMm', 'admin@gmail.com', 1, '2026-07-06 18:02:56', 0, 1, 1),
(3, '29506932', 'Moises', 'Torrellas', 'default.png', '0023-2323232', '$2y$10$5iUNe57cdVOn3lV23254OOyB3S0GEiqfeXgsPFUtaF/ZQ/kp8YlNS', 'moitcj@gmail.com', 4, '2026-07-05 19:23:52', 0, 1, 1);

--
-- Ćndices para tablas volcadas
--

--
-- Indices de la tabla `bitacora`
--
ALTER TABLE `bitacora`
  ADD PRIMARY KEY (`id_bitacora`),
  ADD KEY `idUsuario` (`idUsuario`),
  ADD KEY `id_modulo` (`id_modulo`);

--
-- Indices de la tabla `excepciones`
--
ALTER TABLE `excepciones`
  ADD PRIMARY KEY (`id_excepcion`),
  ADD KEY `id_permiso` (`id_permiso`),
  ADD KEY `id_usuario` (`id_usuario`);

--
-- Indices de la tabla `modulos`
--
ALTER TABLE `modulos`
  ADD PRIMARY KEY (`id_modulo`);

--
-- Indices de la tabla `notificaciones`
--
ALTER TABLE `notificaciones`
  ADD PRIMARY KEY (`id_notificacion`),
  ADD KEY `id_usuario` (`id_usuario`);

--
-- Indices de la tabla `permisos`
--
ALTER TABLE `permisos`
  ADD PRIMARY KEY (`id_permiso`),
  ADD KEY `id_modulo` (`id_modulo`);

--
-- Indices de la tabla `permisos_rol`
--
ALTER TABLE `permisos_rol`
  ADD PRIMARY KEY (`id_permiso_rol`),
  ADD KEY `id_rol` (`id_rol`),
  ADD KEY `id_permiso` (`id_permiso`);

--
-- Indices de la tabla `respaldos`
--
ALTER TABLE `respaldos`
  ADD PRIMARY KEY (`id_respaldo`);

--
-- Indices de la tabla `roles`
--
ALTER TABLE `roles`
  ADD PRIMARY KEY (`id_rol`);

--
-- Indices de la tabla `usuarios`
--
ALTER TABLE `usuarios`
  ADD PRIMARY KEY (`idUsuario`),
  ADD UNIQUE KEY `cedulaUsuario` (`cedulaUsuario`),
  ADD UNIQUE KEY `correo` (`correo`),
  ADD KEY `id_rol` (`id_rol`);

--
-- AUTO_INCREMENT de las tablas volcadas
--

--
-- AUTO_INCREMENT de la tabla `bitacora`
--
ALTER TABLE `bitacora`
  MODIFY `id_bitacora` int(11) NOT NULL AUTO_INCREMENT;

--
-- AUTO_INCREMENT de la tabla `excepciones`
--
ALTER TABLE `excepciones`
  MODIFY `id_excepcion` int(11) NOT NULL AUTO_INCREMENT, AUTO_INCREMENT=8;

--
-- AUTO_INCREMENT de la tabla `modulos`
--
ALTER TABLE `modulos`
  MODIFY `id_modulo` int(11) NOT NULL AUTO_INCREMENT, AUTO_INCREMENT=113;

--
-- AUTO_INCREMENT de la tabla `notificaciones`
--
ALTER TABLE `notificaciones`
  MODIFY `id_notificacion` int(11) NOT NULL AUTO_INCREMENT;

--
-- AUTO_INCREMENT de la tabla `permisos`
--
ALTER TABLE `permisos`
  MODIFY `id_permiso` int(11) NOT NULL AUTO_INCREMENT, AUTO_INCREMENT=63;

--
-- AUTO_INCREMENT de la tabla `permisos_rol`
--
ALTER TABLE `permisos_rol`
  MODIFY `id_permiso_rol` int(11) NOT NULL AUTO_INCREMENT, AUTO_INCREMENT=16;

--
-- AUTO_INCREMENT de la tabla `respaldos`
--
ALTER TABLE `respaldos`
  MODIFY `id_respaldo` int(11) NOT NULL AUTO_INCREMENT;

--
-- AUTO_INCREMENT de la tabla `roles`
--
ALTER TABLE `roles`
  MODIFY `id_rol` int(11) NOT NULL AUTO_INCREMENT, AUTO_INCREMENT=5;

--
-- AUTO_INCREMENT de la tabla `usuarios`
--
ALTER TABLE `usuarios`
  MODIFY `idUsuario` int(11) NOT NULL AUTO_INCREMENT, AUTO_INCREMENT=4;

--
-- Restricciones para tablas volcadas
--

--
-- Filtros para la tabla `bitacora`
--
ALTER TABLE `bitacora`
  ADD CONSTRAINT `bitacora_ibfk_1` FOREIGN KEY (`idUsuario`) REFERENCES `usuarios` (`idUsuario`),
  ADD CONSTRAINT `bitacora_ibfk_2` FOREIGN KEY (`id_modulo`) REFERENCES `modulos` (`id_modulo`);

--
-- Filtros para la tabla `excepciones`
--
ALTER TABLE `excepciones`
  ADD CONSTRAINT `excepciones_ibfk_1` FOREIGN KEY (`id_permiso`) REFERENCES `permisos` (`id_permiso`),
  ADD CONSTRAINT `excepciones_ibfk_2` FOREIGN KEY (`id_usuario`) REFERENCES `usuarios` (`idUsuario`);

--
-- Filtros para la tabla `notificaciones`
--
ALTER TABLE `notificaciones`
  ADD CONSTRAINT `notificaciones_ibfk_1` FOREIGN KEY (`id_usuario`) REFERENCES `usuarios` (`idUsuario`);

--
-- Filtros para la tabla `permisos`
--
ALTER TABLE `permisos`
  ADD CONSTRAINT `permisos_ibfk_1` FOREIGN KEY (`id_modulo`) REFERENCES `modulos` (`id_modulo`);

--
-- Filtros para la tabla `permisos_rol`
--
ALTER TABLE `permisos_rol`
  ADD CONSTRAINT `permisos_rol_ibfk_1` FOREIGN KEY (`id_rol`) REFERENCES `roles` (`id_rol`) ON DELETE CASCADE,
  ADD CONSTRAINT `permisos_rol_ibfk_2` FOREIGN KEY (`id_permiso`) REFERENCES `permisos` (`id_permiso`);

--
-- Filtros para la tabla `respaldos`
--
ALTER TABLE `respaldos`
  ADD CONSTRAINT `respaldos_ibfk_1` FOREIGN KEY (`id_respaldo`) REFERENCES `usuarios` (`idUsuario`);

--
-- Filtros para la tabla `usuarios`
--
ALTER TABLE `usuarios`
  ADD CONSTRAINT `usuarios_ibfk_1` FOREIGN KEY (`id_rol`) REFERENCES `roles` (`id_rol`);
COMMIT;

/*!40101 SET CHARACTER_SET_CLIENT=@OLD_CHARACTER_SET_CLIENT */;
/*!40101 SET CHARACTER_SET_RESULTS=@OLD_CHARACTER_SET_RESULTS */;
/*!40101 SET COLLATION_CONNECTION=@OLD_COLLATION_CONNECTION */;
